{"type":"FeatureCollection","features":[{"type":"Feature","properties":{"district_id":"barisal_barguna","division":"Barisal","district":"Barguna"},"geometry":{"type":"MultiPolygon","coordinates":[[[[89.98623699900008,21.95710900000012],[89.98325299900011,21.95642499900009],[89.983582,21.95403500000015],[89.98623699900008,21.95710900000012]]],[[[89.986961,22.035561],[90.0146710000002,21.983677000000114],[90.05644989100011,21.97776985200005],[90.08702850400005,22.061082839000164],[90.15528106699998,22.124999999000124],[90.205039979,22.126752854000074],[90.23000335600005,22.19194412300004],[90.2105331410001,22.222364426000016],[90.15873718200004,22.249282838000056],[90.14344024700011,22.289783478000174],[90.15939300000014,22.32160000000016],[90.13826751700003,22.343101501999968],[90.17594146800013,22.324300766000135],[90.1683883660001,22.33861732400004],[90.19491577200017,22.413610458],[90.21133399000001,22.418165142000078],[90.24032592700013,22.485040665000156],[90.19199371300004,22.478652953999983],[90.17610900000017,22.429171000000164],[90.09805297800006,22.34555816700015],[90.11332700000014,22.281113],[90.08721900000018,22.26],[90.087776,22.24722300000019],[90.074997,22.21611000000019],[90.0250020000002,22.19528],[90.073608,22.16083],[90.03444700000011,22.128887000000134],[90.02748900000012,22.05139],[89.986961,22.035561]]],[[[89.913086,22.002804000000136],[89.91805300000016,22.001110000000153],[89.91111000000012,22.006947],[89.913086,22.002804000000136]]],[[[89.98013305700005,22.04585838300011],[90.02305600000017,22.081673],[90.020279,22.135000000000158],[90.0608370000001,22.161945000000117],[90.023613,22.174170000000174],[90.01667,22.195],[90.06888600000013,22.219450000000112],[90.09583282400007,22.283332826000105],[90.10415649400005,22.31221962000012],[90.079460144,22.352653504000045],[90.04985046400003,22.33621025100013],[90.05316925000005,22.314964295000095],[90.02420044000013,22.293663025000114],[90.02915194600001,22.259458748000046],[90.01864624000012,22.23043060200007],[89.997573935,22.228429888000047],[89.9909744260001,22.19886398300008],[89.96747589200004,22.22062492500009],[89.9576339730001,22.17142105200009],[89.90641021800013,22.158523560000162],[89.90055800000016,22.070829000000174],[89.931427,21.968811],[89.956718,21.946724],[89.98848700000019,21.965771],[89.97171,22.01635],[89.98013305700005,22.04585838300011]]],[[[89.90770700000013,22.026056],[89.895836,22.033611],[89.893608,22.02],[89.898331,22.01110800000015],[89.90770700000013,22.026056]]],[[[89.896111,22.04389],[89.90389300100016,22.054445000999976],[89.898056,22.0600109990001],[89.896111,22.04389]]],[[[90.020279,22.0600109990001],[90.02249900100014,22.0536120000001],[90.02305600000017,22.060833001000105],[90.020279,22.0600109990001]]],[[[90.0319520000001,22.127466000000137],[90.03304299900003,22.126654],[90.03328699900015,22.127768],[90.0319520000001,22.127466000000137]]],[[[90.01583100099998,22.06306800100009],[90.013611,22.061110001000092],[90.01638800000018,22.062498],[90.01583100099998,22.06306800100009]]],[[[90.018059,22.063334000000168],[90.01833300000017,22.060833000000173],[90.01972200000017,22.063612],[90.018059,22.063334000000168]]],[[[89.87098700000018,22.065758000000184],[89.886108,22.076944],[89.886108,22.090834],[89.879723,22.08667],[89.87098700000018,22.065758000000184]]],[[[90.10726165700005,21.89479446400009],[90.11389160200014,21.925449371000074],[90.143692017,21.929822921000095],[90.1325531,21.95280075000016],[90.15194702100018,21.98091125499997],[90.1919784540001,21.982044220000034],[90.17857360900007,22.02141380300009],[90.20244598500017,22.0218811040001],[90.21131134000014,22.049280166000134],[90.18704223600008,22.06546783500005],[90.18642425600012,22.0851116180001],[90.19982131900002,22.091941876000195],[90.20686340400016,22.069211960000132],[90.23301696700008,22.062145234000013],[90.22637176600011,22.04793167000014],[90.23927307100007,22.044511795000062],[90.22106170700016,22.03460693300013],[90.24843597500006,22.02021408100012],[90.27637481700015,22.03088569700009],[90.28916931100008,22.05666160700008],[90.27926635700015,22.064569473000176],[90.31481170700005,22.091972351000155],[90.32899475,22.08521461500004],[90.34649658200004,22.11014747600018],[90.336479,22.164984],[90.37191772400018,22.19774055500005],[90.3510818470001,22.196296692000033],[90.35961151200019,22.231567383000026],[90.32839965900007,22.24538803100012],[90.33399963400007,22.263479233000055],[90.286972,22.235041000000138],[90.289879,22.257845001000188],[90.24424700000014,22.260134000000107],[90.232063,22.23562],[90.22512100000017,22.232567],[90.23231500000014,22.226517],[90.2396620000002,22.18979100000018],[90.21731567400008,22.121944428000177],[90.188583,22.106151999000076],[90.15837099900006,22.114535999000115],[90.09175109800003,22.044351578000033],[90.069366,21.968401],[90.031052,21.947786],[90.02383422800006,21.88435173000005],[90.04508972100007,21.86594009500016],[90.07331848100017,21.860679626000035],[90.10726165700005,21.89479446400009]]],[[[90.0248180010002,21.921431],[90.0234600010001,21.919010001],[90.02617600100012,21.919884001000067],[90.0248180010002,21.921431]]],[[[90.03038800000019,21.94833200000011],[90.027634,21.946369],[90.02829700000018,21.944324000000105],[90.03038800000019,21.94833200000011]]],[[[90.08110800000014,22.243891000000193],[90.08055900000016,22.236111],[90.081947,22.24389100000019],[90.08110800000014,22.243891000000193]]],[[[90.0824970000001,22.24749900000012],[90.083885,22.243889],[90.08472400000016,22.24805800000018],[90.0824970000001,22.24749900000012]]],[[[90.086945,22.250834000000168],[90.08555600000011,22.248611],[90.08611300000018,22.248611],[90.086945,22.250834000000168]]],[[[90.04444100000013,22.17639000000014],[90.03805500100009,22.184723],[90.02305600000017,22.18778],[90.0283280000001,22.178329000000193],[90.04444100000013,22.17639000000014]]],[[[90.02333099900005,22.189443999000165],[90.02999900000015,22.188334],[90.02249900100014,22.19111100100002],[90.02333099900005,22.189443999000165]]],[[[90.22444200000012,22.218611001000056],[90.22582999900015,22.215000000000146],[90.22333500100012,22.219722999000055],[90.22444200000012,22.218611001000056]]],[[[90.23092651400003,22.22412681600002],[90.22962200000012,22.222502],[90.23110961800006,22.22449493400012],[90.23092651400003,22.22412681600002]]],[[[90.22833300000019,22.23638700000015],[90.228271,22.236488000000126],[90.22804260200013,22.236387253000032],[90.22833300000019,22.23638700000015]]],[[[90.10055500000016,22.275276000000137],[90.10611,22.280277000000183],[90.106392,22.281389],[90.10055500000016,22.275276000000137]]],[[[90.09972400000015,22.279167],[90.108611999,22.29249800100018],[90.10333300000013,22.295000001000062],[90.09972400000015,22.279167]]],[[[90.104446,22.296112000000164],[90.106941,22.296944],[90.107224,22.298332000000133],[90.104446,22.296112000000164]]]]}},{"type":"Feature","properties":{"district_id":"barisal_barisal","division":"Barisal","district":"Barisal"},"geometry":{"type":"MultiPolygon","coordinates":[[[[90.433052063,22.45888900700015],[90.43250300100004,22.511944001000188],[90.40416717500018,22.49138832000017],[90.37999725200007,22.50666618400004],[90.38500213700019,22.488054276000188],[90.433052063,22.45888900700015]]],[[[90.458054,22.524166],[90.45055389400011,22.57805633600015],[90.508888244,22.590555192000128],[90.50276900100005,22.696112001000188],[90.47235870300011,22.650373460000026],[90.45673370300011,22.645328521000128],[90.44303894100017,22.64362144400019],[90.44941711500013,22.631797790000178],[90.42765808100012,22.61309433100007],[90.44389343400007,22.61330986100018],[90.44803619300006,22.609149933000023],[90.41004181000011,22.57695007400008],[90.40348815800019,22.57763862700011],[90.39231109700006,22.592922211000086],[90.38583374100006,22.588331223],[90.36833190800014,22.592777252000133],[90.34416961600004,22.61222267200003],[90.3636093140002,22.57861137500015],[90.337502,22.546667000000188],[90.353058,22.545834000000184],[90.35472106999998,22.539722443000134],[90.34722137400013,22.526111603],[90.36057281500001,22.52366066000019],[90.36583709600012,22.518611908000082],[90.35610962000015,22.49611282400008],[90.381668091,22.488611222000088],[90.37916564900007,22.50861168000006],[90.40305328300019,22.494722367000065],[90.408821,22.509903000000183],[90.458054,22.524166]]],[[[90.34529876600004,22.525825501000156],[90.33527400000014,22.546114],[90.34714508000002,22.575708389000113],[90.31120300300006,22.57832336400003],[90.30480957100009,22.559236527000056],[90.28286743100017,22.561222077000025],[90.27919769400006,22.542747497000164],[90.20221710200013,22.49917030300003],[90.19199371300004,22.478652953999983],[90.24032592700013,22.485040665000156],[90.23038482700008,22.45308494600016],[90.27260589500008,22.474580765000155],[90.34666442800007,22.47083473200007],[90.36385345500003,22.517145157000133],[90.34529876600004,22.525825501000156]]],[[[90.32711791900005,22.6593437200001],[90.37360382000008,22.63781738200015],[90.34389495800008,22.629299165000077],[90.37973022500006,22.609769822000086],[90.38018035800013,22.591840745000184],[90.3944625850001,22.594133377000166],[90.40791320800002,22.57785224900005],[90.44646453900009,22.609207154000106],[90.4255981440001,22.613027573000068],[90.44705963200005,22.631517411000118],[90.44173431500019,22.645782470000142],[90.46933700000011,22.650358000000153],[90.50469199899999,22.700998001000187],[90.46322599900014,22.751842001000057],[90.43572199900012,22.755978],[90.44000199900006,22.731112],[90.43280800100007,22.724195],[90.4184340000001,22.74620800000014],[90.437706,22.767122],[90.416481,22.797199],[90.438889,22.792500000000132],[90.45072936900016,22.848163606000014],[90.454338,22.81057],[90.473587,22.811239],[90.45620700100005,22.808693],[90.457047,22.79034800000011],[90.45789300100012,22.806133000000163],[90.48511500000012,22.776613000000168],[90.518616,22.709469000000183],[90.52996800000011,22.756622],[90.53902400000015,22.749386000000186],[90.55776200000014,22.76787],[90.541504,22.70887800000014],[90.56034900000014,22.706261000000154],[90.56055500000014,22.724224000000167],[90.566711,22.70281],[90.573105,22.734411000000136],[90.559311,22.765997],[90.572319,22.798334],[90.53817,22.776121000000103],[90.50111400000014,22.799997000000133],[90.542503,22.793612000000163],[90.661086614,22.848918638000157],[90.630554,22.872778],[90.5347210000001,22.889999000000103],[90.487778,22.84444400000012],[90.49778,22.838333],[90.49749755800008,22.828056336000092],[90.50861358700013,22.82250022900019],[90.50777435200007,22.815002442000036],[90.4947130000001,22.804455],[90.506943,22.81972300000018],[90.48353576600005,22.816610337000103],[90.47833299900009,22.842777],[90.49500300000011,22.86777700000016],[90.48616,22.872452],[90.529999,22.89889000000017],[90.527779,22.9154400000001],[90.54083251900016,22.91416740400018],[90.5377810010001,22.900555],[90.56472000000014,22.9025],[90.59222400000016,22.92750000000018],[90.58766200000014,22.981382000000114],[90.5701220000002,22.985838],[90.578461,22.991110000000162],[90.55803700000018,23.01184500000016],[90.558624,23.036079000000143],[90.50472299900008,23.017502000000153],[90.43528000100014,23.006945],[90.42012024000019,22.99321556100017],[90.40129852300015,23.001388551000165],[90.42141723600002,23.04009437500008],[90.33020782400018,23.05806541400011],[90.31575012200017,23.05287933400018],[90.32944488600015,23.007350923],[90.32059478800011,22.98227310300001],[90.25660705500007,22.96431922900007],[90.22988891600016,22.979490280000107],[90.23834228500016,23.036943437000165],[90.22060394300009,23.06517982500003],[90.20086669800014,23.05379295400013],[90.16448974600013,23.067483903000042],[90.1351623540001,23.050252916000147],[90.12667083700012,23.005699158000024],[90.09477996700008,23.00684165900015],[90.08378601200019,22.981069564],[90.05824279800004,22.97128486600008],[90.05701446500014,22.932201386000145],[90.03400421200007,22.932516099000168],[90.01770782500006,22.87705612200017],[90.03475189200009,22.865680694000105],[90.02774047800011,22.81754684400005],[90.054443359,22.826900482000042],[90.05107879700017,22.810249329000154],[90.07672882100007,22.78482055800015],[90.16680145200007,22.760524749000126],[90.16816711400014,22.74740028399998],[90.1994094850001,22.784929275000028],[90.22393035900018,22.753543855000032],[90.25545501600006,22.752445221000073],[90.2738571160001,22.690114975000142],[90.3198928830002,22.673364640000045],[90.32090759300013,22.647308349000184],[90.32711791900005,22.6593437200001]]],[[[90.51578521800013,22.559896470000012],[90.53947391200006,22.563373973000072],[90.51432800200013,22.582422256000086],[90.45288086000012,22.572168351000126],[90.46666717599999,22.530834199000143],[90.50119018600009,22.54685974200015],[90.51413726800018,22.534910202000162],[90.52872467100019,22.547250748000184],[90.51578521800013,22.559896470000012]]],[[[90.5177759990001,22.665001],[90.51805900100004,22.660277999000186],[90.51916499900005,22.665833001000067],[90.5177759990001,22.665001]]],[[[90.518333,22.669445],[90.514999,22.66750100000019],[90.51694500000013,22.666666000000188],[90.518333,22.669445]]],[[[90.51777600000014,22.672247],[90.51694500000013,22.676111],[90.51694500000013,22.672222000000147],[90.51777600000014,22.672247]]],[[[90.528542,22.683056],[90.53916900100018,22.698245999],[90.53398900000013,22.685444],[90.55519093900011,22.688596924000024],[90.53520999900019,22.71055600100016],[90.520203,22.703333],[90.525482,22.68916500000012],[90.52437600000019,22.68694300000016],[90.519653,22.702499000000103],[90.51464800000014,22.700001],[90.51715100000013,22.681944],[90.528542,22.683056]]],[[[90.445557,22.760834],[90.455833,22.770555],[90.44278000000014,22.763613000000134],[90.445557,22.760834]]],[[[90.48865500000011,22.763844],[90.461266,22.785072000000184],[90.485992,22.749910000000174],[90.48865500000011,22.763844]]],[[[90.46265400000016,22.785318],[90.4609990000002,22.789499],[90.45652000000013,22.788679000000172],[90.46265400000016,22.785318]]],[[[90.621109,22.878611],[90.61528000000015,22.88222100000013],[90.61360900000011,22.878887000000134],[90.621109,22.878611]]],[[[90.62299300000014,22.886850000000152],[90.620262,22.884911000000102],[90.62012500000014,22.88397],[90.62299300000014,22.886850000000152]]],[[[90.611946,22.893888000000175],[90.601944,22.895555000000112],[90.603058,22.885],[90.611946,22.893888000000175]]],[[[90.598892,22.884167],[90.60138700000017,22.90361],[90.5816650000001,22.893888000000175],[90.576111,22.895277000000192],[90.57360800000015,22.888889000000123],[90.598892,22.884167]]],[[[90.4483340000001,22.774445000000185],[90.43138900100007,22.787498],[90.439445,22.767221],[90.4483340000001,22.774445000000185]]],[[[90.44033100000019,22.790913000000103],[90.442627,22.788771000000168],[90.44298600000013,22.792992],[90.44033100000019,22.790913000000103]]],[[[90.49222600000019,22.839445],[90.48361200000011,22.83222400000011],[90.491943,22.819445],[90.49860400000017,22.82271],[90.49222600000019,22.839445]]],[[[90.48983800000013,23.02289],[90.53186800000015,23.037027],[90.51777600000014,23.042221],[90.518761,23.045759],[90.516525,23.046560000000113],[90.48983800000013,23.02289]]],[[[90.57805600000012,22.897778000000187],[90.60028100000011,22.906111],[90.56472000000014,22.894720000000124],[90.57166300000011,22.891111],[90.57805600000012,22.897778000000187]]],[[[90.577499,22.9025],[90.570831,22.898611000000187],[90.57940700000012,22.902592],[90.577499,22.9025]]],[[[90.57950600000015,22.908276000000118],[90.575836,22.906944],[90.575836,22.905001],[90.57950600000015,22.908276000000118]]],[[[90.595535,22.909817],[90.592667,22.906467000000195],[90.59525300000013,22.907675000000154],[90.595535,22.909817]]],[[[90.54615800000016,22.899527],[90.548027,22.897852],[90.5485310000002,22.898186000000184],[90.54615800000016,22.899527]]],[[[90.60916900000012,22.921667000000184],[90.60833000000014,22.91944499900012],[90.60888700100014,22.918612001000103],[90.60916900000012,22.921667000000184]]],[[[90.597534,22.923649],[90.596169,22.924316],[90.59594700000015,22.923649],[90.597534,22.923649]]],[[[90.6500020000002,22.931110000000103],[90.642502,22.933056000000192],[90.648888,22.928888],[90.6500020000002,22.931110000000103]]],[[[90.64111300000013,22.947222],[90.631943,22.950003],[90.63999900000016,22.945555000000127],[90.64111300000013,22.947222]]],[[[90.631668,22.951666],[90.62444300000017,22.955833],[90.63111100000015,22.94111100000015],[90.631668,22.951666]]],[[[90.6331330000001,22.958057],[90.6188890000002,22.965834],[90.63777900000014,22.95194400000014],[90.6331330000001,22.958057]]],[[[90.59263600000014,22.963045],[90.592781,22.959997000000154],[90.593887,22.959089000000116],[90.59263600000014,22.963045]]],[[[90.583771,22.98917600000016],[90.57954400000013,22.99034100000011],[90.584312,22.98696900000016],[90.583771,22.98917600000016]]],[[[90.56819200000018,23.01948],[90.559311,23.012512],[90.581879,22.991894000000173],[90.57873500000017,23.0011080000001],[90.56819200000018,23.01948]]],[[[90.60138700000017,22.99305500000014],[90.596107,22.991667],[90.598892,22.987719],[90.60138700000017,22.99305500000014]]],[[[90.530663,23.033329000000155],[90.530403,23.031956],[90.531944,23.032236000000125],[90.530663,23.033329000000155]]],[[[90.55593900000014,23.04583700000018],[90.52318600000012,23.045841000000106],[90.53095200000018,23.04195],[90.53261600000019,23.036917000000187],[90.53096000000016,23.03390900000016],[90.5324100000002,23.03250300000019],[90.55593900000014,23.04583700000018]]],[[[90.520134,23.043329000000142],[90.52000400000014,23.047491],[90.51846300000018,23.047211000000175],[90.520134,23.043329000000142]]],[[[90.527069,23.053883000000102],[90.534561,23.05499300000014],[90.53539300000011,23.057459],[90.527069,23.053883000000102]]],[[[90.53068500000012,23.08296],[90.504715,23.059654000000137],[90.5025020000001,23.04500000000019],[90.53488900000013,23.059252],[90.553169,23.060041000000183],[90.53068500000012,23.08296]]]]}},{"type":"Feature","properties":{"district_id":"barisal_bhola","division":"Barisal","district":"Bhola"},"geometry":{"type":"MultiPolygon","coordinates":[[[[90.816139,21.88825],[90.82215100000013,21.88489],[90.82644700000014,21.892351],[90.816139,21.88825]]],[[[90.8550110000001,21.94805],[90.853783,21.946501000000126],[90.8550800000001,21.946365],[90.8550110000001,21.94805]]],[[[90.833557,21.9564],[90.837723,21.95015],[90.840935,21.950344],[90.833557,21.9564]]],[[[90.852966,21.957670000000178],[90.856773,21.954508],[90.85434,21.958744],[90.852966,21.957670000000178]]],[[[90.847588,21.968443000000153],[90.830841,21.964401],[90.84388000000013,21.95063000000016],[90.850212,21.955345],[90.847588,21.968443000000153]]],[[[90.853622,21.98171],[90.85519400000015,21.990879],[90.848969,21.983591000000107],[90.853622,21.98171]]],[[[90.818657,21.980593],[90.82415800000012,21.996281],[90.809471,21.9798530000001],[90.818657,21.980593]]],[[[90.8394170000002,21.992262],[90.83977500000015,22.010988000000165],[90.838501,22.011520000000136],[90.8394170000002,21.992262]]],[[[90.89498900000012,22.068610999000047],[90.87998999900014,22.067222999000137],[90.883453,22.05098],[90.89533999900016,22.053590999000047],[90.89498900000012,22.068610999000047]]],[[[90.891121,22.081039],[90.88580300000018,22.087473000000106],[90.88321700000012,22.08667],[90.891121,22.081039]]],[[[90.883339,22.088530000000162],[90.883766,22.089935],[90.882637,22.088251000000184],[90.883339,22.088530000000162]]],[[[90.8899990000001,22.096943],[90.89168500000017,22.093252],[90.890694,22.098192],[90.8899990000001,22.096943]]],[[[90.89476800000017,22.097141000000132],[90.896667,22.102501],[90.89629400000013,22.103523],[90.89476800000017,22.097141000000132]]],[[[90.893608,22.118891000000136],[90.896942,22.13027000000017],[90.883026,22.109871],[90.893608,22.118891000000136]]],[[[90.967781,22.285],[90.8991700000002,22.103609],[90.90287000000012,22.077503],[90.918877,22.074163000000173],[90.989441,22.203611],[91.001114,22.286945000000177],[90.986084001,22.351164],[90.96806300000014,22.34721900000017],[90.967781,22.285]]],[[[90.90213000000017,22.138008000000188],[90.90040600000015,22.130760000000183],[90.902992,22.138008000000184],[90.90213000000017,22.138008000000188]]],[[[90.770569,21.860331000000148],[90.769035,21.856024000000104],[90.771477,21.85594],[90.770569,21.860331000000148]]],[[[90.77629100000013,21.860201],[90.780159,21.86665],[90.7745740000002,21.870552],[90.77629100000013,21.860201]]],[[[90.810516,21.86331],[90.810379,21.872770000000116],[90.806366,21.864571000000126],[90.810516,21.86331]]],[[[90.81800100000015,21.899010000000146],[90.80912000000018,21.91111000000018],[90.793663,21.909769],[90.77732800000013,21.879780000000153],[90.81800100000015,21.899010000000146]]],[[[90.71313499900003,21.867249000000186],[90.71363800000017,21.875453999000054],[90.71070100100007,21.877941],[90.70919800000013,21.876728001000117],[90.71156299900014,21.874710001000153],[90.71148700000015,21.869417000000173],[90.71313499900003,21.867249000000186]]],[[[90.76117700000016,21.910086],[90.737663,21.92627],[90.710724,21.879251],[90.71907800000014,21.88319],[90.720146,21.859293],[90.73543500000011,21.861019],[90.76117700000016,21.910086]]],[[[90.731346,21.921080000000128],[90.73092700000012,21.91879800000015],[90.733002,21.920881],[90.731346,21.921080000000128]]],[[[90.73429100000016,21.925722000000178],[90.73478700000015,21.922899],[90.735153,21.925589000000176],[90.73429100000016,21.925722000000178]]],[[[90.796104431,22.103946685000043],[90.823891,22.151667],[90.8408360000002,22.367777000000103],[90.8669433600001,22.435277939000173],[90.7711110000002,22.545555],[90.75416565000017,22.608055115000074],[90.7416687020002,22.616388320000056],[90.71596527100007,22.61643409700002],[90.70388793900014,22.623945237000157],[90.72833252000004,22.62111091600019],[90.70583343600009,22.64388847400011],[90.65916442900004,22.7841663370001],[90.61333500000019,22.801945],[90.572319,22.798334],[90.559311,22.765997],[90.57010700000018,22.715906],[90.582603,22.725573],[90.587364,22.724258000000134],[90.58827200000019,22.720175000000154],[90.579453,22.713436000000172],[90.594437,22.71666500000015],[90.605484,22.689837000000125],[90.617218,22.636248000000133],[90.6155090330002,22.619199752000156],[90.60983276400015,22.60103035000014],[90.619834901,22.587511062000146],[90.62116241500007,22.567768097000055],[90.66827392600015,22.53647422800009],[90.684166,22.333334],[90.67404937700007,22.266677856000115],[90.625107,22.186981000000173],[90.62634300000019,22.17380900000012],[90.618057,22.120560000000182],[90.62193298400013,22.113445283000086],[90.5995480000002,22.031481],[90.63208,21.99329],[90.69268000000017,22.004223000000138],[90.796104431,22.103946685000043]]],[[[90.81932800000016,22.132282],[90.818245,22.134357001000183],[90.81805400100018,22.13194500100008],[90.81932800000016,22.132282]]],[[[91.00480699899998,22.14888199900008],[91.00491300000017,22.148714001000027],[91.00493600100003,22.148952001],[91.00480699899998,22.14888199900008]]],[[[91.00096100000019,22.155596],[91.000313,22.16060800000014],[90.999504,22.15559],[91.00096100000019,22.155596]]],[[[90.89646100100015,22.223396],[90.89961999900004,22.240417001000086],[90.89588199900004,22.2439],[90.89646100100015,22.223396]]],[[[90.92944300000016,22.24361],[90.923332,22.246944],[90.922775,22.242777],[90.92944300000016,22.24361]]],[[[90.90860700000013,22.26056100000011],[90.896942,22.25667],[90.9055560000001,22.2419450000001],[90.90860700000013,22.26056100000011]]],[[[90.934998,22.251669000000163],[90.931389,22.282501],[90.926666,22.2511080000001],[90.934998,22.251669000000163]]],[[[90.83420600000017,22.178577],[90.833885,22.17972200000014],[90.833084,22.178612000000157],[90.83420600000017,22.178577]]],[[[90.87294000100019,22.352734000000115],[90.87014,22.351864],[90.86992600100007,22.350991999000147],[90.87294000100019,22.352734000000115]]],[[[90.86194600000016,22.348612000000116],[90.873611,22.365278000000107],[90.871162,22.37245400000018],[90.86194600000016,22.348612000000116]]],[[[90.905182,22.290890000000104],[90.90512100000018,22.287939000000165],[90.90605200000016,22.287281],[90.905182,22.290890000000104]]],[[[90.9322200000001,22.353611],[90.908058,22.30360000000013],[90.915047,22.29464],[90.936943,22.332218],[90.9322200000001,22.353611]]],[[[90.985001,22.385555],[90.97361,22.42083399900002],[90.95333099900007,22.41],[90.959999,22.37443900000011],[90.985001,22.385555]]],[[[90.667526,21.92355],[90.66496300000011,21.923620001000074],[90.649635,21.907616],[90.637817,21.899548999000107],[90.635956,21.895079000000184],[90.667526,21.92355]]],[[[90.701942,21.973888],[90.653717,21.97388500000011],[90.65357200000017,21.970926],[90.64140300000014,21.95532],[90.636932,21.944120000000108],[90.6253200000001,21.930099000000155],[90.612007,21.89046300000013],[90.63432300000017,21.894796],[90.63546,21.899471000000123],[90.664627,21.925241],[90.682159,21.931528],[90.701942,21.973888]]],[[[90.643036,21.962601000000117],[90.62950100000018,21.9677660000001],[90.62664,21.944162],[90.636162,21.948603000000105],[90.643036,21.962601000000117]]],[[[90.641106,21.969915],[90.64447,21.964069000000112],[90.64528700000017,21.97174100000018],[90.641106,21.969915]]],[[[90.698982,21.985149],[90.71400500000016,22.00309200000015],[90.69547300000016,21.984070000000145],[90.698982,21.985149]]],[[[90.715698,22.005135000000113],[90.726669,22.013613],[90.72249600000015,22.012779],[90.715698,22.005135000000113]]],[[[90.75138900000013,22.049721],[90.735832,22.041943],[90.720558,22.013889000000177],[90.75181600000013,22.03870000000012],[90.75138900000013,22.049721]]],[[[90.64750700000015,21.965021],[90.64712500000019,21.97221],[90.64701100000013,21.965021],[90.64750700000015,21.965021]]],[[[90.58445699900011,22.024616001000027],[90.58959200000015,21.986622],[90.605667,21.978067000000124],[90.62016299900017,21.99515900000017],[90.58445699900011,22.024616001000027]]],[[[90.60694100000012,22.10527999900006],[90.59750400000019,22.109166999000134],[90.59777800000012,22.093333998999984],[90.60694100000012,22.10527999900006]]],[[[90.624641,22.176625999000066],[90.61971300100004,22.18066000000016],[90.62194800100009,22.172500999000192],[90.624641,22.176625999000066]]],[[[90.63250000100004,22.24556],[90.58647900000018,22.188396000000182],[90.63472000000013,22.212778000000185],[90.63250000100004,22.24556]]],[[[90.64444700100017,22.45833200100003],[90.63357500000012,22.46139],[90.645836,22.45147500000013],[90.64444700100017,22.45833200100003]]],[[[90.584663,22.14019],[90.58000200000015,22.051666000000186],[90.592163,22.064039],[90.593887,22.103058000000143],[90.605278,22.12472200000013],[90.602219,22.188334],[90.58576200000016,22.18535],[90.570129,22.152515],[90.584663,22.14019]]],[[[90.57971999900019,22.570555000000127],[90.58632699900011,22.547193999000175],[90.5955580010002,22.5436120010001],[90.5844420000002,22.554999999000188],[90.59944199900008,22.56000100000017],[90.57971999900019,22.570555000000127]]],[[[90.616356,22.478855000000177],[90.64527900000019,22.46139],[90.64694200000014,22.486111000000164],[90.616356,22.478855000000177]]],[[[90.6547240000001,22.54333300000019],[90.599724,22.534719000000162],[90.62750200000016,22.49360800000017],[90.648888,22.489721],[90.63473500000015,22.535967],[90.6547240000001,22.54333300000019]]],[[[90.67305799900015,22.293888001000084],[90.6799850000001,22.348297000000173],[90.67658200000011,22.355461000000158],[90.67305799900015,22.293888001000084]]],[[[90.666115,22.373611000000153],[90.6575010000002,22.383333],[90.656387,22.35527600000012],[90.666115,22.373611000000153]]],[[[90.6730580000002,22.387503],[90.66864,22.424480000000184],[90.668335,22.438890000000185],[90.66083500000013,22.40944500100005],[90.6730580000002,22.387503]]],[[[90.66999800000013,22.4663910000001],[90.670555,22.449165000000164],[90.67110400000018,22.470737000000156],[90.66999800000013,22.4663910000001]]],[[[90.67083,22.476522000000102],[90.67250100000012,22.47139],[90.67179900000014,22.476669000000186],[90.67083,22.476522000000102]]],[[[90.66948700000019,22.483906000000164],[90.67020400000013,22.477541],[90.67020400000013,22.485044000000126],[90.66948700000019,22.483906000000164]]],[[[90.538452,22.608175000000134],[90.59111000000019,22.573334],[90.54000100000019,22.609722],[90.538452,22.608175000000134]]],[[[90.614952,22.639832000000187],[90.594482,22.714268001000168],[90.58284000000015,22.708574],[90.577942,22.713413],[90.58264900000017,22.724041000000113],[90.567497,22.701944],[90.57580600000011,22.654018000000118],[90.534065,22.619835000000137],[90.54225900000012,22.620089000000178],[90.572815,22.601793],[90.61728700000015,22.56321],[90.60761300000013,22.602425],[90.614952,22.639832000000187]]],[[[90.538055,22.61500200000012],[90.53944400000012,22.6175],[90.535553,22.617224],[90.538055,22.61500200000012]]],[[[90.53360700000013,22.612007000000116],[90.531944,22.639166000000163],[90.52694700000012,22.640833],[90.51916500000016,22.63888700000018],[90.529724,22.63361200000014],[90.527496,22.631390000000184],[90.528046,22.627163000000166],[90.52583300000015,22.624445],[90.53360700000013,22.612007000000116]]],[[[90.52471900100005,22.629168001000096],[90.52639,22.625834000000168],[90.525276,22.63027800100008],[90.52471900100005,22.629168001000096]]],[[[90.52027900000013,22.651945],[90.521103,22.65437700000018],[90.52027900000013,22.654444],[90.52027900000013,22.651945]]],[[[90.536392,22.663889],[90.53389000000011,22.662222],[90.534164,22.660557],[90.536392,22.663889]]],[[[90.523331,22.651945],[90.5333330000002,22.667780000000164],[90.53167,22.675556000000142],[90.523331,22.651945]]],[[[90.5374980000002,22.668331],[90.534164,22.66444400000017],[90.53360700000013,22.663055],[90.5374980000002,22.668331]]],[[[90.55139200000013,22.670000000000186],[90.55139200000013,22.666666000000188],[90.55361200000016,22.670279000000164],[90.55139200000013,22.670000000000186]]],[[[90.8899990000001,22.373890000000134],[90.886108,22.398609],[90.87305500000019,22.374722],[90.88620800000012,22.3778],[90.87966900000015,22.33462500000013],[90.8899990000001,22.373890000000134]]],[[[90.89194500000013,22.501665000000116],[90.88472000000013,22.497223000000137],[90.89083100000016,22.49500300000011],[90.89194500000013,22.501665000000116]]],[[[90.96888,22.444571],[90.9475020000001,22.439169000000163],[90.95417,22.425001000000123],[90.96861300000018,22.42610900000011],[90.96888,22.444571]]],[[[90.93555500000014,22.49],[90.85444599900018,22.589444999000023],[90.838058,22.575003001000027],[90.93555500000014,22.49]]],[[[90.877777,22.503887000000134],[90.878891,22.496666],[90.881943,22.499166000000113],[90.877777,22.503887000000134]]],[[[90.87222300000013,22.505556000000183],[90.8733370000001,22.508612],[90.870277,22.508055000000184],[90.87222300000013,22.505556000000183]]],[[[90.832275,22.63091500000013],[90.8334200000001,22.632395],[90.83251200000012,22.632868],[90.832275,22.63091500000013]]],[[[90.80666400000018,22.647778],[90.80139900000012,22.636801],[90.806946,22.644444],[90.80666400000018,22.647778]]],[[[90.66249799899998,22.791944999000123],[90.67666600000014,22.798333999000135],[90.65889000100009,22.79444699900006],[90.66249799899998,22.791944999000123]]],[[[90.67222600000014,22.804167],[90.652779,22.805],[90.65055800000016,22.80221900000015],[90.662498,22.79888700000015],[90.67222600000014,22.804167]]],[[[90.661086614,22.848918638000157],[90.59848000000011,22.811111],[90.680832,22.81972300000018],[90.661086614,22.848918638000157]]],[[[90.55777700000016,22.672777],[90.559448,22.665277000000174],[90.560257,22.674011],[90.55777700000016,22.672777]]],[[[90.55051400000013,22.67070000000018],[90.553467,22.671324000000137],[90.55555700000014,22.674444000000168],[90.55051400000013,22.67070000000018]]],[[[90.535553,22.681944],[90.5347210000001,22.677776000000165],[90.536934,22.679377000000105],[90.535553,22.681944]]],[[[90.5572590000001,22.679541],[90.554245,22.677732],[90.5499190000001,22.673454000000163],[90.5572590000001,22.679541]]],[[[90.53398100000017,22.67866700000019],[90.53398900000013,22.685444],[90.52823600000016,22.67800100000011],[90.53398100000017,22.67866700000019]]],[[[90.55046799900015,22.6875],[90.546051,22.678938000000187],[90.552162,22.678133],[90.55046799900015,22.6875]]]]}},{"type":"Feature","properties":{"district_id":"barisal_jhalokati","division":"Barisal","district":"Jhalokati"},"geometry":{"type":"Polygon","coordinates":[[[90.05085754400005,22.33691215400017],[90.09973100000019,22.356686],[90.1116561880001,22.364999771000043],[90.14027404900014,22.409166337000098],[90.17194366500001,22.43222236600002],[90.17222595100014,22.458610534000115],[90.2097244260001,22.509723664000035],[90.20749664400017,22.516111374000104],[90.18638610700005,22.51166725300004],[90.1797256480001,22.518333435000045],[90.189445,22.559444000000102],[90.20277400100008,22.57666600100015],[90.18305200000015,22.590834],[90.17639200000013,22.629444],[90.207115,22.636559],[90.178055,22.622778],[90.2061080000002,22.577223000000114],[90.18527984600007,22.516109466000163],[90.20833587600015,22.519443512000127],[90.21121215800008,22.50175476100003],[90.27906036500013,22.54262542800012],[90.28286743100017,22.561222077000025],[90.30480957100009,22.559236527000056],[90.31120300300006,22.57832336400003],[90.359710694,22.573219300000115],[90.33876037500005,22.59874153100003],[90.34482574400016,22.614444734000188],[90.38481903100012,22.59577178899997],[90.34384155300017,22.629390717000035],[90.36904144400006,22.631416322],[90.37277984600013,22.6492958070001],[90.33303832899998,22.659757615000103],[90.32090759300013,22.647308349000184],[90.3198928830002,22.673364640000045],[90.2738571160001,22.690114975000142],[90.25545501600006,22.752445221000073],[90.22393035900018,22.753543855000032],[90.19889831600017,22.785182952000127],[90.18111419800005,22.775871276000093],[90.18862152200018,22.743949890000124],[90.15813446100003,22.719621658],[90.13822937100008,22.673614502000078],[90.09720611600017,22.65560913100006],[90.10236358700013,22.59630966200018],[90.06428527800017,22.594852448000044],[90.0559387200002,22.57982826200003],[90.06286621200013,22.505102158000113],[90.07276916600011,22.511554718000017],[90.07907867400007,22.48755455100013],[90.11685180600013,22.502996444000136],[90.13386535600006,22.485723495000176],[90.10073089600013,22.444707870000173],[90.07721710200008,22.439943314000118],[90.06355285600011,22.46527671900003],[90.05997467100008,22.443174363000026],[90.02734375000017,22.444242478000035],[90.03878784100016,22.40228080700007],[90.01900482100007,22.371828080000057],[90.05585479799998,22.356805801000117],[90.05085754400005,22.33691215400017]]]}},{"type":"Feature","properties":{"district_id":"barisal_patuakhali","division":"Barisal","district":"Patuakhali"},"geometry":{"type":"MultiPolygon","coordinates":[[[[90.457367,21.808290000000113],[90.457436,21.80419200000017],[90.45800800000012,21.804192000000175],[90.457367,21.808290000000113]]],[[[90.45923600000015,21.807850000000144],[90.466118,21.804285],[90.461678,21.814711],[90.45923600000015,21.807850000000144]]],[[[90.434151,21.812773000000167],[90.43727100000012,21.81055300000014],[90.44017800000012,21.815948000000102],[90.434151,21.812773000000167]]],[[[90.45877100000018,21.816048],[90.457481,21.810198],[90.460922,21.816788],[90.45877100000018,21.816048]]],[[[90.37850200000015,21.789349],[90.38753499900014,21.793324000000155],[90.38784000100014,21.80106700100015],[90.37850200000015,21.789349]]],[[[90.415604,21.8189680000001],[90.41903700000012,21.820978000000142],[90.41682400000013,21.822193],[90.415604,21.8189680000001]]],[[[90.39424100000014,21.81876000000011],[90.39602700000012,21.82979],[90.39087700000016,21.81843000000015],[90.39424100000014,21.81876000000011]]],[[[90.41748,21.832355000000177],[90.42385100000013,21.83404000000013],[90.42349200000012,21.8361890000001],[90.41748,21.832355000000177]]],[[[90.453995,21.823141000000195],[90.455498,21.82469],[90.45371200000011,21.82456000000019],[90.453995,21.823141000000195]]],[[[90.462372,21.829330000000144],[90.46273000000019,21.832960000000128],[90.45944200000014,21.829533],[90.462372,21.829330000000144]]],[[[90.43303700000013,21.833139000000187],[90.43669100000011,21.832529],[90.436905,21.833271],[90.43303700000013,21.833139000000187]]],[[[90.45860300000015,21.85861],[90.434166,21.848333],[90.43019900000013,21.8339],[90.458885,21.839445],[90.45860300000015,21.85861]]],[[[90.464287,21.855803],[90.46285200000017,21.855667],[90.463211,21.85432200000014],[90.464287,21.855803]]],[[[90.46958200000013,21.85520200000013],[90.46643100000017,21.863604],[90.466866,21.853516],[90.46958200000013,21.85520200000013]]],[[[90.430275,21.881666],[90.46134900000015,21.912169],[90.41853300000014,21.882599000000145],[90.430275,21.881666]]],[[[90.401024,21.943598],[90.359756,21.920000000000133],[90.387688,21.875092],[90.482941,21.936991],[90.493187,21.962440000000132],[90.46583600000014,22.053888],[90.413948,22.027443],[90.421776,22.012480000000156],[90.41111,21.959999000000153],[90.4083100000002,21.952597],[90.401024,21.943598]]],[[[90.253143,21.832063999000127],[90.248047,21.82991],[90.24813100000011,21.82944100100019],[90.253143,21.832063999000127]]],[[[90.25722500000012,21.839722],[90.2976230000001,21.9382],[90.29531099900004,21.99023199900006],[90.25590500000015,21.950911000000133],[90.23888397200011,21.960590363000108],[90.23266601600005,21.95517349300013],[90.19838714700006,21.945558548000122],[90.1960906970001,21.93397140500002],[90.17410278400007,21.908111573000156],[90.14901700000014,21.891785],[90.1178670000001,21.89856],[90.10626220800003,21.853187562000077],[90.09405517600004,21.864509583000086],[90.08374786300016,21.845211029000094],[90.123100282,21.811870576000103],[90.195557,21.80027800000016],[90.25722500000012,21.839722]]],[[[90.2994770000002,21.839386000000157],[90.29747,21.849413],[90.29216800000012,21.840328000000113],[90.2994770000002,21.839386000000157]]],[[[90.36698200000018,21.84318000000019],[90.375618,21.841452],[90.373466,21.848572000000104],[90.36698200000018,21.84318000000019]]],[[[90.37435200000016,21.866407000000155],[90.373413,21.868221000000116],[90.3730010000001,21.865671000000194],[90.37435200000016,21.866407000000155]]],[[[90.102486,21.87948400000016],[90.1036000000002,21.87836100100009],[90.10385900100006,21.879769999000136],[90.102486,21.87948400000016]]],[[[90.38784800000019,21.975851],[90.398445,22.011074001000054],[90.355782,21.980053000000108],[90.313065,21.870876],[90.30899,21.883640000000128],[90.30612900000011,21.88237],[90.321152,21.846931],[90.374626,21.869968],[90.355263,21.91647900000015],[90.374832,21.950073],[90.38482700000021,21.961081000000153],[90.38784800000019,21.975851]]],[[[90.332428,21.95474800000017],[90.330711,21.957533],[90.328506,21.953663000000123],[90.332428,21.95474800000017]]],[[[90.33217600000017,21.958839],[90.33548000000013,21.961679],[90.33268,21.96030200000018],[90.33217600000017,21.958839]]],[[[90.327553,22.033173],[90.37802124000018,22.083499909000068],[90.375793,22.142658000000154],[90.3972090000001,22.146053],[90.39837600000016,22.171591],[90.43132000000014,22.19372900000019],[90.395828,22.203112],[90.392776,22.207508],[90.39900207500017,22.251773835000048],[90.4147872920002,22.27964401300011],[90.398918,22.228334000000135],[90.4344482410001,22.196929932000042],[90.43579101600005,22.188400270000045],[90.4048843380001,22.170967103000066],[90.40399169900019,22.140079498000148],[90.38695526100014,22.119945527000024],[90.392479,22.08597],[90.350739,22.04043],[90.341995,22.001905],[90.36805700000014,22.049444],[90.383331,22.055189],[90.392937,22.048149],[90.45719909700006,22.09980011100015],[90.49725300000011,22.166962],[90.520836,22.17721200000011],[90.60583500000013,22.2875],[90.629944,22.379820000000166],[90.58777600000019,22.427219000000154],[90.588058,22.46861300000012],[90.59359000000018,22.457041],[90.60550700000016,22.477171000000112],[90.595276,22.48805400000015],[90.588058,22.504169],[90.58361100000019,22.530277000000122],[90.53947391200006,22.563373973000072],[90.51546500100017,22.559678999000084],[90.52872467100019,22.547250748000184],[90.51413726800018,22.534910202000162],[90.50022125300012,22.546646119000172],[90.4339599610002,22.506887436000056],[90.44718170100009,22.468088151000078],[90.42749800100017,22.45111099900015],[90.44993591200017,22.456918717000182],[90.430748,22.448467000000164],[90.425484,22.449808],[90.418457,22.4589],[90.4158325190001,22.478332521000027],[90.36108398400012,22.493814469000085],[90.3505172730001,22.46694755500005],[90.310035706,22.465517045000187],[90.30274963500017,22.431596756000147],[90.27416992100018,22.408332826000162],[90.27388763500005,22.360126495000085],[90.25,22.334999000000153],[90.208885,22.32722300000017],[90.22027587800005,22.22583389400006],[90.246307,22.261852],[90.290123,22.257698001000104],[90.286972,22.235041000000138],[90.33399963400007,22.263479233000055],[90.32839965900007,22.24538803100012],[90.35961151200019,22.231567383000026],[90.3510818470001,22.196296692000033],[90.37191772400018,22.19774055500005],[90.336479,22.164984],[90.34649658200004,22.11014747600018],[90.32899475,22.08521461500004],[90.31481170700005,22.091972351000155],[90.27910614000012,22.06441116300005],[90.28916931100008,22.05666160700008],[90.27499389700012,22.029960633000083],[90.2476043710002,22.020160676000046],[90.22116088899998,22.034519197000122],[90.2393798830002,22.044757844000063],[90.22637176600011,22.04793167000014],[90.2330856330001,22.062053680000076],[90.20686340400016,22.069211960000132],[90.19982131900002,22.091941876000195],[90.18642425600012,22.0851116180001],[90.21022796700011,22.03089332700017],[90.17890930200002,22.02194786000012],[90.17835235600012,22.001192093000103],[90.1919784540001,21.982044220000034],[90.20409393200015,21.99109458900006],[90.22653198300014,21.98147773900013],[90.2557373050002,21.95403098999998],[90.281662,22.00715600000018],[90.3076860000001,21.982401],[90.327553,22.033173]]],[[[90.42082200000016,21.858624999000085],[90.42648300000013,21.85882900000019],[90.42869599900018,21.86077900099997],[90.42082200000016,21.858624999000085]]],[[[90.39470700000015,21.873447000000173],[90.39284500000015,21.867329],[90.395493,21.87372],[90.39470700000015,21.873447000000173]]],[[[90.40885900000012,21.958231],[90.420891,22.012190000000146],[90.413055,22.026112],[90.400002,22.01389100000017],[90.40187800000018,21.99314900000013],[90.37258900000012,21.93759000000017],[90.40885900000012,21.958231]]],[[[90.394508,22.039377000000172],[90.40944700000011,22.058332000000178],[90.3909070000002,22.03680000000014],[90.394508,22.039377000000172]]],[[[90.38043200000016,22.109165],[90.38131000000016,22.107460001000106],[90.38131000000016,22.109173001000098],[90.38043200000016,22.109165]]],[[[90.391945,22.132502000000102],[90.39557600000012,22.141661000000113],[90.38805400000018,22.133055000000184],[90.391945,22.132502000000102]]],[[[90.40856200100018,22.207108000000176],[90.39666699900005,22.218611001000056],[90.39591999900006,22.205774],[90.40856200100018,22.207108000000176]]],[[[90.21455383199998,21.98254776100003],[90.15939331000015,21.981204986000023],[90.13726806600005,21.956115723000096],[90.14641571000004,21.928316117000126],[90.11724090500007,21.923860551000075],[90.11865234300012,21.903955458999974],[90.14646148600008,21.89520263600008],[90.19700622500017,21.946861267000145],[90.23317718500016,21.95753288200018],[90.21455383199998,21.98254776100003]]],[[[90.37709799900006,22.02146500000015],[90.37394000100012,22.018183000000196],[90.3782500010002,22.02146500000015],[90.37709799900006,22.02146500000015]]],[[[90.34033200000016,21.993940000000183],[90.37216200000012,22.019661],[90.389778,22.04654100000016],[90.365257,22.037260000000174],[90.34033200000016,21.993940000000183]]],[[[90.36944600000015,22.041943],[90.37500000000011,22.051668000000177],[90.365555,22.041389],[90.36944600000015,22.041943]]],[[[90.20909118600008,22.22192382800017],[90.19944763200012,22.330554961000075],[90.2279281610002,22.350965500000143],[90.25301361200019,22.345674515000155],[90.26277923700002,22.40138816800004],[90.30740356500014,22.472753525000087],[90.27260589500008,22.474580765000155],[90.22114563100013,22.44848251500008],[90.18769073600009,22.39525795100002],[90.17575073199998,22.32410430900012],[90.13826751700003,22.343101501999968],[90.15939300000014,22.32160000000016],[90.14344024700011,22.289783478000174],[90.1586914070001,22.24935913100006],[90.20909118600008,22.22192382800017]]],[[[90.47463200100009,21.771851],[90.472595,21.77097700000013],[90.47565500100018,21.769331],[90.47463200100009,21.771851]]],[[[90.47009300000013,21.778564000000134],[90.4694980000001,21.780386],[90.469109,21.780460000000176],[90.47009300000013,21.778564000000134]]],[[[90.51361100000014,21.855614000000116],[90.48075900000015,21.843330000000147],[90.47991900000011,21.81279000000012],[90.52623000000011,21.831102],[90.51361100000014,21.855614000000116]]],[[[90.517395,21.850929],[90.518898,21.855911000000162],[90.514099,21.856241000000125],[90.517395,21.850929]]],[[[90.5049210000002,21.88438],[90.497276,21.909521000000154],[90.49320200000011,21.877708000000155],[90.5049210000002,21.88438]]],[[[90.50417300000016,21.917690000000167],[90.50374600000015,21.919374],[90.5035250000002,21.917021],[90.50417300000016,21.917690000000167]]],[[[90.50727100000012,21.923943],[90.507126,21.925621],[90.505623,21.923271],[90.50727100000012,21.923943]]],[[[90.48311600000011,22.032141],[90.4789730010001,22.04383100000012],[90.47860699900019,22.062498],[90.47466300100018,22.051945],[90.48311600000011,22.032141]]],[[[90.55422200000015,21.99724],[90.56575,22.001867],[90.565552,22.010000000000105],[90.55422200000015,21.99724]]],[[[90.563637,22.030130000000156],[90.58585400000015,22.087362000000155],[90.584663,22.14019],[90.57001500000018,22.150053],[90.58555600000017,22.18556],[90.484787,22.072540000000174],[90.50215100000021,21.957582000000173],[90.563637,22.030130000000156]]],[[[90.571205,22.014053000000104],[90.56890900000019,22.012920000000122],[90.56897,22.01218000000017],[90.571205,22.014053000000104]]],[[[90.52728300000018,21.84911],[90.523979,21.856583000000175],[90.52289600000012,21.85383000000013],[90.52728300000018,21.84911]]],[[[90.558922,21.870161],[90.563293,21.871775],[90.557632,21.87150600000018],[90.558922,21.870161]]],[[[90.546623,21.87286900000015],[90.52550500000018,21.886362000000133],[90.50538600000016,21.86548400000015],[90.55349000000018,21.858292000000176],[90.53608700000018,21.874203],[90.546623,21.87286900000015]]],[[[90.604263,21.970968],[90.58333600000016,21.983334000000184],[90.57283,21.969551],[90.558403,21.960678],[90.534843,21.96081900000013],[90.518013,21.943293],[90.516403,21.890800000000127],[90.57637,21.886747000000184],[90.604263,21.970968]]],[[[90.575226,21.97458300000017],[90.564796,21.987061000000153],[90.5420000000002,21.96685],[90.559021,21.96315],[90.575226,21.97458300000017]]],[[[90.53933,21.980164001000162],[90.53775000100018,21.976463],[90.54032900000016,21.980432999000016],[90.53933,21.980164001000162]]],[[[90.5448380000002,21.982052000000124],[90.54254900000012,21.977743000000146],[90.546417,21.981440000000134],[90.5448380000002,21.982052000000124]]],[[[90.581985,21.984562000000157],[90.57904800000011,21.982750000000184],[90.57933800000012,21.981001],[90.581985,21.984562000000157]]],[[[90.58959200000015,21.986622],[90.582298,22.02313],[90.56764200000015,21.991302],[90.58499100000012,21.987791000000183],[90.585419,22.005991],[90.58959200000015,21.986622]]],[[[90.58000200000015,22.190281],[90.617157,22.234571001000063],[90.6218799990001,22.244167000000118],[90.59805300000016,22.2419450000001],[90.59805300000016,22.233612],[90.57888800000018,22.196112],[90.58000200000015,22.190281]]],[[[90.587502,22.239719000000154],[90.565277,22.19527600000015],[90.56722300000013,22.191944000000152],[90.5844420000002,22.20861100000019],[90.587502,22.239719000000154]]],[[[90.57722500100017,22.235555999000038],[90.58305400000012,22.23166699900014],[90.5816650000001,22.238332999000136],[90.57722500100017,22.235555999000038]]],[[[90.591942,22.239943],[90.59666400000015,22.233889],[90.59506200000011,22.241398000000117],[90.591942,22.239943]]],[[[90.62889100000012,22.269444],[90.64360800000014,22.29416700000013],[90.614723,22.262501],[90.62889100000012,22.269444]]],[[[90.6513900000001,22.294445],[90.64666700000011,22.351389],[90.61750000000018,22.273054000000116],[90.645554,22.305834],[90.6513900000001,22.294445]]],[[[90.6522220010001,22.320833000000107],[90.653053,22.322223999000183],[90.651665,22.322779],[90.6522220010001,22.320833000000107]]],[[[90.635277,22.35],[90.634163,22.340555000000165],[90.640556,22.353333000000134],[90.635277,22.35]]],[[[90.63694800000013,22.363056],[90.63583400000017,22.366667],[90.63555900000013,22.36194400000011],[90.63694800000013,22.363056]]],[[[90.63222500000012,22.374931000000117],[90.63138600000019,22.371944],[90.632767,22.374636],[90.63222500000012,22.374931000000117]]],[[[90.608612,22.420555000000153],[90.643059,22.378332000000174],[90.626114,22.436714],[90.639725,22.417500000000132],[90.645836,22.45147500000013],[90.616356,22.478855000000177],[90.59139300000015,22.429445000000104],[90.608612,22.420555000000153]]],[[[90.608177,22.418246999000022],[90.596298,22.424688000000174],[90.61305200100014,22.408333001000074],[90.608177,22.418246999000022]]],[[[90.48934200000014,22.088289],[90.487907,22.093328],[90.48429900000014,22.086079],[90.48934200000014,22.088289]]],[[[90.489571,22.095783],[90.49125700000013,22.093309000000147],[90.49096700000013,22.096375],[90.489571,22.095783]]],[[[90.50166300000012,22.139166000000102],[90.50805700000019,22.146110999000143],[90.499077,22.141031],[90.50166300000012,22.139166000000102]]],[[[90.50138900000019,22.148333],[90.510063,22.14790900000014],[90.510834,22.150555],[90.50138900000019,22.148333]]],[[[90.519302,22.148001000000136],[90.522919,22.1602400000001],[90.51316800000012,22.157745],[90.519302,22.148001000000136]]],[[[90.521278,22.17017],[90.5196230000002,22.170101000000102],[90.518761,22.169231],[90.521278,22.17017]]],[[[90.59027899900008,22.521944],[90.588608,22.506665999000116],[90.60610999900001,22.48000099900008],[90.60861199900012,22.495003001000043],[90.59027899900008,22.521944]]],[[[90.593887,22.530277000000122],[90.57972000000012,22.539722],[90.59027900000012,22.523611000000127],[90.593887,22.530277000000122]]],[[[90.586113,22.546944],[90.5507970000001,22.598322],[90.538452,22.608175000000134],[90.55805200000015,22.565277],[90.586113,22.546944]]],[[[90.535004,22.59639],[90.53028100000013,22.611111],[90.53277600000013,22.599722],[90.535004,22.59639]]]]}},{"type":"Feature","properties":{"district_id":"barisal_pirojpur","division":"Barisal","district":"Pirojpur"},"geometry":{"type":"MultiPolygon","coordinates":[[[[89.90081787100007,22.16360473600014],[89.95772552500006,22.171554566000115],[89.96691131500017,22.220245362000185],[89.9908218380001,22.19873237700006],[89.99777221700009,22.228693008000164],[90.01870727500011,22.230504990000153],[90.02408599900019,22.29341888400006],[90.05319976900017,22.315042497000153],[90.05585479799998,22.356805801000117],[90.01900482100007,22.371828080000057],[90.03878784100016,22.40228080700007],[90.02729034500011,22.44416999800006],[90.05997467100008,22.443174363000026],[90.06355285600011,22.46527671900003],[90.07721710200008,22.439943314000118],[90.10073089600013,22.444707870000173],[90.1331787110002,22.483465194000075],[90.11685180600013,22.502996444000136],[90.07907867400007,22.48755455100013],[90.07276916600011,22.511554718000017],[90.06286621200013,22.505102158000113],[90.0559387200002,22.57982826200003],[90.06428527800017,22.594852448000044],[90.10219574000018,22.596082688000024],[90.09720611600017,22.65560913100006],[90.13822937100008,22.673614502000078],[90.15813446100003,22.719621658],[90.18876647900004,22.74450492900013],[90.07672882100007,22.78482055800015],[90.05107879700017,22.810249329000154],[90.054443359,22.826900482000042],[90.02774047800011,22.81754684400005],[90.03475189200009,22.865680694000105],[90.01837158200016,22.87104415800013],[89.96205902100013,22.852928162000072],[89.93852234000019,22.864730835000106],[89.94480896000005,22.82639312800012],[89.91400146600012,22.799757005000114],[89.93825531000016,22.784942626000145],[89.90444946300016,22.772300721000132],[89.9134140010001,22.752355576000188],[89.93138122500005,22.752382278000084],[89.93199920700005,22.724182129000155],[89.90464019700016,22.725847244000136],[89.86141204900014,22.699029923000012],[89.93688201800018,22.68021774400006],[89.91388702300014,22.65967750600015],[89.89665222100018,22.674962998000122],[89.89009857100007,22.663230895000083],[89.92697143600014,22.641820907000177],[89.91998291100003,22.60668373100009],[89.96234893900015,22.593254089000027],[89.92339324900013,22.510299684000135],[89.96961975000018,22.50144195600012],[89.88460500000019,22.502708],[89.89369200000017,22.476372],[89.94451096400009,22.46556472900005],[89.8761140000002,22.42756500000019],[89.875099,22.406151],[89.89325000000014,22.388119],[89.951988,22.43997000000019],[89.973335,22.453333],[89.981025697,22.49800109800003],[89.99584200500004,22.503364994000094],[90.01499900000016,22.500557000000125],[90.01800500000019,22.494528],[89.989441,22.492502000000112],[89.977035522,22.438894273000074],[89.92207300100011,22.395391001],[89.86861419700006,22.280555726000163],[89.90081787100007,22.16360473600014]]],[[[89.86833200100017,22.233334001],[89.85861200000016,22.26168100100017],[89.851936,22.25028000100008],[89.86833200100017,22.233334001]]],[[[89.86644000000018,22.266544],[89.86636400000015,22.264135],[89.866943,22.266342],[89.86644000000018,22.266544]]],[[[89.85881800000016,22.264603],[89.85997,22.26587700000016],[89.863998,22.276327],[89.85881800000016,22.264603]]],[[[89.86478400000016,22.271973],[89.86744700000021,22.27244200000013],[89.865433,22.273378],[89.86478400000016,22.271973]]],[[[89.90166500000011,22.375834],[89.90499899900016,22.37001],[89.90528100000012,22.378332000000174],[89.90166500000011,22.375834]]],[[[90.0061109990001,22.49888800100013],[90.01309200000014,22.498859001000028],[90.00583600000016,22.500557000000125],[90.0061109990001,22.49888800100013]]],[[[89.95375800000011,22.430578],[89.96527899900008,22.444722999000078],[89.943138,22.427975000000174],[89.95375800000011,22.430578]]]]}},{"type":"Feature","properties":{"district_id":"chittagong_bandarban","division":"Chittagong","district":"Bandarban"},"geometry":{"type":"Polygon","coordinates":[[[92.17548370300017,21.184797287000094],[92.21805572500006,21.23189735400013],[92.19785300000012,21.319773000000172],[92.25880371000011,21.36218169700015],[92.269073,21.428202000000113],[92.32202673100011,21.419556169000032],[92.343467712,21.46687889000015],[92.38097381600016,21.479867936000176],[92.42809295700016,21.423574448000068],[92.43881225700017,21.365177154000097],[92.49910736,21.361064912000185],[92.50852203300013,21.37729454000015],[92.55793762200005,21.383886338000025],[92.5968933100001,21.243631364],[92.67366027900016,21.29128074700003],[92.62808227600017,21.448680877000186],[92.6090087890002,21.58465576200012],[92.61390686100009,21.85190773000005],[92.58573150600006,21.882682800000172],[92.52400970400004,22.0246963510001],[92.48239898700018,22.223159791],[92.37258148100007,22.33622932500009],[92.28192901600005,22.355682373999972],[92.22224426300005,22.330648423000184],[92.14593505800019,22.34774017400008],[92.1547393800002,22.322858811000117],[92.13742828400012,22.28608513000006],[92.13762664800004,22.234466553000118],[92.16431426900004,22.182149887000037],[92.16010284400005,22.12827110300003],[92.17323303199998,22.112876893000134],[92.14116668700007,22.09167289700002],[92.1764450070001,22.063953401000163],[92.1613082880001,22.043632509000137],[92.17745971700003,22.024353028000178],[92.21616363600009,22.00543785100018],[92.20098877000004,21.989389420000066],[92.21408081100014,21.974773407],[92.18074035600017,21.942960739],[92.15983581600017,21.94539451600002],[92.17453765800013,21.909845352000165],[92.12972259499998,21.901575089000062],[92.1119003300002,21.916734695000063],[92.11794281100003,21.9345684060001],[92.05954742500006,21.90476036100017],[92.08087921200013,21.888479233000055],[92.08052063000014,21.809926987000154],[92.10285949700011,21.808275223000066],[92.1081390390001,21.79248619000009],[92.1306762700001,21.79994011000008],[92.1481323230002,21.77726554900011],[92.17931365900017,21.79149436900019],[92.18966674700005,21.77623176600008],[92.16723632800017,21.840087891000053],[92.18032073900014,21.847766876000097],[92.21235656800008,21.78653907899996],[92.18869018600014,21.773853302000077],[92.17642974900008,21.78917312700014],[92.15820312500017,21.734588622000103],[92.1157989510001,21.741113663000082],[92.11420440600006,21.70569992100019],[92.09230041500001,21.688653947000034],[92.11220550500013,21.666028977000167],[92.09879302900009,21.643905640000128],[92.140457,21.618434999000044],[92.14724731400003,21.595808029000185],[92.1736831660001,21.59978294300009],[92.18468475400005,21.568511963000162],[92.15900421200007,21.541048049999976],[92.1692275990002,21.513729095000087],[92.18563842800006,21.500980378000175],[92.20142364500009,21.514070511000114],[92.23981475900007,21.472658158000172],[92.22937011700009,21.446342468000072],[92.24561309900002,21.401266098000065],[92.20188140900012,21.39052581700002],[92.18778991699999,21.426485061999987],[92.16397857600009,21.43192482000012],[92.14351654000006,21.399976730000166],[92.12645721500019,21.400690079000068],[92.15185546800012,21.321760177],[92.19270324700011,21.266630174000117],[92.16624450700004,21.221006394000142],[92.17548370300017,21.184797287000094]]]}},{"type":"Feature","properties":{"district_id":"chittagong_brahamanbaria","division":"Chittagong","district":"Brahamanbaria"},"geometry":{"type":"MultiPolygon","coordinates":[[[[90.77957153300008,23.73296737700014],[90.87079620300011,23.718654632000096],[90.90117645200013,23.766468047000163],[91.03505706800013,23.79552078300003],[91.06764221200008,23.732095719000142],[91.10973358200016,23.715599061000148],[91.09899139400005,23.706909179000032],[91.1273193360002,23.667749406000098],[91.16131591700014,23.67071533300009],[91.20453600000013,23.650528000000183],[91.20846550599998,23.68657289600003],[91.15418207200008,23.688538005],[91.14912414500003,23.711668014000054],[91.17239379800003,23.752014160000158],[91.22052764900013,23.740924835000044],[91.22711181700015,23.793226243000106],[91.25399001100006,23.83715420800019],[91.22954559400017,23.880739212000094],[91.24612426800019,23.91322517400016],[91.23295593300014,23.92709541400006],[91.27530670100003,23.92641830500008],[91.26393127500012,23.944370271000082],[91.27331543000003,23.966674806000185],[91.28367614800004,23.98310279800017],[91.28760528500015,23.96817207400011],[91.29946899300012,23.97265052900019],[91.29428900100015,24.001299],[91.31163024800014,24.039733887000068],[91.28406524600007,24.06079101600005],[91.29313659600012,24.09353637800007],[91.26764678900008,24.093692780000083],[91.270836,24.112543],[91.29247284000007,24.117498398000127],[91.26171112100013,24.1463527680001],[91.27721405000005,24.181518556000068],[91.3131637570001,24.183321],[91.3126602160001,24.203491211000085],[91.27721405000005,24.203069686000102],[91.32401275600006,24.2295417790001],[91.3250350960001,24.260551452000186],[91.30172729400005,24.266389848000077],[91.28599548400007,24.223369599000137],[91.26695251400008,24.223268510000022],[91.19488525499997,24.23984336900014],[91.17358398400012,24.265220643000077],[91.13384246900017,24.24309730599998],[91.08510589600013,24.241121292000116],[91.08996582100013,24.211326600000117],[91.03784179600012,24.21017265400019],[90.98513793900008,24.152574540000103],[91.0442276,24.10992622400011],[91.05311584400005,24.08315277200018],[90.97412109500016,24.01987457400014],[90.97278595000012,23.96943092300006],[90.91404724200015,23.873468399000046],[90.89756012000004,23.862678528000178],[90.85810089100005,23.87903785700007],[90.83317566000017,23.863203050000035],[90.76219940200019,23.860054016999985],[90.76665496800007,23.80464363100009],[90.72250366200007,23.72559165900003],[90.74111175600012,23.692621232000075],[90.7631149300001,23.699045182000134],[90.77669525100009,23.683052063000165],[90.78727722200017,23.690273284000174],[90.77957153300008,23.73296737700014]]],[[[91.16153299899997,23.66459000100008],[91.16113302100013,23.665103641000147],[91.16204791400003,23.663929111000126],[91.16153299899997,23.66459000100008]]],[[[91.16066741900016,23.666465759],[91.16082758900006,23.66613598100008],[91.16074371300004,23.66648483200009],[91.16066741900016,23.666465759]]]]}},{"type":"Feature","properties":{"district_id":"chittagong_chandpur","division":"Chittagong","district":"Chandpur"},"geometry":{"type":"MultiPolygon","coordinates":[[[[90.647499,22.985773000000165],[90.6672973630001,23.054922104000127],[90.69783020100006,23.06199455300009],[90.73089599500014,23.04190254200006],[90.75205230700004,23.067554474000133],[90.79309845000006,23.07902908400007],[90.79598999000007,23.11807823200019],[90.83630371200019,23.13815116900003],[90.84682464500014,23.167060852000077],[90.8914947510001,23.171972275000087],[90.90202331600005,23.15260124200006],[90.9554214480001,23.145978929000027],[90.9639892580002,23.128343583000174],[91.01112365700004,23.146699905000162],[90.99968719500004,23.179801941000107],[91.02857208199998,23.222118377000186],[91.02365875100014,23.24734497100019],[90.99444580000005,23.29244804500013],[90.98066711400008,23.287635804000107],[90.95589447100002,23.348188400000026],[90.93246460000006,23.34713554500007],[90.9302368160001,23.376852035000127],[90.898086547,23.395978928999966],[90.87700653200011,23.454420090000102],[90.84226226900017,23.47571373000017],[90.79428100500013,23.433534623000128],[90.7710418710001,23.449275971000187],[90.75668334900007,23.416030883000136],[90.73650360100015,23.427612306000125],[90.73634338300002,23.414863586000138],[90.71078491300005,23.435218812000134],[90.68775177100014,23.49247551000002],[90.64131927500006,23.503704072000065],[90.57595825200008,23.49538230900015],[90.57762146000005,23.451490402000157],[90.53868866100004,23.379087447000185],[90.59178924600008,23.33388519400017],[90.55113220200013,23.296216964000113],[90.60179138300009,23.236789704000046],[90.60625457700007,23.20653343200002],[90.63772582900009,23.220836638999973],[90.65333557100007,23.123613358],[90.63583374000012,23.02472305200007],[90.647499,22.985773000000165]]],[[[90.55925750700015,23.094661712000118],[90.59139299900005,23.168484001000138],[90.5887146,23.175382614000114],[90.55532097100007,23.133491916000086],[90.55925750700015,23.094661712000118]]],[[[90.64444732700002,23.118055343000155],[90.64499700000016,23.141388],[90.63388800100017,23.15222399900017],[90.63694800000013,23.131390001000174],[90.64444732700002,23.118055343000155]]],[[[90.639442,23.164442000000125],[90.635277,23.155834],[90.64138800000012,23.148333],[90.639442,23.164442000000125]]],[[[90.63416300100016,23.174722999000153],[90.64111300000013,23.181946],[90.6363910010001,23.18722200000019],[90.63416300100016,23.174722999000153]]],[[[90.59423800000013,23.181417],[90.59305572600005,23.18728828500008],[90.5926510000001,23.177345000000116],[90.59423800000013,23.181417]]]]}},{"type":"Feature","properties":{"district_id":"chittagong_chittagong","division":"Chittagong","district":"Chittagong"},"geometry":{"type":"MultiPolygon","coordinates":[[[[92.1194915760002,21.907985687],[92.17504119900013,21.910175323000033],[92.15937805200008,21.94441032400016],[92.19578552100006,21.951969146000124],[92.21408081100014,21.974773407],[92.20275878800015,21.999727249000046],[92.2162399300002,22.00522232100013],[92.17745971700003,22.024353028000178],[92.1613082880001,22.043632509000137],[92.1764450070001,22.063953401000163],[92.14116668700007,22.09167289700002],[92.1704711920001,22.104980469000118],[92.16007232700008,22.128772736000087],[92.170753478,22.144559861000058],[92.13762664800004,22.234466553000118],[92.15461731,22.32362747200006],[92.13208007800012,22.35093116800016],[92.1400527950001,22.367403030000048],[92.12039184600008,22.366678239],[92.09915161100008,22.40040206900005],[92.14279174800015,22.436672211000086],[92.10182952900016,22.575113296000154],[92.075798034,22.59354591500005],[92.08039093100018,22.609594345000065],[92.04525756800014,22.607097625000055],[92.03546142600015,22.62262725800008],[92.00592040900011,22.586553574000106],[92.02808380100015,22.527748109000072],[92.02153015100004,22.50915146000017],[91.98091888500005,22.48325347900004],[91.98938751200006,22.49020004200008],[91.97036743100006,22.49531364400008],[91.96923065200008,22.548292159000084],[91.94125366200018,22.607259750000082],[91.93243408300009,22.652400970000084],[91.94297790500013,22.66895675600017],[91.92393493700013,22.69923401000011],[91.88330841100009,22.697237016000088],[91.88695526200013,22.76583290100001],[91.85645294300008,22.756992341000057],[91.8568115240002,22.777704239000112],[91.81202697800018,22.793287276999987],[91.79287719600006,22.76881980800016],[91.75474548400018,22.86208915800012],[91.71642303400017,22.886940003000067],[91.7306442250001,22.94022369500004],[91.71310424800004,22.98869514400019],[91.64532470700016,22.985126496000138],[91.61988067700003,22.938545226000144],[91.59767913900004,22.975713730000052],[91.56592559900014,22.94705581700009],[91.54166412400008,22.956216811999976],[91.52471923800016,22.943004607999963],[91.53888702400019,22.932090759000175],[91.53073883000013,22.913255691000135],[91.45870971699998,22.901966095000038],[91.47449493400018,22.87488937300003],[91.44307708700006,22.802230836000035],[91.45527648900014,22.749450683000074],[91.46415710500003,22.76028061000011],[91.46722412100013,22.760280610000105],[91.45722198500016,22.733888626000063],[91.55999755900007,22.661945343000127],[91.708611,22.487499],[91.74583435000005,22.399166107000095],[91.76560974100016,22.272258759000124],[91.7983322140002,22.22610855200003],[91.81469726600017,22.22969246000008],[91.831657409,22.13529014600005],[91.86250305100009,22.114164354000028],[91.87972259600014,22.042779924000172],[91.87035369900008,22.002861023000154],[91.88821411100008,21.947641373000067],[91.90733337400007,21.934429169000055],[91.9165649420001,21.85841941800004],[91.92409515500009,21.87729454200019],[91.96610260100016,21.88394546600017],[91.971946717,21.90434074399997],[92.03625488300014,21.904014587000066],[92.03971099800003,21.923837663000143],[92.0571746830002,21.924051285000075],[92.06005096400008,21.907798766000095],[92.11849975500007,21.93458175600011],[92.1194915760002,21.907985687]]],[[[91.87638899900008,22.046111999000118],[91.87579300100015,22.045923000000187],[91.87666299900019,22.045694001000186],[91.87638899900008,22.046111999000118]]],[[[91.47774505700005,22.402431489000094],[91.51020813000014,22.387212754000075],[91.55613708500006,22.399442672000134],[91.57055664100017,22.450000763000105],[91.50360870400016,22.5611095430001],[91.448608,22.61639],[91.41416900000019,22.59778000000017],[91.40611300000012,22.575560000000166],[91.4416732790001,22.455001830000132],[91.47774505700005,22.402431489000094]]],[[[91.40481567400008,22.652391435000084],[91.3777771,22.680280686000117],[91.36110687400009,22.661390304000125],[91.37277984600007,22.691110612000156],[91.3480680000002,22.713054999000175],[91.31749725300017,22.649444578999976],[91.38722229000012,22.606109619000048],[91.40481567400008,22.652391435000084]]]]}},{"type":"Feature","properties":{"district_id":"chittagong_comilla","division":"Chittagong","district":"Comilla"},"geometry":{"type":"Polygon","coordinates":[[[91.18602752700019,23.060064316000137],[91.31208038400007,23.048608781000098],[91.33076477000009,23.06629371700018],[91.37189483700013,23.069395065000094],[91.32331799900004,23.15822],[91.32654571500012,23.252437592000152],[91.30019400000015,23.292421000000108],[91.31441497800017,23.299583434000116],[91.30947112900009,23.314001085000143],[91.28979492200006,23.318658828000142],[91.32002258300008,23.360237121000125],[91.29099273600019,23.350790024000162],[91.29430389400005,23.374847413],[91.27969360400004,23.37677764900002],[91.24925994800009,23.49031257700005],[91.20070648200016,23.52016258300017],[91.21293640099998,23.548145294000104],[91.19438171399997,23.547323228000096],[91.17801666200006,23.591884614000154],[91.1624374390002,23.595195771000075],[91.15643294000017,23.669300138000153],[91.1273193360002,23.667749406000098],[91.09899139400005,23.706909179000032],[91.10973358200016,23.715599061000148],[91.06764221200008,23.732095719000142],[91.03529357900004,23.79541778600014],[90.90117645200013,23.766468047000163],[90.87079620300011,23.718654632000096],[90.79859924300001,23.746068954000123],[90.7748336790001,23.714063644000195],[90.7855911260001,23.686904907000102],[90.74094390800008,23.692554474000076],[90.72651672500018,23.662851334000038],[90.67650604200004,23.680034637000063],[90.64011383100012,23.674678803000116],[90.62992858900009,23.620786668000164],[90.655517578,23.61725807300013],[90.66678619400017,23.58959388700003],[90.64727783200004,23.589153291000173],[90.6469955440001,23.575990677000167],[90.68728637700019,23.55737113900005],[90.71087646500018,23.51555061400006],[90.68775177100014,23.49247551000002],[90.71078491300005,23.435218812000134],[90.75483703700007,23.415079116000186],[90.77088928200016,23.44917488100015],[90.79411316,23.433469773000127],[90.84226226900017,23.47571373000017],[90.87700653200011,23.454420090000102],[90.898086547,23.395978928999966],[90.9302368160001,23.376852035000127],[90.93246460000006,23.34713554500007],[90.95589447100002,23.348188400000026],[90.98066711400008,23.287635804000107],[90.99444580000005,23.29244804500013],[91.02365875100014,23.24734497100019],[91.02857208199998,23.222118377000186],[90.99968719500004,23.179801941000107],[91.01112365700004,23.146699905000162],[90.98174285900018,23.13736915600009],[90.98450469900007,23.11781692400001],[91.03556060900013,23.11465644900011],[91.04299163700017,23.090431214000034],[91.07943725500013,23.071601868000126],[91.15990448000014,23.084072113000158],[91.18602752700019,23.060064316000137]]]}},{"type":"Feature","properties":{"district_id":"chittagong_cox_s_bazar","division":"Chittagong","district":"Cox'S Bazar"},"geometry":{"type":"MultiPolygon","coordinates":[[[[92.33638763500016,20.74111175600018],[92.31515503000008,20.887252807000042],[92.27030181800006,20.9419708260001],[92.2583236690001,21.078792572000054],[92.22371673500004,21.119899751],[92.2004394540001,21.12437248300006],[92.19933300000021,21.16128499900014],[92.175804,21.15997900000019],[92.16624450700004,21.221006394000142],[92.19270324700011,21.266630174000117],[92.15185546800012,21.321760177],[92.1264495850001,21.40048599199997],[92.14351654000006,21.399976730000166],[92.16397857600009,21.43192482000012],[92.18778991699999,21.426485061999987],[92.20188140900012,21.39052581700002],[92.24697876000016,21.40301704500007],[92.22937011700009,21.446342468000072],[92.2422485360001,21.452133179],[92.23876190200008,21.47532463100004],[92.20142364500009,21.514070511000114],[92.17479705800008,21.507480622000113],[92.15953827000004,21.533180237000128],[92.1846771230002,21.568387986000115],[92.17357635500008,21.599985122000195],[92.14724731400003,21.595808029000185],[92.140457,21.618434999000044],[92.09879302900009,21.643905640000128],[92.11220550500013,21.666028977000167],[92.09230804500015,21.688480377000072],[92.11420440600006,21.70569992100019],[92.1157989510001,21.741113663000082],[92.15820312500017,21.734588622000103],[92.17642974900008,21.78917312700014],[92.18067169300008,21.789157867000142],[92.1809158320001,21.778480529000092],[92.18869018600014,21.773853302000077],[92.21215820300006,21.785560608000143],[92.20538330100015,21.814910889000032],[92.1865844730001,21.819198609000065],[92.17288208000008,21.847230911000054],[92.1902084350001,21.776514054000188],[92.17902374300013,21.79156685000004],[92.17465972900004,21.789613723000173],[92.16517639200009,21.774551392000145],[92.130523681,21.800001145000067],[92.1081390390001,21.79248619000009],[92.07656097400007,21.817333222000173],[92.0897979740002,21.84015274100011],[92.08335876500007,21.876749039000117],[92.0571746830002,21.924051285000075],[92.03929138300003,21.923666],[92.03625488300014,21.904014587000066],[91.971946717,21.90434074399997],[91.96538543700018,21.883420944000136],[91.92231750400015,21.875244141000113],[91.855736,21.686201],[91.883919,21.647198],[91.87761700000016,21.684586],[91.88220200000012,21.691311],[91.91027100000014,21.707718000000114],[91.905113,21.727352000000163],[91.905693,21.734080999000128],[91.90969800000016,21.738111],[91.913712,21.707718000000114],[91.8799210000002,21.685270000000116],[91.89451599100016,21.645851136000147],[91.87274900000011,21.582644000000126],[91.899391,21.577265],[91.87249800000012,21.560556],[91.89708700000017,21.54122000000018],[91.85194400000017,21.531111],[91.866806,21.521641],[91.87160500100003,21.50302900100013],[91.85396600100002,21.521173],[91.86828600100006,21.50108100000017],[91.9067540000001,21.47455200000019],[91.893089,21.520781000000174],[91.91198700000018,21.501684000000125],[91.9755783080002,21.509479524000138],[91.98845700000015,21.630520000000164],[91.9606930000001,21.667370000000172],[91.93633999900015,21.74698999900011],[91.93891100100006,21.75317199900019],[91.94835700000016,21.758553000000177],[91.94525900000014,21.77500000000015],[91.95249938900015,21.78777694700011],[91.9572219850001,21.790279389000034],[91.9741668710002,21.78972244300013],[91.95305633500004,21.78639030500011],[91.950447,21.760230999000154],[91.9386290000001,21.749811],[91.96096800000015,21.67598000099997],[91.983887,21.694805000000144],[91.96154,21.67140800000016],[91.97959900000018,21.65573100000012],[91.994484,21.659571],[92.02082800000017,21.65971899900012],[91.99562799900008,21.646120001000103],[92.00859799900013,21.60111000000018],[92.01873800100014,21.605911],[92.00945300100017,21.621941000000163],[92.009163,21.62778299900009],[92.034073,21.658741000000134],[92.0402830000001,21.653620000000103],[92.010002,21.626666999000122],[92.019447,21.60444099900019],[91.99333953900009,21.57592010500008],[91.9999999990002,21.51861199900003],[92.00920883600014,21.51197414700005],[92.00861358600008,21.501668930000108],[92.01725800100007,21.500767000999986],[92.02034,21.497862],[92.009163,21.499165],[92.0,21.51555800000017],[91.97415900000016,21.47392100000019],[91.970139,21.45138500000019],[91.97729500000015,21.452999000000148],[91.98130798300008,21.450309754000042],[91.97471618700018,21.44681167700008],[91.970139,21.450309999000126],[91.96841400000017,21.453268001000136],[91.968445,21.474944999000115],[91.94951600000013,21.460259999000073],[92.01879120000018,21.36602020400005],[92.04776800000019,21.29917],[92.04722600000014,21.184723],[92.18444824199997,21.020000457000037],[92.2278060920001,20.909860611000113],[92.31333160400004,20.760280609000063],[92.33638763500016,20.74111175600018]]],[[[91.91227699900014,21.474822999000136],[91.91279600100006,21.47556500000013],[91.90995,21.47399300000012],[91.91227699900014,21.474822999000136]]],[[[91.85074600000013,21.525202],[91.84763300000014,21.525372],[91.84992200000016,21.523487],[91.85074600000013,21.525202]]],[[[91.8696900000001,21.566793000000136],[91.86084000000011,21.57185],[91.86325800000014,21.560341],[91.8696900000001,21.566793000000136]]],[[[91.843246459,21.737573624000163],[91.89552307100018,21.86653328000011],[91.87376403900015,21.923412323000147],[91.84633636400014,21.899351120000116],[91.843246459,21.737573624000163]]],[[[91.99166900000017,21.600834],[91.998611,21.601666998999974],[91.99639100100018,21.607779],[91.99166900000017,21.600834]]],[[[91.98444399900018,21.64833300000015],[91.98999800100017,21.656666],[91.979721,21.654722000000163],[91.98444399900018,21.64833300000015]]]]}},{"type":"Feature","properties":{"district_id":"chittagong_feni","division":"Chittagong","district":"Feni"},"geometry":{"type":"MultiPolygon","coordinates":[[[[91.45555899900006,22.73889],[91.45619199900005,22.73753500000015],[91.45597799900008,22.739587999000094],[91.45555899900006,22.73889]]],[[[91.45555900000016,22.74222],[91.45578000000017,22.741438000000127],[91.45555881800016,22.74360997100018],[91.45555900000016,22.74222]]],[[[91.45472000000018,22.750555],[91.454826,22.750450000000114],[91.45478800000012,22.75083700000016],[91.45472000000018,22.750555]]],[[[91.45030975400017,22.77772331300008],[91.448608,22.767778000000135],[91.4544448690001,22.75527413100019],[91.45382690400004,22.767396927000107],[91.45030975400017,22.77772331300008]]],[[[91.43472300000013,22.776667],[91.42665900000014,22.793816000000163],[91.42361500000015,22.791113000000166],[91.43472300000013,22.776667]]],[[[91.44307708700006,22.802230836000035],[91.47447204600007,22.875631333000168],[91.45870971699998,22.901966095000038],[91.51221466000004,22.90184402400013],[91.53881835900012,22.929908752000188],[91.52748108000003,22.947309494000024],[91.56592559900014,22.94705581700009],[91.57675933900015,22.96537399300013],[91.54244995100004,22.999652862000175],[91.55028533900014,23.038547516999984],[91.53043365600008,23.038436890000188],[91.52976200600011,23.091596652000195],[91.49468200000018,23.147223],[91.50716400100004,23.15440559400014],[91.49088299300014,23.15776278800007],[91.491669,23.177711],[91.50735473700001,23.18334388700003],[91.47424300000011,23.188837],[91.484367,23.209335000000184],[91.4505,23.219599000000187],[91.47024478700013,23.227777334000052],[91.4485397330002,23.243886947000078],[91.45393370600016,23.25640103900008],[91.418251,23.255611000000158],[91.40883638300011,23.285321876000125],[91.4156720000002,23.244883000000183],[91.38070000000012,23.208567],[91.379868048,23.184612337000033],[91.42199699100013,23.059249992999984],[91.37189483700013,23.069395065000094],[91.33076477000009,23.06629371700018],[91.31198120200003,23.048593521000043],[91.25897216800007,23.054618835000156],[91.25234985300006,22.960475921000068],[91.26312256000011,22.945898056000086],[91.2467269890002,22.900838852000106],[91.26533508300008,22.881500243000062],[91.27634429900007,22.899389267000174],[91.29989624000007,22.89402771000005],[91.34111785900006,22.913293838000186],[91.35254669300014,22.89559745900016],[91.32847595200008,22.881664276000095],[91.35216522200007,22.852420808000037],[91.33943176300016,22.86032867400007],[91.33493042000015,22.842021943000194],[91.310799,22.844543000000158],[91.33816498900012,22.821046750000104],[91.3124313350001,22.810522080000055],[91.33923325100005,22.7889709750001],[91.36817890900016,22.80163004000008],[91.42534026400006,22.75646460400003],[91.431656,22.773331],[91.41027800000012,22.81139],[91.43080900000012,22.839041000000183],[91.418053,22.810278],[91.44802880200007,22.78280425500003],[91.44307708700006,22.802230836000035]],[[91.38886377600005,23.179409696000054],[91.38983052500015,23.177173099000186],[91.38888500100013,23.178446],[91.38886377600005,23.179409696000054]]]]}},{"type":"Feature","properties":{"district_id":"chittagong_khagrachhari","division":"Chittagong","district":"Khagrachhari"},"geometry":{"type":"Polygon","coordinates":[[[91.85285949700011,22.77423858700007],[91.85620117100007,22.757097244000136],[91.87866210900006,22.76818084800004],[91.89494323700012,22.753751755000167],[91.87743377600009,22.723030090000123],[91.88415527300015,22.69632911600013],[91.9621429450001,22.690917970000044],[91.96664428600013,22.717792512000187],[91.99859619100016,22.72383117700008],[91.97517395100004,22.790666579000057],[91.97985077000004,22.833059311000053],[92.00066375800009,22.842346191],[92.01887512100012,22.884010316],[92.053764344,22.894319534000033],[92.07006836000005,22.933490754000104],[92.11831665100004,22.958614349000015],[92.07174682600004,23.072689057000105],[92.18108368000014,23.101949693000165],[92.13359832700002,23.20635986300016],[92.12506866500001,23.31899261600006],[92.04840850800008,23.36570739800004],[92.13681030300006,23.42969894400011],[92.11564636300005,23.555994034000033],[92.07379150499997,23.64758682400003],[92.0005340570001,23.670681001000105],[91.97805786100008,23.733341217000145],[91.94230700000014,23.681808001000036],[91.963921,23.578827001000036],[91.956238,23.52583499900004],[91.97518897900005,23.48241011300007],[91.94242107900004,23.466657699000052],[91.94273399900004,23.43524700100011],[91.89964294400005,23.440721513000085],[91.84503936800013,23.404769898000044],[91.83761596700009,23.37090682900009],[91.79028320200018,23.309082032000166],[91.77634429900019,23.244192124],[91.792068481,23.229167939000092],[91.81379699700017,23.119071961000028],[91.83573913500004,23.093185425000115],[91.80597686800019,23.063161851000192],[91.77445983800015,23.06971740800003],[91.78509521400008,23.031677246000072],[91.77121734600007,23.03679466300008],[91.71183776900011,22.98670578000008],[91.7306442250001,22.94022369500004],[91.71642303400017,22.886940003000067],[91.75474548400018,22.86208915800012],[91.77548980700016,22.794006348000096],[91.79345703100017,22.768314362000073],[91.81171417200005,22.793275834000045],[91.85285949700011,22.77423858700007]]]}},{"type":"Feature","properties":{"district_id":"chittagong_lakshmipur","division":"Chittagong","district":"Lakshmipur"},"geometry":{"type":"MultiPolygon","coordinates":[[[[90.9842,22.540869001000146],[90.988052,22.539722001000147],[90.98597700000016,22.542520999000086],[90.9842,22.540869001000146]]],[[[90.99385833700006,22.634267808000057],[91.01686859100006,22.68599128699998],[91.00785064800004,22.707201003000026],[90.98082733200005,22.715404510000152],[90.9813003540001,22.753984451000065],[90.88995361300016,22.811019898000037],[90.92684187600008,22.814067935000086],[90.94538888400007,22.83767113000016],[90.9429170000002,22.862226],[90.98640441800018,22.878572464000058],[90.99888610800014,22.97743988100018],[90.94425964300018,22.9981460570001],[90.93342590300011,22.98670005800011],[90.92073822100014,23.01398468100018],[90.88662719700005,23.025560379000126],[90.91880798300014,23.041894914000128],[90.89884185800008,23.071250915000178],[90.91908264100016,23.065502168000137],[90.91139221300013,23.079757691000058],[90.9452972420001,23.08587455800017],[90.9623565660001,23.137704849000045],[90.86804962200011,23.173530580000147],[90.79621124300013,23.1183910360001],[90.7920303350001,23.07817840700011],[90.75205230700004,23.067554474000133],[90.73089599500014,23.04190254200006],[90.69344329800009,23.062791824000044],[90.66263580400012,23.050968170000147],[90.65779876700003,23.023387909000178],[90.66967773400012,23.015453340000082],[90.647499,22.985556000000145],[90.662498,22.967222],[90.6744460000001,22.978889],[90.67888600000015,22.980247000000187],[90.6886140000002,22.97833400000013],[90.71494300000012,22.94378300000011],[90.739166,22.893055000000174],[90.773613,22.870277],[90.761665,22.866667000000177],[90.782501,22.827778000000137],[90.77749633900015,22.778055191000192],[90.83611300000018,22.678612],[90.891388,22.657778000000178],[91.02133900000018,22.552283000000156],[90.99385833700006,22.634267808000057]]],[[[90.870575,22.578611],[90.93211400000018,22.49701700000014],[90.977867,22.522684],[90.95805400000012,22.541945000000112],[90.94416800000012,22.535555],[90.95722200000017,22.544445],[90.92111200000011,22.57278100000013],[90.870575,22.578611]]],[[[90.85240200100014,22.66237600000017],[90.85103599900009,22.665858999000132],[90.84916699899998,22.66478700000016],[90.85240200100014,22.66237600000017]]],[[[90.747498,22.816941999],[90.73860900000017,22.836665999000047],[90.74472,22.81889000000018],[90.747498,22.816941999]]],[[[90.718613,22.898890000000165],[90.72916400000015,22.880556],[90.698059,22.94527600000015],[90.71360800000014,22.94083600000016],[90.6782070000001,22.979271],[90.66555800000015,22.964445000000126],[90.7249980000002,22.876665000000116],[90.718613,22.898890000000165]]],[[[90.7247240010002,22.909445],[90.721664,22.921389],[90.720268,22.922625],[90.7247240010002,22.909445]]],[[[90.71674300000018,22.930269000000123],[90.71774300000016,22.927589],[90.71796400000017,22.927521000000127],[90.71674300000018,22.930269000000123]]]]}},{"type":"Feature","properties":{"district_id":"chittagong_noakhali","division":"Chittagong","district":"Noakhali"},"geometry":{"type":"MultiPolygon","coordinates":[[[[91.08403800100012,22.062529000000154],[91.057777,22.057780999000155],[91.057541,22.030433999000028],[91.08257300000014,22.051686999000086],[91.08403800100012,22.062529000000154]]],[[[91.135254,22.131157],[91.19073486300016,22.245183946000054],[91.18519592300017,22.298418045000062],[91.12970733600008,22.402221680000082],[91.06916809100011,22.426944733000084],[91.06833600000012,22.247221],[91.014717,22.10778],[91.06022600000018,22.07988400000011],[91.135254,22.131157]]],[[[91.16513800000013,22.477406],[91.19333600000016,22.505569],[91.15389300000015,22.503334],[91.12055200100008,22.468333999000038],[91.16513800000013,22.477406]]],[[[91.080002,22.461664000000155],[91.14917000000014,22.511944],[91.15110800000014,22.5369510000001],[91.14222000000012,22.534166],[91.13277400000015,22.544722],[91.1302800000002,22.538055],[91.09166700000014,22.517776],[91.080002,22.461664000000155]]],[[[91.07138800000018,22.49027600000017],[91.050003,22.512781],[91.069168,22.482500000000186],[91.07138800000018,22.49027600000017]]],[[[91.16333,22.52111200000013],[91.260277,22.56333],[91.243607,22.611670000000117],[91.26139100000017,22.633055],[91.28138700000017,22.63833000000011],[91.2558360000001,22.679171000000114],[91.236664,22.677776000000165],[91.229156,22.681393000000128],[91.24388900000014,22.683056],[91.23361200000016,22.704180000000118],[91.21167,22.70472100000012],[91.189163,22.730276000000117],[91.25805700000018,22.695551],[91.29894256600016,22.741069793000122],[91.27027893000013,22.74583244300004],[91.27055358800015,22.759445191000168],[91.27388763400012,22.746665955000083],[91.30722045900006,22.744722366000133],[91.38667300000014,22.75333000000018],[91.38694800000013,22.76639],[91.361412,22.772259000000137],[91.37760197000011,22.783060075000037],[91.37019348200016,22.80008125300009],[91.33880615200019,22.789049149000164],[91.31154593800011,22.81285131000004],[91.338116179,22.8206761510001],[91.30977630600006,22.84197425900015],[91.33506774900019,22.842098237000073],[91.33943176300016,22.86032867400007],[91.35193634100006,22.851978302000187],[91.32846069400006,22.882133485000054],[91.35260772800012,22.89846038800016],[91.34056091300016,22.91346931400011],[91.29989624000007,22.89402771000005],[91.27634429900007,22.899389267000174],[91.26557159500015,22.881547928000032],[91.24824524000013,22.893991471000106],[91.26312256000011,22.945898056000086],[91.25234985300006,22.960475921000068],[91.25804138200016,23.055253983000114],[91.18526458700012,23.060251237000045],[91.15990448000014,23.084072113000158],[91.07943725500013,23.071601868000126],[91.04299163700017,23.090431214000034],[91.03556060900013,23.11465644900011],[91.02216339100005,23.1064281460001],[90.98450469900007,23.11781692400001],[90.9803085320001,23.13337135300014],[90.95626831100009,23.130216598000118],[90.9452972420001,23.08587455800017],[90.91139221300013,23.079757691000058],[90.91908264100016,23.065502168000137],[90.89884185800008,23.071250915000178],[90.91880798300014,23.041894914000128],[90.88662719700005,23.025560379000126],[90.92073822100014,23.01398468100018],[90.93342590300011,22.98670005800011],[90.94425964300018,22.9981460570001],[90.99888610800014,22.97743988100018],[90.98640441800018,22.878572464000058],[90.9429170000002,22.862226],[90.94538888400007,22.83767113000016],[90.92684187600008,22.814067935000086],[90.88995361300016,22.811019898000037],[90.9813003540001,22.753984451000065],[90.98082733200005,22.715404510000152],[91.00985717700007,22.705240249000155],[91.01705932700021,22.67895317200004],[90.98841095000006,22.639324188000103],[91.03221900000011,22.540279000000112],[91.077774,22.49833500000011],[91.089996,22.52027900000013],[91.113335,22.539446000000112],[91.129173,22.539440000000127],[91.121948,22.56304],[91.14277600000014,22.534719000000166],[91.15305300000011,22.540833000000134],[91.15944700000017,22.53639],[91.16333,22.52111200000013]]],[[[91.003334,22.089998],[90.97416700000015,22.051111000000105],[90.989021,22.02302400000019],[91.02749600000016,22.053333000000123],[91.02777900000012,22.075560000000113],[91.003334,22.089998]]],[[[91.01024600000017,22.09623500000015],[91.011398,22.094978],[91.011673,22.094984000000185],[91.01024600000017,22.09623500000015]]],[[[91.01339700000011,22.10401299900019],[91.01111600100012,22.103733],[91.01454899900011,22.102807999000163],[91.01339700000011,22.10401299900019]]],[[[91.00861400000014,22.328888],[91.00722500000012,22.337778],[91.007767,22.328331000000162],[91.00861400000014,22.328888]]],[[[91.01139100100016,22.236111],[91.023888,22.267220999000074],[91.02221700100006,22.27417],[91.01139100100016,22.236111]]],[[[91.024719,22.276669],[91.030548,22.31555899900008],[91.01667000100014,22.305834],[91.024719,22.276669]]],[[[91.028343,22.320829000000117],[91.00750000000016,22.325281],[91.014725,22.308056000000192],[91.028343,22.320829000000117]]],[[[91.04389200000014,22.370281000000148],[91.018059,22.35306],[91.03221900000011,22.33556],[91.053612,22.34611100000012],[91.04389200000014,22.370281000000148]]],[[[91.051392,22.35944],[91.056107,22.36306],[91.053047,22.362780000000157],[91.051392,22.35944]]],[[[91.056946,22.366671],[91.043327,22.37528],[91.04972100000015,22.361391],[91.056946,22.366671]]],[[[91.03722400000015,22.388613],[91.01999700000016,22.421120000000148],[91.044724,22.411945],[91.04722600000014,22.442501000000163],[91.01944700000013,22.45944600000013],[90.9911120000001,22.454445],[91.008888,22.36389],[91.03722400000015,22.388613]]],[[[91.04750100000012,22.434440999],[91.050003,22.433331001],[91.0505519990001,22.43806100100005],[91.04750100000012,22.434440999]]],[[[90.93211400000018,22.49701700000014],[90.94110900000015,22.491945],[90.94305400000013,22.50318700000014],[90.93211400000018,22.49701700000014]]],[[[90.945297,22.50448200000017],[90.94944800000019,22.49138800000014],[90.987221,22.508055000000187],[90.977867,22.522684],[90.945297,22.50448200000017]]],[[[91.245865,22.427578000000153],[91.26421399900005,22.415342000000123],[91.25858300100009,22.435127],[91.245865,22.427578000000153]]],[[[91.271759,22.447882],[91.277092,22.441099000000175],[91.2768940000002,22.447601],[91.271759,22.447882]]],[[[91.311943,22.562778],[91.27138500000018,22.525278001000174],[91.283043,22.499985],[91.31277500100009,22.539167000000134],[91.311943,22.562778]]],[[[91.19805900000011,22.504444],[91.18990300000013,22.520477],[91.17749800000013,22.51417],[91.19805900000011,22.504444]]],[[[91.27222400000016,22.5758340000001],[91.277779,22.593891],[91.269447,22.574167],[91.27222400000016,22.5758340000001]]],[[[91.284447,22.62528],[91.245827,22.6102810000001],[91.2649990000001,22.5758340000001],[91.28389000000016,22.603613000000106],[91.284447,22.62528]]],[[[91.3174971270002,22.649551058000043],[91.3480680000002,22.713054999000175],[91.32972000100006,22.72361400100004],[91.29555500100015,22.70944200100018],[91.3174971270002,22.649551058000043]]],[[[91.42534026400006,22.75646460400003],[91.4075010000002,22.75556000000012],[91.42111200000016,22.749445],[91.42534026400006,22.75646460400003]]]]}},{"type":"Feature","properties":{"district_id":"chittagong_rangamati","division":"Chittagong","district":"Rangamati"},"geometry":{"type":"Polygon","coordinates":[[[92.4849472040001,22.21345520100016],[92.52400970400004,22.0246963510001],[92.58573150600006,21.882682800000172],[92.61390686100009,21.85190773000005],[92.62667846700009,21.884580613000082],[92.59335327100018,22.03404617200016],[92.60263824400005,22.061859131000062],[92.5625076300002,22.1282730100001],[92.57820129400017,22.14360427800011],[92.60548400900007,22.123313905000035],[92.609283447,22.164211274000024],[92.59505462599998,22.17546463100007],[92.58122253500011,22.32180404600013],[92.55205535800008,22.40903282100004],[92.55117797900006,22.51373291000016],[92.52177429199999,22.560251237000163],[92.53916931200008,22.58965301500018],[92.52856445300006,22.66577148400006],[92.50773620600006,22.736883164000062],[92.47386932400008,22.74634933500016],[92.44753265300011,22.89359092700005],[92.43418121300016,22.885667801000125],[92.41927337600009,22.919355392000057],[92.40133667100002,22.91199875000012],[92.39782714900008,22.9294300090001],[92.37170410200002,22.93621254000004],[92.39225006000004,23.056503296000187],[92.35786438100008,23.10353088500006],[92.36801910400015,23.127538682000083],[92.34671020600007,23.23578834500006],[92.40337371900017,23.24142837600016],[92.3809280390002,23.285280228999966],[92.38568878200005,23.306261061999976],[92.36425018300014,23.323263169000143],[92.3790435790001,23.362106324000028],[92.356109619,23.37274742200009],[92.35734558200005,23.41062164300007],[92.3170166020001,23.47181320200019],[92.30809783900014,23.577762604000156],[92.28711700400015,23.596151351000117],[92.29584503200005,23.621477128000095],[92.27293395900017,23.641729355000052],[92.28926086400003,23.70197677700014],[92.24941253700018,23.724306106000142],[92.2381362910001,23.670270919000075],[92.21146392800011,23.65315246700015],[92.20697021500018,23.70065116800015],[92.17768097000015,23.707670212000036],[92.16235351500018,23.739711761000024],[92.10589599600007,23.676513672000173],[92.08306884700005,23.680126191000173],[92.07379150499997,23.64758682400003],[92.11564636300005,23.555994034000033],[92.13681030300006,23.42969894400011],[92.04840850800008,23.36570739800004],[92.12506866500001,23.31899261600006],[92.13359832700002,23.20635986300016],[92.18108368000014,23.101949693000165],[92.07174682600004,23.072689057000105],[92.11831665100004,22.958614349000015],[92.07006836000005,22.933490754000104],[92.053764344,22.894319534000033],[92.01887512100012,22.884010316],[92.00066375800009,22.842346191],[91.98065948500005,22.834329605000168],[91.97595214800005,22.786432266000077],[92.00141143800016,22.726812362000086],[91.96664428600013,22.717792512000187],[91.96253967400014,22.69103813100014],[91.92572784400005,22.680366516000106],[91.94305419900007,22.668687821000045],[91.93243408300009,22.652400970000084],[91.94125366200018,22.607259750000082],[91.96923065200008,22.548292159000084],[91.97036743100006,22.49531364400008],[91.98938751200006,22.49020004200008],[91.98091888500005,22.48325347900004],[92.01616668700018,22.49922561699998],[92.02808380100015,22.527748109000072],[92.0064086920001,22.581626892000145],[92.01285552900015,22.604944229000065],[92.03744506900006,22.623250962000157],[92.04525756800014,22.607097625000055],[92.08104705700009,22.608993531000067],[92.075798034,22.59354591500005],[92.10420990000017,22.570095063000167],[92.14044952300009,22.44951248300004],[92.14274597100018,22.43656158400006],[92.09914398300015,22.400665284000066],[92.12039184600008,22.366678239],[92.14011383000008,22.367311478000094],[92.13294982900004,22.349517822000106],[92.18843841500018,22.346366882000154],[92.20825958300009,22.330457687000035],[92.28089141900006,22.355691909000143],[92.3671493540001,22.33909797700011],[92.46163940400015,22.256450654],[92.4849472040001,22.21345520100016]]]}},{"type":"Feature","properties":{"district_id":"dhaka_dhaka","division":"Dhaka","district":"Dhaka"},"geometry":{"type":"Polygon","coordinates":[[[90.44873809800015,23.666685104000127],[90.51279449500004,23.709568023000088],[90.47092437800018,23.783552170000178],[90.48778534000013,23.817638397000053],[90.46456146200006,23.844446183000173],[90.4600448610002,23.89456176700003],[90.43820190500014,23.901063919000137],[90.39569854800015,23.88018226600019],[90.37715148900008,23.89804077200006],[90.35028076200012,23.882259368000064],[90.34084320000017,23.955570221000016],[90.30017089900014,23.948835373],[90.29781341600005,23.961874009000102],[90.26013183600008,23.971130372000058],[90.25006866400008,23.991867066000054],[90.26004791200012,24.014835358000084],[90.24497223000009,24.033788681000033],[90.23986053500016,24.00928115800008],[90.19178009000007,24.014039993000097],[90.17637634300019,24.0003299710001],[90.14769744900013,24.033506393000152],[90.1081771850001,24.017570496000136],[90.07508087200006,24.041154861000052],[90.02470397900015,24.021039963000195],[90.01208496200013,24.042526245000033],[90.00756836000016,24.01137352100011],[90.05642700200008,23.99955749500015],[90.0380172720001,23.9717159270001],[90.07423400900007,23.959842681000055],[90.06923675500013,23.906820297000024],[90.10800170900018,23.895784379000137],[90.15052032400018,23.828241349],[90.18540954600019,23.818302156000186],[90.20354461599999,23.837984086000116],[90.24539947500017,23.83895111100009],[90.24114227299998,23.778171540000127],[90.21855926500001,23.7483139040001],[90.25568389900008,23.715591431000064],[90.18840026900011,23.716562271000104],[90.14612579300012,23.74814033600012],[90.11470031800008,23.717157364],[90.1008377080001,23.73007583700013],[90.08068084700005,23.716913223000176],[90.05128478900014,23.725761414000146],[90.00708007800006,23.64399337800006],[90.0447616580002,23.62901115400013],[90.0464859010001,23.57393455500005],[90.12992872800015,23.565031098000134],[90.15824127100012,23.522169114],[90.17430877600009,23.52458191000017],[90.17705536000011,23.555578232000133],[90.20465087800005,23.565093994000165],[90.24957275300017,23.654434204999973],[90.28613281200012,23.673889161000147],[90.34526062000009,23.636974334000172],[90.39047241300017,23.64985656800008],[90.43019103900008,23.608604432000106],[90.472579956,23.632114411000146],[90.44873809800015,23.666685104000127]]]}},{"type":"Feature","properties":{"district_id":"dhaka_faridpur","division":"Dhaka","district":"Faridpur"},"geometry":{"type":"Polygon","coordinates":[[[89.68801116900016,23.21039199800009],[89.75147247300004,23.275793077000174],[89.72870636100004,23.303867340000178],[89.76461029100011,23.289608002000023],[89.82685852000009,23.347860336000053],[89.84040832500006,23.33144569500001],[89.86277771100015,23.33889961200009],[89.87077331500018,23.32131195000011],[89.90471649100006,23.342199326000127],[89.91680145200013,23.331678391000082],[89.90564727700013,23.31354522800018],[89.92066955600012,23.308214188000136],[89.96059417700008,23.328968049000025],[89.94699096700005,23.341608048000015],[89.95366668700012,23.360498429000074],[89.99192810000017,23.32570648300015],[90.01898956300005,23.325225831000182],[90.00375366200018,23.303489685000102],[90.01893615800014,23.286767959000144],[90.03407287500016,23.340572357000042],[90.06759643600003,23.305185319000092],[90.08448028500015,23.306053162000012],[90.1022644050001,23.333372117000064],[90.08403778100012,23.349016190000157],[90.09563446000016,23.401782990000132],[90.1116561880001,23.411180496000046],[90.093109131,23.412145614000114],[90.10890197700002,23.453660964000164],[90.14144100000016,23.47538],[90.15744800100003,23.466322],[90.18200681800016,23.498037121000042],[90.12992872800015,23.565031098000134],[90.0464859010001,23.57393455500005],[90.0447616580002,23.62901115400013],[89.89770507800019,23.67369079700006],[89.864883422,23.718933105000133],[89.84422302200011,23.713033676000066],[89.8473052980001,23.702671050000102],[89.84636688200004,23.701068878000058],[89.8125076300002,23.721958161000146],[89.79136657700008,23.71171569899997],[89.7898330700001,23.682886123000113],[89.7569351190001,23.678426742000173],[89.75573730500015,23.6665534980001],[89.72138214000017,23.67268180999997],[89.72843170300003,23.618984223000155],[89.754653931,23.597688676000185],[89.74131774900007,23.583221434999984],[89.7119979850001,23.596801759000073],[89.66975402800006,23.58518028200018],[89.65955352800002,23.609809875999982],[89.6464767450001,23.590871811000056],[89.61923980600011,23.58893394500012],[89.59629821800013,23.608551025000054],[89.593734741,23.594646453000106],[89.57215118500011,23.604572296000068],[89.54842376800008,23.591384888000164],[89.54611206000011,23.559928894000052],[89.50837707600004,23.59028434900017],[89.49890136699997,23.558645249000108],[89.53740692200017,23.535053253000168],[89.50061798000019,23.52013015900019],[89.49031829800009,23.482192994000116],[89.50695037899999,23.47733497600018],[89.50843048100006,23.50683784600017],[89.52607727100019,23.513109207000127],[89.60535430800013,23.473812103000114],[89.61758422900016,23.38689422600015],[89.5994110100001,23.37915992800004],[89.60372924700005,23.339361191000027],[89.64536285300017,23.29854774600005],[89.62100982700008,23.307718278000152],[89.62326812700007,23.294715881000172],[89.66905975300011,23.278343201000155],[89.63683319100016,23.26161575300006],[89.63323211700009,23.237163544000055],[89.67036437900003,23.24424552900007],[89.68801116900016,23.21039199800009]]]}},{"type":"Feature","properties":{"district_id":"dhaka_gazipur","division":"Dhaka","district":"Gazipur"},"geometry":{"type":"Polygon","coordinates":[[[90.464332581,23.848478318000108],[90.50211334200009,23.857769013000112],[90.52567291300011,23.896514893000187],[90.55398559500009,23.885890961000086],[90.57061767500005,23.895023346000134],[90.56039428800017,23.91109466600011],[90.60815429600018,23.92151641800018],[90.61809539700016,23.968418123000106],[90.65805053700007,24.013776779000185],[90.63533783000014,24.070777894000173],[90.63969421400014,24.106086731000115],[90.65663147000015,24.092304230000074],[90.70315551800002,24.10784912100013],[90.67628479100011,24.115665435000096],[90.69529724200015,24.139957428000173],[90.67169189400016,24.2048435210001],[90.68289184600013,24.244369506000112],[90.62242126500013,24.26861000200012],[90.57290649400016,24.24645042400016],[90.52106475800014,24.287702562000106],[90.52922058200011,24.30314064000009],[90.44287109400005,24.34113311800013],[90.40242767300009,24.282688142000154],[90.36249542200005,24.28100586000005],[90.35928344700011,24.3001365670001],[90.32535552900009,24.299188615000052],[90.29049682600004,24.277774811000143],[90.30083465500019,24.269355774000132],[90.29001617300014,24.22607803400013],[90.22591400200008,24.162385942000128],[90.21719360300017,24.128412247000142],[90.23043060400005,24.106035234000046],[90.200927734,24.09378051700014],[90.17309570200007,24.107786179000072],[90.17700195300006,24.074798585000053],[90.1577606210002,24.064273835000165],[90.14692688100014,24.02579116900006],[90.17637634300019,24.0003299710001],[90.19178009000007,24.014039993000097],[90.23971557599998,24.009210587000045],[90.24603271500018,24.033319474000052],[90.26013183600008,23.971130372000058],[90.29781341600005,23.961874009000102],[90.30017089900014,23.948835373],[90.34084320000017,23.955570221000016],[90.35028076200012,23.882259368000064],[90.37715148900008,23.89804077200006],[90.39569854800015,23.88018226600019],[90.45780181800012,23.89644622800012],[90.464332581,23.848478318000108]]]}},{"type":"Feature","properties":{"district_id":"dhaka_gopalganj","division":"Dhaka","district":"Gopalganj"},"geometry":{"type":"Polygon","coordinates":[[[89.85055542000003,22.888254165000095],[89.9194564820001,22.881057740000127],[89.922309875,22.86406517100011],[89.95591735800008,22.85339164800007],[90.01551056000005,22.86827468900003],[90.03480529700016,22.93384170600018],[90.05721282900004,22.93249893299998],[90.05824279800004,22.97128486600008],[90.08378601200019,22.981069564],[90.09477996700008,23.00684165900015],[90.12667083700012,23.005699158000024],[90.14377594000013,23.047836305000093],[90.12560272200011,23.026979447000144],[90.11483764700017,23.033967973000188],[90.11048126300017,23.066553117000126],[90.13162231400008,23.07070350700013],[90.1083831790001,23.076871873000186],[90.10904693600003,23.117403030000048],[90.07956695700005,23.113166809000123],[90.08084106400008,23.126016616000072],[90.04232025100004,23.10565185600018],[90.04414367700014,23.121297836999986],[90.01203918500016,23.13878059400014],[89.98422241200012,23.110494614000114],[89.93612670800007,23.118062973000065],[89.94364166200012,23.157211303],[89.96658325200008,23.164606094000195],[89.98473358100006,23.21823120200014],[90.0181732170002,23.230455400000153],[90.03128814700011,23.264284135000022],[90.0037689200002,23.303056717000175],[90.01898956300005,23.325225831000182],[89.99192810000017,23.32570648300015],[89.95366668700012,23.360498429000074],[89.94699096700005,23.341608048000015],[89.96059417700008,23.328968049000025],[89.92217254600013,23.308504105000054],[89.90564727700013,23.31354522800018],[89.91680145200013,23.331678391000082],[89.90471649100006,23.342199326000127],[89.87077331500018,23.32131195000011],[89.86277771100015,23.33889961200009],[89.84040832500006,23.33144569500001],[89.82780456500012,23.34795951900003],[89.76461029100011,23.289608002000023],[89.72878265400004,23.303936005000082],[89.75131225500013,23.27525138900012],[89.68128204300007,23.198141098],[89.69255828900015,23.162221908000102],[89.73346710100009,23.186454773000037],[89.76441192600015,23.18068123000012],[89.7322769160001,23.168203355000173],[89.73857116800008,23.12959861900009],[89.70468139700012,23.113510132000044],[89.68026733400006,23.133569717],[89.67324829200015,23.120920182000138],[89.73493194500014,23.074218751000046],[89.72857666000004,23.055473328000065],[89.74677276700004,23.04863739000007],[89.76109314100007,23.00891113300014],[89.79714202800017,22.99587249800004],[89.80114746000015,22.941066742000032],[89.86536407400018,22.902685166000136],[89.85055542000003,22.888254165000095]]]}},{"type":"Feature","properties":{"district_id":"dhaka_kishoreganj","division":"Dhaka","district":"Kishoreganj"},"geometry":{"type":"Polygon","coordinates":[[[90.94367218100007,24.084508895],[90.96792602500005,24.060081483000037],[90.96674346900012,24.03205681000003],[91.04160308900003,24.06596565400008],[91.04978180000006,24.102096557000042],[90.99648285000006,24.13894081100017],[90.98915863000013,24.161802292000175],[91.03993225100015,24.21182632400007],[91.09052276700004,24.211669922000112],[91.08510589600013,24.241121292000116],[91.13764953500004,24.244163514000093],[91.18832397500017,24.275289535000073],[91.19593048100018,24.293197632000044],[91.15855407700008,24.282718658000196],[91.17509460500014,24.32025146500018],[91.23713684000012,24.319314958000067],[91.21245575000013,24.359054565000182],[91.25579071099997,24.37934303300017],[91.2375183100001,24.406785965000097],[91.21381378200005,24.402744293000183],[91.21710205100004,24.432476043000122],[91.24211883600003,24.427251816000137],[91.23159790000011,24.474649429000067],[91.21849822900009,24.485103607000156],[91.19031524600013,24.465723038000192],[91.19300842200005,24.481309891000137],[91.15007019000006,24.479093553000098],[91.21085357600003,24.52085495000017],[91.23394012500006,24.56878471300007],[91.20604705800008,24.577037812000185],[91.20002746600011,24.609411239000107],[91.1788482660001,24.616563797000087],[91.19190979000012,24.63849830700019],[91.12969207700013,24.6420364380001],[91.12887573200004,24.610069275000058],[91.10459136900005,24.599710465000044],[91.07318878200016,24.61895751900005],[91.03823089600019,24.61097908000011],[91.02996826200007,24.62995719900016],[91.0183486950001,24.60311698900017],[90.9386901850001,24.601848602000132],[90.92747497600004,24.61586189400015],[90.90724945099998,24.59462738100012],[90.8206176770002,24.58846092300007],[90.79415893500015,24.50803565900008],[90.74283599900008,24.509668350000084],[90.72188568100017,24.471019745000145],[90.70326995800008,24.517736436000067],[90.68215942400009,24.50227546700006],[90.67823028500015,24.466995239000028],[90.60429382300003,24.499095917000034],[90.57377624500009,24.482130050000084],[90.58744049000013,24.448074342000098],[90.63359832800006,24.435094833000107],[90.64601135200002,24.41645431500018],[90.61791229300007,24.33918762200011],[90.64992523100011,24.257061006000182],[90.72223663400018,24.23528099000004],[90.77059936500001,24.25052452200009],[90.7934036260001,24.21931648200007],[90.78614807200017,24.193082810000195],[90.84526824900018,24.142454148000127],[90.87099456800007,24.13998985300009],[90.84603118800015,24.111614228000175],[90.91193389800009,24.07508277900013],[90.94367218100007,24.084508895]]]}},{"type":"Feature","properties":{"district_id":"dhaka_madaripur","division":"Dhaka","district":"Madaripur"},"geometry":{"type":"Polygon","coordinates":[[[90.23679351900006,23.044500351000124],[90.2379302980001,22.966190338999983],[90.31987762500017,22.981460572000064],[90.32944488600015,23.007350923],[90.31575012200017,23.05287933400018],[90.34878540000005,23.05674743700007],[90.33616638100017,23.069608688000073],[90.35449981700009,23.138946534000183],[90.30926513800006,23.13226699900008],[90.292404175,23.145404817000156],[90.28377533100019,23.197198869000147],[90.2471923820001,23.21653366000004],[90.22771453900009,23.263183594],[90.24401855500014,23.31683921800004],[90.22789764500016,23.332691193000073],[90.24837493900016,23.349388123000097],[90.23270416300011,23.36202240000017],[90.26445770300018,23.379253388000166],[90.22055053800005,23.411380768000072],[90.27119445900018,23.426898957],[90.2813873290001,23.446506501000155],[90.18200681800016,23.498037121000042],[90.15744800100003,23.466322],[90.14144100000016,23.47538],[90.10890197700002,23.453660964000164],[90.093109131,23.412145614000114],[90.1116561880001,23.411180496000046],[90.09563446000016,23.401782990000132],[90.08404540900005,23.349151612000128],[90.1022644050001,23.333372117000064],[90.09252166700009,23.312007904000158],[90.06759643600003,23.305185319000092],[90.03139495900007,23.33831787200012],[90.02342987100008,23.24043464700009],[89.98473358100006,23.21823120200014],[89.96658325200008,23.164606094000195],[89.94283294700006,23.155624391000178],[89.9360961910001,23.118144990000186],[89.98422241200012,23.110494614000114],[90.01203918500016,23.13878059400014],[90.04414367700014,23.121297836999986],[90.04232025100004,23.10565185600018],[90.08084106400008,23.126016616000072],[90.07956695700005,23.113166809000123],[90.10904693600003,23.117403030000048],[90.1083831790001,23.076871873000186],[90.13162231400008,23.07070350700013],[90.11042785600006,23.066392899],[90.12049865700016,23.027225494000167],[90.16448974600013,23.067483903000042],[90.20116424500014,23.05378723100011],[90.21376800500008,23.06990051400004],[90.23679351900006,23.044500351000124]]]}},{"type":"Feature","properties":{"district_id":"dhaka_manikganj","division":"Dhaka","district":"Manikganj"},"geometry":{"type":"Polygon","coordinates":[[[90.00769805900012,23.634943009000043],[90.05128478900014,23.725761414000146],[90.08068084700005,23.716913223000176],[90.1008377080001,23.73007583700013],[90.11470031800008,23.717157364],[90.14568328800016,23.748155594000142],[90.18840026900011,23.716562271000104],[90.25542450000017,23.714975357000068],[90.21855926500001,23.7483139040001],[90.24114227299998,23.778171540000127],[90.24539947500017,23.83895111100009],[90.20354461599999,23.837984086000116],[90.18540954600019,23.818302156000186],[90.15087890600017,23.827955246000048],[90.10800170900018,23.895784379000137],[90.06832885800003,23.90826225400002],[90.07423400900007,23.959842681000055],[90.0380172720001,23.9717159270001],[90.05642700200008,23.99955749500015],[90.02072143500015,24.01482963500007],[89.99043274000007,23.998971939],[89.97714233500005,24.011903763000134],[89.98532867400019,24.021253586],[89.9732589730001,24.0357055660001],[89.96677398600008,24.014339447],[89.94844055200014,24.02826881500005],[89.94712829600013,24.004240036000056],[89.90704345700004,23.998628616000133],[89.89291381800007,23.970104216999967],[89.86634826600005,23.991622925000172],[89.8554382320001,23.963615418000188],[89.7932434080002,23.98691558900009],[89.7643737800002,23.978229523000092],[89.78520202600009,24.03524780200007],[89.69924163800005,23.997295381000015],[89.68392944300014,23.93936157200017],[89.70230865400015,23.895524979000186],[89.6970138550002,23.86654472400016],[89.70383453300019,23.877096176000066],[89.7327423100001,23.83536911100003],[89.7709426880001,23.833292008],[89.7804336550002,23.798288346000163],[89.89687347400013,23.67417907700013],[90.00769805900012,23.634943009000043]]]}},{"type":"Feature","properties":{"district_id":"dhaka_munshiganj","division":"Dhaka","district":"Munshiganj"},"geometry":{"type":"Polygon","coordinates":[[[90.43291473400012,23.416320802000087],[90.53868866100004,23.379348755000137],[90.57762146000005,23.451490402000157],[90.576339722,23.49582862800003],[90.64131927500006,23.503704072000065],[90.682106019,23.489505769000058],[90.70954895000006,23.505622864000028],[90.68728637700019,23.55737113900005],[90.6469955440001,23.575990677000167],[90.64727783200004,23.589153291000173],[90.66678619400017,23.58959388700003],[90.65305328500011,23.62040329000007],[90.56106567400013,23.590126039000044],[90.57650756800007,23.534112931000152],[90.51595306300004,23.573410035000165],[90.44825744600018,23.550514222000174],[90.4289855950002,23.566589356000065],[90.43978118900009,23.597408295000037],[90.39083099499999,23.649654388000044],[90.33899688600019,23.638418197000195],[90.28613281200012,23.673889161000147],[90.24957275300017,23.654434204999973],[90.20465087800005,23.565093994000165],[90.17716217000009,23.555757523000125],[90.17645263700007,23.52684593100002],[90.15824127100012,23.522169114],[90.24856567400002,23.461030960000127],[90.3602218630001,23.429996490000065],[90.40358734000006,23.40014648400012],[90.43291473400012,23.416320802000087]]]}},{"type":"Feature","properties":{"district_id":"dhaka_narayanganj","division":"Dhaka","district":"Narayanganj"},"geometry":{"type":"Polygon","coordinates":[[[90.45375061100003,23.55059432900015],[90.52304840100004,23.571899415000075],[90.57675170900006,23.534198761000145],[90.5589218140002,23.586181641000167],[90.62692260800014,23.614049911999984],[90.64011383100012,23.674678803000116],[90.67650604200004,23.680034637000063],[90.72029876600004,23.661584855000115],[90.73844146600015,23.680912018000072],[90.72145843500016,23.73723030200017],[90.74112701400014,23.787492752000052],[90.67714691100002,23.82884597800006],[90.68949890000005,23.798034669000057],[90.64973449700017,23.799522401000047],[90.6365356440001,23.82429122900004],[90.6627044670002,23.84157943700012],[90.6338882440001,23.868495941000052],[90.60948181100014,23.83276939400014],[90.59585571200006,23.852102280000107],[90.61299133300008,23.87170410100009],[90.60335540800014,23.889799119000145],[90.52567291300011,23.896514893000187],[90.50227356,23.85790061900019],[90.47126769900007,23.847309113000108],[90.48778534000013,23.817638397000053],[90.47092437800018,23.783552170000178],[90.51279449500004,23.709568023000088],[90.45247650100015,23.675264358000163],[90.472846985,23.63312149100017],[90.43019103900008,23.608604432000106],[90.44184112500017,23.586221696000166],[90.4289855950002,23.566589356000065],[90.45375061100003,23.55059432900015]]]}},{"type":"Feature","properties":{"district_id":"dhaka_narsingdi","division":"Dhaka","district":"Narsingdi"},"geometry":{"type":"Polygon","coordinates":[[[90.73461151200019,23.76283645700005],[90.76665496800007,23.80464363100009],[90.76665496800007,23.864208222000062],[90.83251190200014,23.863075257000048],[90.85810089100005,23.87903785700007],[90.90922546400016,23.86801147500006],[90.97278595000012,23.96943092300006],[90.96587371800018,24.00540542600004],[90.98600769000018,24.030616760000044],[90.96175384500009,24.033678056000042],[90.96792602500005,24.060081483000037],[90.94436645600018,24.084253311],[90.91255188000008,24.074893952000025],[90.84603118800015,24.111614228000175],[90.87099456800007,24.13998985300009],[90.84526824900018,24.142454148000127],[90.78614807200017,24.193082810000195],[90.7934036260001,24.21931648200007],[90.76799774100004,24.25124931400001],[90.72223663400018,24.23528099000004],[90.68289184600013,24.244369506000112],[90.67169189400016,24.2048435210001],[90.69529724200015,24.139957428000173],[90.67628479100011,24.115665435000096],[90.70266723700007,24.10578918500005],[90.65663147000015,24.092304230000074],[90.63969421400014,24.106086731000115],[90.63533783000014,24.070777894000173],[90.65797424300018,24.013473511000146],[90.61809539700016,23.968418123000106],[90.60815429600018,23.92151641800018],[90.56039428800017,23.91109466600011],[90.59214019800015,23.882455827000058],[90.61077117900004,23.885240555000106],[90.59577941900005,23.853536607000024],[90.60958862300009,23.832696915000103],[90.63284301800013,23.867902755000156],[90.65116119400017,23.862159729000158],[90.64563751200018,23.849514008000032],[90.66242980900006,23.839723587000037],[90.6365356440001,23.82429122900004],[90.64973449700017,23.799522401000047],[90.68949890000005,23.798034669000057],[90.67714691100002,23.82884597800006],[90.74105072100014,23.787565231000148],[90.73461151200019,23.76283645700005]]]}},{"type":"Feature","properties":{"district_id":"dhaka_rajbari","division":"Dhaka","district":"Rajbari"},"geometry":{"type":"Polygon","coordinates":[[[89.66501617400007,23.60883331300011],[89.66975402800006,23.58518028200018],[89.7119979850001,23.596801759000073],[89.74169921900017,23.58340263400015],[89.754653931,23.597688676000185],[89.72843170300003,23.618984223000155],[89.72130584700017,23.672597886000176],[89.75573730500015,23.6665534980001],[89.7569351190001,23.678426742000173],[89.7898330700001,23.682886123000113],[89.79136657700008,23.71171569899997],[89.8125076300002,23.721958161000146],[89.84636688200004,23.701068878000058],[89.84422302200011,23.713033676000066],[89.864883422,23.718933105000133],[89.78090667700008,23.797700883000125],[89.7709426880001,23.833292008],[89.7327423100001,23.83536911100003],[89.66615295399998,23.80920601000003],[89.52252960200019,23.81679535],[89.36460113400005,23.91070365900015],[89.330192566,23.77854156500013],[89.311073303,23.776165009000124],[89.32305145200013,23.766414642000086],[89.29815673800005,23.736022950000063],[89.3491439820001,23.671100616000103],[89.37516021700014,23.664712906000034],[89.4117736820001,23.681678772000108],[89.43948364300019,23.658887863000075],[89.43975067100007,23.640336991000137],[89.48078155600007,23.626649858000174],[89.47101593000014,23.596658707000184],[89.49732208300009,23.579061508000166],[89.5204391490002,23.586952210000046],[89.54452514700017,23.56011009200012],[89.56398010200007,23.603818892999985],[89.59023284900019,23.593767167000184],[89.59767150800008,23.60838890200006],[89.62978363000015,23.587703705000138],[89.66501617400007,23.60883331300011]]]}},{"type":"Feature","properties":{"district_id":"dhaka_shariatpur","division":"Dhaka","district":"Shariatpur"},"geometry":{"type":"MultiPolygon","coordinates":[[[[90.4844436640002,23.026945114000057],[90.52986145,23.097196578000084],[90.555367,23.10730900000016],[90.55532097100007,23.133491916000086],[90.6086883540001,23.211671830000114],[90.55113220200013,23.296216964000113],[90.59174346900011,23.333751678000112],[90.58296966600005,23.350933075],[90.49890136700014,23.40429496800016],[90.43196106000005,23.416315079000015],[90.40391540500013,23.40005111700015],[90.30174255300017,23.45161056600017],[90.22074890200008,23.411624909000125],[90.22402954100005,23.39670753500008],[90.26445770300018,23.379253388000166],[90.23270416300011,23.36202240000017],[90.24837493900016,23.349388123000097],[90.22789764500016,23.332691193000073],[90.24401855500014,23.31683921800004],[90.22782134900007,23.262830734000143],[90.25031280500008,23.23498535200014],[90.2471923820001,23.21653366000004],[90.28377533100019,23.197198869000147],[90.292404175,23.145404817000156],[90.30926513800006,23.13226699900008],[90.35449981700009,23.138946534000183],[90.34290313700018,23.061578751000127],[90.42164611900006,23.039918899000156],[90.41278076100019,23.004720686999974],[90.4844436640002,23.026945114000057]]],[[[90.55982200100016,23.07861299900003],[90.52900700100014,23.086851001000014],[90.55452700000018,23.069959999000105],[90.55982200100016,23.07861299900003]]],[[[90.55847900000015,23.091347000000155],[90.554008,23.104679000000147],[90.53891000000016,23.09849400000013],[90.55847900000015,23.091347000000155]]]]}},{"type":"Feature","properties":{"district_id":"dhaka_tangail","division":"Dhaka","district":"Tangail"},"geometry":{"type":"Polygon","coordinates":[[[89.77279663200005,23.973829269000188],[89.7929534910001,23.986955644000094],[89.8554382320001,23.963615418000188],[89.87615966800008,23.994194031000116],[89.89242553700007,23.969915390000097],[89.90704345700004,23.998628616000133],[89.94722747800017,24.004325868000077],[89.94844055200014,24.02826881500005],[89.966873169,24.014396667000142],[89.97210693400007,24.03603553900018],[89.97733306900005,24.0116233820001],[90.00646209600012,24.002120972000053],[90.01652526800018,24.044324874999973],[90.02470397900015,24.021039963000195],[90.07508087200006,24.041154861000052],[90.1081771850001,24.017570496000136],[90.147689819,24.03358459400016],[90.17700195300006,24.074798585000053],[90.17284393300008,24.107492447000084],[90.200927734,24.09378051700014],[90.23008728000003,24.105522155000134],[90.21719360300017,24.128412247000142],[90.22600555399998,24.16263961900006],[90.29010009700016,24.2262401590001],[90.30042266800012,24.27054786800005],[90.26116180400004,24.291648864000134],[90.22883605900019,24.34757042000007],[90.24900054900007,24.41530418400015],[90.229225159,24.41995239400012],[90.20964813200015,24.459644319000063],[90.24359130800003,24.481271745000186],[90.18664550700004,24.522935867000115],[90.17433929500004,24.51784515400016],[90.15081024200003,24.57472801200004],[90.1247406010001,24.596311570000125],[90.14807891900006,24.63475990200004],[90.13280487100013,24.73422241300005],[90.09037780800008,24.737192154000187],[90.09802246100014,24.75634574900016],[90.07578277700014,24.78787422199997],[90.02664947500001,24.7739772810001],[89.98133850100015,24.724895478000064],[89.93573761,24.757169723000118],[89.90742492800007,24.734481812000066],[89.88033294600007,24.74156379700014],[89.87998962500018,24.708265304],[89.89940643200009,24.68149566700015],[89.87805938700012,24.67904472500004],[89.86881256100014,24.64900779700008],[89.84237671000011,24.644508362000177],[89.85326385500008,24.619878770000184],[89.82705688400017,24.608594894000188],[89.81153869700006,24.566675187000158],[89.77319336,24.564577103000087],[89.76994323800005,24.540052414000172],[89.73432922400013,24.519117356000095],[89.75815582300005,24.499551774000057],[89.74237823400011,24.47047996600014],[89.7659912100001,24.37583541900005],[89.75167083700012,24.350679398000068],[89.79016113300014,24.276016236000032],[89.78304290700004,24.236726761000057],[89.79853820800008,24.17520904500003],[89.77995300200013,24.166492462000065],[89.82060241700003,24.13998031699998],[89.82493591300012,24.087945939000175],[89.78431701700015,24.040792464],[89.77279663200005,23.973829269000188]]]}},{"type":"Feature","properties":{"district_id":"khulna_bagerhat","division":"Khulna","district":"Bagerhat"},"geometry":{"type":"MultiPolygon","coordinates":[[[[89.5468599990001,21.778042],[89.539604,21.78810700000014],[89.53637700000019,21.774952001000145],[89.5468599990001,21.778042]]],[[[89.538269,21.774139000000105],[89.555962,21.72287],[89.6063,21.71906900000016],[89.58545700000019,21.760292000000163],[89.60360000000016,21.802177],[89.54243500000013,21.85135300000019],[89.53019,21.822861000000106],[89.55606800000015,21.800987000000195],[89.543861,21.786570000000154],[89.5526430000001,21.773668],[89.553688,21.749941],[89.538269,21.774139000000105]]],[[[89.609039,21.947500000000165],[89.57428000000016,21.935547],[89.54711900000012,21.875933],[89.56176800000014,21.84454000000011],[89.614937,21.800390000000164],[89.60935200000017,21.76446],[89.669945,21.755112],[89.6988750000001,21.772808000000115],[89.696693,21.796755000000132],[89.62645000000015,21.862732],[89.62587700000017,21.883261],[89.646355,21.910879],[89.609039,21.947500000000165]]],[[[89.66153000000014,21.867861],[89.644012,21.894245],[89.63507800000014,21.886971],[89.632553,21.874788000000137],[89.65066500000017,21.85557],[89.66153000000014,21.867861]]],[[[89.745552,22.01944],[89.75333400000017,22.000278],[89.737511,21.99081],[89.74745200000018,21.982519],[89.747978,21.973021],[89.71521,21.961269],[89.73306300000013,21.928051000000153],[89.715988,21.905180000000144],[89.73165900000015,21.895287000000167],[89.754288,21.85176100000018],[89.774467,21.853420000000142],[89.78556800000018,21.88345100000015],[89.79039800000015,21.874748000000178],[89.76744100000013,21.836380000000137],[89.83586100000014,21.850941],[89.84423800000013,21.89213],[89.80851000000018,21.915800000000104],[89.8063580000001,21.924744],[89.81517,21.941563],[89.842743,21.957102],[89.80364200000014,21.989828000000156],[89.809067,21.994980000000112],[89.837906,22.00305900000012],[89.8406910000001,22.018930000000182],[89.795532,22.073355000000102],[89.83637200000015,22.122589000000175],[89.809998,22.140278],[89.81234000000018,22.147392],[89.834183,22.163469],[89.82061,22.184057],[89.82469900000014,22.185999],[89.8357930000002,22.160542000000188],[89.814369,22.14397600000018],[89.838524,22.126303000000178],[89.841019,22.114424000000156],[89.80634300000014,22.07463100000018],[89.84471900000011,22.063334000000168],[89.880249,22.105066],[89.87606000000017,22.188881],[89.839447,22.21944400000018],[89.83611297600004,22.248611451000045],[89.8886110000002,22.362499000000184],[89.89325000000014,22.388119],[89.87150600000012,22.420435000000165],[89.94452843500005,22.465754916000034],[89.894829,22.475731000000167],[89.88201100000015,22.496758],[89.96961975000018,22.50144195600012],[89.92339324900013,22.510299684000135],[89.96234893900015,22.593254089000027],[89.91998291100003,22.60668373100009],[89.92697143600014,22.641820907000177],[89.89009857100007,22.663230895000083],[89.89665222100018,22.674962998000122],[89.91388702300014,22.65967750600015],[89.93688201800018,22.68021774400006],[89.86141204900014,22.698648451999986],[89.90464019700016,22.725847244000136],[89.93199920700005,22.724182129000155],[89.93138122500005,22.752382278000084],[89.9134140010001,22.752355576000188],[89.90446472200013,22.77256393400018],[89.93825531000016,22.784942626000145],[89.91400146600012,22.799757005000114],[89.9446868890002,22.826118470000154],[89.94377899100004,22.856492996000153],[89.92158508400018,22.864648819000085],[89.9194564820001,22.881057740000127],[89.85055542000003,22.888254165000095],[89.86536407400018,22.902685166000136],[89.79702758700006,22.943574905],[89.78054809500003,22.983381272000145],[89.74916076700009,22.963907242000175],[89.71484375099999,22.877788544],[89.69539642300015,22.87471580500005],[89.71781921299998,22.848350525000114],[89.71118164000012,22.825428008000074],[89.67584228600003,22.81264686700007],[89.65425109900013,22.755020141000102],[89.6442031860002,22.774118424000164],[89.6311340330002,22.7628765120001],[89.61124420200002,22.77397918700012],[89.58528900100004,22.71747016900008],[89.60266876200018,22.70213127100016],[89.56977081300016,22.691120147000163],[89.57906341600017,22.668533326000155],[89.55646514900008,22.678415299000054],[89.53292799900004,22.61040700100017],[89.57578277500005,22.548494339000115],[89.63472747700018,22.352066039000192],[89.63915252700019,22.36526489300013],[89.630264,22.326391],[89.592781,22.275280000000127],[89.589165,22.225834],[89.55304700000016,22.207781],[89.60442400000011,22.12572100000017],[89.547638,21.961491000000134],[89.56860400000016,21.941675000000146],[89.58518200000015,21.952267],[89.62596900000017,21.94892300000015],[89.65590700000014,21.903049],[89.666817,21.90618300000017],[89.685783,21.95222100000018],[89.676102,21.987223],[89.69889100000017,22.031391],[89.67222600000014,22.05500000000018],[89.70525400000014,22.075432],[89.67784900000015,22.05199800000014],[89.705399,22.028561],[89.68643200000014,21.991943000000166],[89.69301600000011,21.94326000000018],[89.6578830000002,21.885172],[89.671974,21.836954],[89.72766100000013,21.833561],[89.74415600000015,21.848330000000146],[89.711937,21.900820000000184],[89.72721100000018,21.929276],[89.71113600000012,21.960695000000154],[89.74536900000015,21.97506],[89.73361200000011,21.990511000000136],[89.749458,22.00053],[89.745552,22.01944]]],[[[89.568199,21.934692],[89.53933000000012,21.95475000000016],[89.54289200000011,21.877790000000175],[89.568199,21.934692]]],[[[89.85562100000016,21.809551],[89.838219,21.819349000000162],[89.84128600100001,21.810011],[89.84771000100005,21.807483999000173],[89.85562100000016,21.809551]]],[[[89.86406700000015,21.845697],[89.84995300000014,21.854530000000125],[89.859833,21.832981],[89.86406700000015,21.845697]]],[[[89.842476,22.048071000000107],[89.8263850000002,22.045643],[89.84243,22.021702],[89.840675,22.003071],[89.805443,21.990101000000152],[89.844467,21.959709000000146],[89.84332300000011,21.95293],[89.81378900000016,21.936010000000184],[89.808907,21.92499],[89.846191,21.895920000000103],[89.84957100000014,21.87262000000015],[89.87632000000019,21.910156],[89.842476,22.048071000000107]]],[[[89.871391,22.063393],[89.870552,22.067566],[89.86861400000015,22.061111],[89.871391,22.063393]]],[[[89.890831,22.12666500000012],[89.884163,22.173059],[89.881668,22.171671000000174],[89.890831,22.12666500000012]]],[[[89.878334,22.18],[89.88305700000018,22.17639000000014],[89.878609,22.182501],[89.878334,22.18]]],[[[89.90110799900009,22.368610001000153],[89.90152000000018,22.368875999000128],[89.90147400100017,22.368979],[89.90110799900009,22.368610001000153]]],[[[89.90164900000019,22.372604000000138],[89.90055800000016,22.371944],[89.901596,22.369511],[89.90164900000019,22.372604000000138]]]]}},{"type":"Feature","properties":{"district_id":"khulna_chuadanga","division":"Khulna","district":"Chuadanga"},"geometry":{"type":"Polygon","coordinates":[[[88.81683349600002,23.387296677000165],[88.85516357500006,23.37461471500012],[88.87756347700014,23.406717300000025],[88.93486785900012,23.41304588300011],[88.94452667200018,23.440250396000064],[88.91819763100011,23.441270829000075],[88.94515991200018,23.481924056000082],[88.93450927800018,23.536739350000115],[88.94728088400018,23.55195427000012],[88.977592469,23.545661926000147],[89.01033020100016,23.626258850000113],[89.01725769,23.708744050000067],[89.00627136300005,23.747972488000073],[88.98954772900015,23.752311706000114],[89.00618743900003,23.786310197000034],[88.97666168300009,23.789011001000176],[88.95784759600014,23.808967591000112],[88.91032409700006,23.784238815000037],[88.92221069400011,23.81643676800019],[88.9039459230001,23.83988380500017],[88.89356994700012,23.827442169000165],[88.84690857000015,23.83019638100012],[88.8179016110002,23.771173478000037],[88.78842926000016,23.767396927999982],[88.77378082300004,23.699802398000088],[88.67993164100011,23.64810752800008],[88.65418243400006,23.65038681000004],[88.63472747800012,23.614887237000115],[88.66162109300012,23.549730301000064],[88.69822692800017,23.515947343000107],[88.7240676890001,23.512599945999966],[88.74342346100003,23.48056984000016],[88.76168823200004,23.49084854200009],[88.77085876400014,23.480171203999987],[88.78655242900004,23.507390977000057],[88.80042266900011,23.49763679500012],[88.78725433300019,23.46957969700003],[88.79541015700016,23.44360351500012],[88.7644271850001,23.442110063000026],[88.74876403900015,23.398149490000094],[88.75987243700018,23.373548508000113],[88.77768707200005,23.374603272000172],[88.77215576200018,23.362751007000156],[88.81683349600002,23.387296677000165]]]}},{"type":"Feature","properties":{"district_id":"khulna_jessore","division":"Khulna","district":"Jessore"},"geometry":{"type":"Polygon","coordinates":[[[89.16851043800011,22.817134857000156],[89.20146179199998,22.812408448000156],[89.28838348500011,22.86221122700016],[89.30963897600009,22.85241317800012],[89.2962799070001,22.842796327000144],[89.32891082700013,22.837913513000046],[89.32234954900008,22.82779121400017],[89.34841156000005,22.830926896000108],[89.35653686600017,22.88064193800005],[89.34100341800013,22.920284271000128],[89.39565277100019,22.933488847000035],[89.40632629400005,22.956827163000128],[89.42707824700011,22.962026596000044],[89.43884277300009,23.00779342600015],[89.4602279670001,23.007726670000128],[89.48268127500017,22.952743531000127],[89.51374054000009,22.927547456000017],[89.56259918199999,22.970378876000098],[89.56054687600005,22.983942031000083],[89.54564666800013,22.97702980000008],[89.50122070300006,23.03309631400009],[89.46745300300012,23.03271865900018],[89.44399261400015,23.054738999000165],[89.44233703700019,23.114517212000067],[89.41663360500013,23.083068847999986],[89.38487243600004,23.085765840000025],[89.3782196050002,23.135570526000098],[89.41929626500018,23.140361786000028],[89.40882873600015,23.1534328460001],[89.42334747400008,23.183671952000108],[89.41710662899999,23.225566864000147],[89.43356323300003,23.23336601400007],[89.42076110800014,23.26622581600003],[89.36851501500013,23.302244186000166],[89.34362030099999,23.283876418000087],[89.26148986700014,23.372770309000092],[89.25373840400017,23.343841553000175],[89.23526001000016,23.344215393000184],[89.24275207400007,23.32879638800011],[89.21013641299999,23.325923921000026],[89.1989746100001,23.291166305000104],[89.13041687000003,23.274017334000067],[89.07798004100005,23.309864044000047],[89.04747772200005,23.29342079300011],[89.0648574830002,23.312694549000188],[89.05276489200014,23.336362840000163],[89.07044983000009,23.353033066000137],[89.02412414499997,23.373716355000052],[89.01268768400007,23.367370606000183],[89.03348541300005,23.3504276270001],[88.96054840100004,23.32922172600013],[88.9651489260001,23.28921508800005],[88.8996429440001,23.2785358430001],[88.91657257000008,23.268554688000165],[88.8903732300002,23.23110389800013],[88.91217803900014,23.23402786200012],[88.91478729300007,23.213224410000127],[88.9474639900002,23.206590652000155],[88.97554779100011,23.224569321000104],[88.99599456900012,23.21449661200006],[88.97966766400003,23.212646485],[88.98036193900003,23.182657243000108],[88.96179962200011,23.193222045000084],[88.9390106210002,23.176918031000017],[88.93135070700004,23.13858032200011],[88.8612976070001,23.078878402000043],[88.88442230300012,23.037166595000144],[88.87841796900017,23.00378418100013],[88.84777832100008,23.005493164000026],[88.865585328,23.00038337700011],[88.87107849100005,22.978746415000103],[88.85585785000006,22.95425796500018],[88.85994720399998,22.942220688000134],[88.89405822700019,22.952484132000052],[88.89698791500012,22.92674064600004],[88.93595886300011,22.911952973000158],[88.99222564700017,22.9161548620001],[88.99013519200014,22.94558906600014],[89.03526306100008,22.930116654000134],[89.04214477600004,22.94186782900016],[89.04978179900019,22.930255890000126],[89.07831573400006,22.938890457000188],[89.09981536900017,22.922655106000093],[89.1007614130001,22.938388824000185],[89.11473846300015,22.944011688000156],[89.14158630400016,22.898410798000096],[89.11051940800002,22.89356231800008],[89.1287689210002,22.870780946000025],[89.12542724600019,22.84168243500017],[89.1584777830002,22.824876785000185],[89.14350891100014,22.798418045000176],[89.16851043800011,22.817134857000156]]]}},{"type":"Feature","properties":{"district_id":"khulna_jhenaidah","division":"Khulna","district":"Jhenaidah"},"geometry":{"type":"Polygon","coordinates":[[[88.80953979400016,23.25335502600018],[88.83093261700014,23.244689941999983],[88.82423400800002,23.233753204000156],[88.83681488000002,23.24381065299997],[88.88627624500003,23.226102829000123],[88.89090728700006,23.245330812000073],[88.91279602000003,23.250457765000192],[88.916259765,23.270479203000146],[88.8996429440001,23.2785358430001],[88.9651489260001,23.28921508800005],[88.96054840100004,23.32922172600013],[89.03348541300005,23.3504276270001],[89.01264953700002,23.36746788000005],[89.02720642100013,23.374395370000173],[89.07044983000009,23.353033066000137],[89.05276489200014,23.336362840000163],[89.0648574830002,23.312694549000188],[89.04344177200005,23.297517777000163],[89.04747772200005,23.29342079300011],[89.07798004100005,23.309864044000047],[89.13041687000003,23.274017334000067],[89.2002792360002,23.291927338000107],[89.21013641299999,23.325923921000026],[89.25379943900015,23.343935013000078],[89.24596405000011,23.392536163000045],[89.27120208700012,23.428222657000106],[89.25631714000014,23.440557480000106],[89.28281402600015,23.438022614000147],[89.30300140500003,23.455028533000075],[89.3054046630001,23.54016494800004],[89.3448257450001,23.578275681000036],[89.35497284000007,23.639003754000047],[89.37662506000015,23.663806916000055],[89.3491439820001,23.671100616000103],[89.30932617100007,23.732566834000128],[89.26666259700005,23.74272346500015],[89.25092315700016,23.763750077000164],[89.17986297700021,23.750047685000084],[89.15808105400015,23.722341537000034],[89.12779998800005,23.721561432999977],[89.11841583300014,23.693857192000053],[89.11639404300018,23.734148025000138],[89.09872436500012,23.725858689000123],[89.08274841400015,23.758049012000185],[89.05670928900014,23.767972947000146],[89.07565307700008,23.72677803000005],[89.03741455000016,23.722980499000187],[89.05197143500015,23.714542389000087],[89.03744506900011,23.692182541000133],[89.01106262200011,23.707368850000137],[89.01033020100016,23.626258850000113],[88.97790527400008,23.546199798000032],[88.94728088400018,23.55195427000012],[88.93450927800018,23.536739350000115],[88.94515991200018,23.481924056000082],[88.91819763100011,23.441270829000075],[88.94452667200018,23.440250396000064],[88.93486785900012,23.41304588300011],[88.87756347700014,23.406717300000025],[88.85516357500006,23.37461471500012],[88.83399963300008,23.390663147000172],[88.82713317900004,23.374624253000036],[88.8153991690001,23.38890648],[88.79664611800001,23.370630264000056],[88.7842178350001,23.380647660000083],[88.77215576200018,23.362751007000156],[88.77640533400007,23.375652314000092],[88.73218536400003,23.352636338000025],[88.74501037600015,23.307123185000023],[88.73056030300012,23.319862367000155],[88.72494506800012,23.298334123000018],[88.71072387600015,23.31300926300014],[88.69624328500004,23.302232743000047],[88.7244415290001,23.27190208500008],[88.71949005200014,23.254688263000105],[88.7694702140002,23.244962692000172],[88.78079223700018,23.22116279700015],[88.81140136700009,23.221673966000083],[88.80953979400016,23.25335502600018]]]}},{"type":"Feature","properties":{"district_id":"khulna_khulna","division":"Khulna","district":"Khulna"},"geometry":{"type":"MultiPolygon","coordinates":[[[[89.3288120000002,21.700361000000154],[89.34890000000013,21.704023001000163],[89.337318,21.719582001000045],[89.3288120000002,21.700361000000154]]],[[[89.328705,21.871958],[89.343102,21.872156000000132],[89.35083000000014,21.881639000000117],[89.328705,21.871958]]],[[[89.439453,22.161951],[89.41111,22.153891],[89.407501,22.12644400000011],[89.38305700000012,22.11666900000012],[89.39055600000012,22.080002],[89.351967,22.025181000000146],[89.384926,21.90078],[89.34761800000012,21.806231000000142],[89.359932,21.748672],[89.39576700000015,21.721563],[89.425308,21.734280000000126],[89.42029600000018,21.745577000000143],[89.4745030000002,21.792513],[89.448563,21.847799],[89.471466,21.902639],[89.447639,21.906584000000123],[89.457176,21.933941],[89.43244900000013,21.944815],[89.41720600000014,21.96940000000012],[89.43301400000018,21.99027100000018],[89.42749800000013,22.053055],[89.44887500000016,22.075565000000154],[89.48472600000015,22.089169],[89.458054,22.120001000000112],[89.462219,22.143055000000178],[89.439453,22.161951]]],[[[89.471657,22.162651],[89.457191,22.246111],[89.410408,22.21876],[89.39422600000017,22.22027],[89.405197,22.209101],[89.393776,22.201323],[89.412437,22.196947],[89.460663,22.14700100000016],[89.4653400000002,22.156931],[89.471657,22.162651]]],[[[89.309967,21.851021],[89.33750200000016,21.78861000000018],[89.365685,21.883560000000106],[89.309967,21.851021]]],[[[89.320221,21.8627800000001],[89.329384,21.865065000000133],[89.334976,21.868361000000164],[89.320221,21.8627800000001]]],[[[89.32782,22.182701],[89.28891,22.151232000000107],[89.26284,22.089981000000137],[89.306648,22.090429],[89.288666,22.061085],[89.347298,21.97164],[89.34086600000012,22.02883],[89.384636,22.088991],[89.34807600000016,22.11248],[89.34771700000016,22.13176000000016],[89.334305,22.123791000000157],[89.325569,22.128445000000113],[89.326393,22.14028],[89.3366620000001,22.15176],[89.32782,22.182701]]],[[[89.3274990000001,22.201382000000134],[89.32874298100006,22.21493148800016],[89.341728,22.214445],[89.323608,22.193611],[89.33972200000017,22.156391],[89.329987,22.130831],[89.350784,22.13584100000014],[89.3499980000002,22.11805900000019],[89.37860900000017,22.0994510000001],[89.379791,22.117992000000132],[89.405281,22.129444],[89.40694400000018,22.153889],[89.42778,22.164440000000127],[89.41055300000016,22.194723],[89.390274,22.199167],[89.402206,22.208786],[89.39167,22.22139],[89.41817500000019,22.225813],[89.407578,22.242331],[89.40937000000014,22.258329000000174],[89.42639900000012,22.276819],[89.407501,22.299444000000165],[89.40583,22.309731],[89.419807,22.320641],[89.408897,22.30352],[89.432991,22.279306000000137],[89.415054,22.23646200000013],[89.478218,22.27017],[89.419167,22.353611],[89.43833200000017,22.384722],[89.40195465200016,22.51805496200018],[89.42028045600017,22.54777717500014],[89.3798522960002,22.586811067000042],[89.400002,22.578056000000114],[89.40864600000015,22.590405],[89.403335572,22.574443817000088],[89.4277801520002,22.54694366399997],[89.41194152800011,22.523889541000187],[89.4367218010001,22.514324188000042],[89.42252349800009,22.508369446000074],[89.44832600000018,22.384171],[89.43333400000017,22.356695000000116],[89.47978200000017,22.307287],[89.491943,22.265833],[89.495277,22.283890000000156],[89.493614,22.264166000000163],[89.475281,22.230278],[89.53383600000012,22.083469],[89.50908700000014,22.016127],[89.53231000000011,21.993105000000185],[89.58304600000014,22.123291],[89.53944400000012,22.202499],[89.57238000000012,22.244995],[89.58472400000011,22.242224],[89.58082600000017,22.277498],[89.624733,22.346939],[89.58583831800007,22.44194030800014],[89.563606262,22.556680680000056],[89.52034759500003,22.59933280900009],[89.52138500000018,22.741388],[89.53833007700007,22.69472312900001],[89.53292799900004,22.61040700100017],[89.55646514900008,22.678415299000054],[89.57906341600017,22.668533326000155],[89.56977081300016,22.691120147000163],[89.60266876200018,22.70213127100016],[89.58528900100004,22.71747016900008],[89.61124420200002,22.77397918700012],[89.6311340330002,22.7628765120001],[89.6442031860002,22.774118424000164],[89.65425109900013,22.755020141000102],[89.67584228600003,22.81264686700007],[89.71131897100003,22.825670242],[89.71781921299998,22.848350525000114],[89.69529724000017,22.874393463000047],[89.71484375099999,22.877788544],[89.7115097050002,22.891799926000086],[89.74118804800008,22.918848038000192],[89.72627258400018,22.917581559000098],[89.75236511200012,22.951488495000035],[89.73645782400018,22.973165512999973],[89.67643737900016,22.967491150000058],[89.6517868040001,22.983489990000063],[89.64988708500005,22.968526841000088],[89.62345886200012,22.970382691000115],[89.61123657100006,22.95553207500012],[89.56649780200019,22.99149131700017],[89.56259918199999,22.970378876000098],[89.51374054000009,22.927547456000017],[89.48268127500017,22.952743531000127],[89.4602279670001,23.007726670000128],[89.43943786600005,23.007976532000157],[89.42707824700011,22.962026596000044],[89.40632629400005,22.956827163000128],[89.39565277100019,22.933488847000035],[89.34100341800013,22.920284271000128],[89.35598754800003,22.88474273700012],[89.3448486330002,22.86787033200005],[89.35739898700018,22.86293792800018],[89.3527297980001,22.83461952200008],[89.32234954900008,22.82779121400017],[89.32891082700013,22.837913513000046],[89.2962799070001,22.842796327000144],[89.30963897600009,22.85241317800012],[89.2886047360002,22.862213134000058],[89.24744415200018,22.83995628400004],[89.24803924500014,22.81144142300019],[89.29874420100009,22.7879047400001],[89.33160400300017,22.729366302000187],[89.32949829100006,22.716007233000028],[89.30564880400016,22.71369171200018],[89.30057525600012,22.68296623200007],[89.25987243700007,22.717460632000094],[89.26229858500011,22.668849946000023],[89.30169677700015,22.64695358300014],[89.27635192900004,22.63139343300003],[89.28621673600014,22.620725631000028],[89.25093841500018,22.657106401000135],[89.24317932200006,22.637769700000092],[89.25994873000008,22.621288300000117],[89.24321746800007,22.61035728500013],[89.26491546600016,22.595092775000126],[89.2341766350001,22.552122116000188],[89.25581359900013,22.49593544100009],[89.28514099100005,22.47719192500017],[89.24465179400005,22.44635200500005],[89.25492859000019,22.400236129000177],[89.24023437400012,22.37380600000012],[89.26860809300007,22.37278175500018],[89.276329,22.345449],[89.26944700000013,22.340281],[89.25458500000019,22.34384000000017],[89.25258600000018,22.339149000000134],[89.28389000000016,22.287777],[89.3233340000001,22.283890000000156],[89.29499816999999,22.253610611000113],[89.3274990000001,22.201382000000134]]],[[[89.31416300000012,22.279167001000076],[89.31416300000012,22.279419],[89.31402600000018,22.279081000000186],[89.31416300000012,22.279167001000076]]],[[[89.314445,22.280001],[89.314415,22.28086700000017],[89.314186,22.279747],[89.314445,22.280001]]],[[[89.27417,22.347778001000105],[89.27183536500013,22.35316263400006],[89.27075223500003,22.343612836000037],[89.27417,22.347778001000105]]],[[[89.448471,21.75701],[89.450188,21.75809100000015],[89.448189,21.759275],[89.448471,21.75701]]],[[[89.45378100000016,21.76153900000014],[89.4524080000001,21.761461],[89.45207200000016,21.759802],[89.45378100000016,21.76153900000014]]],[[[89.501518,21.90861700000011],[89.51178,21.95304500000015],[89.46846,22.04583400000013],[89.512482,22.078421],[89.488411,22.08943],[89.43175500000012,22.05186100000014],[89.43898800000011,21.99088900000015],[89.421829,21.970173],[89.45999100000012,21.939991],[89.452225,21.91],[89.501518,21.90861700000011]]],[[[89.517502,22.073334000000163],[89.479317,22.051081000000128],[89.480553,22.038589000000176],[89.49590300000017,22.02924700000011],[89.517502,22.073334000000163]]],[[[89.5333940000001,21.769144],[89.53603399900015,21.768604],[89.53583500000013,21.772242000000176],[89.5333940000001,21.769144]]],[[[89.53704800000014,21.785501000000185],[89.53637700000019,21.774952001000145],[89.539604,21.78810700000014],[89.53704800000014,21.785501000000185]]],[[[89.506783,22.087555000000123],[89.49472000000014,22.12944],[89.47161900000015,22.139660000000106],[89.47444200000012,22.10950900000012],[89.506783,22.087555000000123]]],[[[89.45922900000012,22.123602000000172],[89.470512,22.111933000000136],[89.46492,22.132271000000177],[89.45922900000012,22.123602000000172]]],[[[89.47715000000017,22.14896],[89.46561400000013,22.154722],[89.46870400000017,22.14727],[89.47715000000017,22.14896]]],[[[89.5784230000001,22.227968],[89.57611800000018,22.227903],[89.57605,22.22656300000017],[89.5784230000001,22.227968]]],[[[89.63418508400014,22.353375199000144],[89.63311,22.355103],[89.634148,22.352850000000107],[89.63418508400014,22.353375199000144]]],[[[89.62789900000013,22.37793500000015],[89.627853,22.37838],[89.627777,22.378483000000188],[89.62789900000013,22.37793500000015]]],[[[89.62630498800007,22.39459803900013],[89.623657,22.402321],[89.62755596400018,22.38253002400006],[89.62630498800007,22.39459803900013]]],[[[89.60301925100015,22.446124643000015],[89.599739,22.44566700000013],[89.60530880100004,22.43377825100009],[89.60301925100015,22.446124643000015]]]]}},{"type":"Feature","properties":{"district_id":"khulna_kushtia","division":"Khulna","district":"Kushtia"},"geometry":{"type":"Polygon","coordinates":[[[89.16680908300015,23.7404766090001],[89.24443054300014,23.76451492300004],[89.28451538100012,23.736024858000064],[89.31546783400012,23.74771118100006],[89.32302093500005,23.766979218000074],[89.311073303,23.776165009000124],[89.330192566,23.77854156500013],[89.36077117900015,23.88277435200007],[89.31223297000014,23.874301910000156],[89.27877807700008,23.906053543000155],[89.26387023900008,23.878662109000057],[89.23700714000012,23.972887040000103],[89.21651458700018,23.97154045200006],[89.21627807600004,23.988491058000136],[89.17765808100017,23.98739242700009],[89.17004394500009,23.950992584000062],[89.09861755300017,23.95986366200009],[89.06281280500014,23.987371446000054],[89.00718689100012,24.1179428100001],[88.93955993700018,24.132076264000148],[88.874038697,24.099113465000134],[88.88112640400016,24.11522674500003],[88.86206817600015,24.10705947900016],[88.84371948300014,24.125879289000185],[88.78732299800009,24.133012771000097],[88.73342132500005,24.1939201350001],[88.74639129500014,24.14717102100008],[88.69303894000006,24.111324310000157],[88.70026397600009,24.09478378400007],[88.72770691000005,24.10092353900018],[88.72354889000007,24.068738939000127],[88.73763275200008,24.059429170000154],[88.72682952899999,24.053058624000073],[88.74216461200007,24.03342628400003],[88.7288055410001,23.99666023400016],[88.75874328600008,24.008182526000155],[88.76898193400012,23.984247207000124],[88.73963928100011,23.984626770000148],[88.73447418200006,23.962985993000075],[88.76338958700006,23.96930885400019],[88.7785568250002,23.948127747000115],[88.80071258600005,23.976177216000053],[88.81420898500006,23.928565980000084],[88.83904266400015,23.938468934000188],[88.86437225400005,23.92251968400001],[88.87448120200014,23.89237022400016],[88.83758544900013,23.880157472000068],[88.88451385500008,23.874980927000138],[88.85987854000018,23.831388474000107],[88.90726470900006,23.83790779200018],[88.92221069400011,23.81643676800019],[88.91109466600017,23.783905029000156],[88.95761108300019,23.808961868000097],[88.97666168300009,23.789011001000176],[89.00566864000018,23.787040711000085],[88.98956298800005,23.75220680400014],[89.00627136300005,23.747972488000073],[89.03057861400015,23.69233703600003],[89.0518798830002,23.71417236400015],[89.0427856440001,23.727191924000184],[89.07565307700008,23.72677803000005],[89.0520629890001,23.75727844199997],[89.06054687400012,23.770460129000075],[89.09851837100013,23.72598838800008],[89.11639404300018,23.734148025000138],[89.11841583300014,23.693857192000053],[89.12779998800005,23.721561432999977],[89.15808105400015,23.722341537000034],[89.16680908300015,23.7404766090001]]]}},{"type":"Feature","properties":{"district_id":"khulna_magura","division":"Khulna","district":"Magura"},"geometry":{"type":"Polygon","coordinates":[[[89.55998993000014,23.320220947000166],[89.60427856500007,23.32112312400011],[89.61765289200008,23.304439544000104],[89.64536285300017,23.29854774600005],[89.603256225,23.341287613000077],[89.5994110100001,23.37915992800004],[89.61758422900016,23.38689422600015],[89.60596466100009,23.472686768000184],[89.52607727100019,23.513109207000127],[89.49448394800015,23.476158143000077],[89.50001525900012,23.519334793999974],[89.53634643500004,23.539007186],[89.50188446000016,23.555521011999986],[89.49692535399998,23.579916000000143],[89.47064971900011,23.597034454999974],[89.47976684600013,23.627897264000183],[89.43975067100007,23.640336991000137],[89.43948364300019,23.658887863000075],[89.4117736820001,23.681678772000108],[89.38570404000014,23.676506042000028],[89.35497284000007,23.639003754000047],[89.34330749600014,23.57568741000006],[89.30544281000016,23.54027176],[89.30300140500003,23.455028533000075],[89.28281402600015,23.438022614000147],[89.25643920800013,23.440874099999974],[89.27117157100008,23.42797660800011],[89.24403381400009,23.37722969000004],[89.27497863700012,23.368383408000113],[89.2827072140002,23.340219498000067],[89.31871032600014,23.32390975900017],[89.34362030099999,23.283876418000087],[89.36851501500013,23.302244186000166],[89.425575256,23.25871658400007],[89.455062866,23.257232667000153],[89.47904968200015,23.29944992100019],[89.52447509800004,23.278177261000053],[89.55998993000014,23.320220947000166]]]}},{"type":"Feature","properties":{"district_id":"khulna_meherpur","division":"Khulna","district":"Meherpur"},"geometry":{"type":"MultiPolygon","coordinates":[[[[88.6540451050002,23.65026474000007],[88.67993164100011,23.64810752800008],[88.77378082300004,23.699802398000088],[88.78848266500007,23.767486572000163],[88.8179016110002,23.771173478000037],[88.83211517200004,23.814279557000138],[88.88292694100005,23.868070602999982],[88.83790588400007,23.878931045000115],[88.87277221700003,23.889907837000067],[88.87335968000008,23.90879631100012],[88.84271240100014,23.937658309000028],[88.81420898500006,23.928565980000084],[88.80216217100019,23.975660325000153],[88.7785568250002,23.948127747000115],[88.76338958700006,23.96930885400019],[88.73467254600013,23.96295738200007],[88.733383178,23.91111755300011],[88.70154571600011,23.912267683999968],[88.70418548500015,23.899250031000182],[88.66423797600004,23.882497786999977],[88.66754150300005,23.869594574000075],[88.57534027000014,23.86243629400019],[88.6020355230001,23.816513062000126],[88.57748413000007,23.786409379000073],[88.55577122200015,23.78445228300012],[88.58055114700011,23.76519775500003],[88.56215667700008,23.63718414400012],[88.59371185300012,23.640913008999973],[88.58168792700019,23.603000642000097],[88.60623169000013,23.610500336000143],[88.60639190700017,23.600330352000128],[88.63705444400007,23.606876374000137],[88.6540451050002,23.65026474000007]]],[[[88.586662,23.81119],[88.5865550640001,23.811607749000075],[88.58647920100015,23.811330846000143],[88.586662,23.81119]]]]}},{"type":"Feature","properties":{"district_id":"khulna_narail","division":"Khulna","district":"Narail"},"geometry":{"type":"Polygon","coordinates":[[[89.80104827800011,22.941259383999977],[89.79689025800013,22.996234894000168],[89.76238250600011,23.007501602000158],[89.74677276700004,23.04863739000007],[89.72926330700012,23.054134370000103],[89.73493194500014,23.074218751000046],[89.67405700700004,23.118892670000037],[89.67998504500008,23.13353157100005],[89.70468139700012,23.113510132000044],[89.73857116800008,23.12959861900009],[89.7322769160001,23.168203355000173],[89.76496887200005,23.17915344300007],[89.73754882800006,23.18733787500014],[89.68991088800004,23.163507463000144],[89.68537140000014,23.227493286000023],[89.66477203500006,23.24599266100006],[89.63291931200007,23.237991333000082],[89.63683319100016,23.26161575300006],[89.66571807900016,23.282835007000187],[89.5781478880001,23.3233699810001],[89.53434753300007,23.30329704300016],[89.52447509800004,23.278177261000053],[89.47904968200015,23.29944992100019],[89.455062866,23.257232667000153],[89.42546844400005,23.258583068000068],[89.43356323300003,23.23336601400007],[89.41777801600006,23.22979736400004],[89.42334747400008,23.183671952000108],[89.40882873600015,23.1534328460001],[89.41929626500018,23.140361786000028],[89.3782196050002,23.135570526000098],[89.3853378300002,23.08508873100004],[89.41663360500013,23.083068847999986],[89.44233703700019,23.114517212000067],[89.44354248100007,23.055551529000073],[89.46215057300014,23.034856796999975],[89.50107574400005,23.033197404000074],[89.54525756900017,22.977302552000086],[89.58177948100007,22.987802507000143],[89.60791015500013,22.956258774000105],[89.6496200570001,22.968351365000103],[89.6517868040001,22.983489990000063],[89.67621612600004,22.967535020000128],[89.7446899420001,22.963729859000182],[89.78491974000019,22.982952117000085],[89.80104827800011,22.941259383999977]]]}},{"type":"Feature","properties":{"district_id":"khulna_satkhira","division":"Khulna","district":"Satkhira"},"geometry":{"type":"MultiPolygon","coordinates":[[[[89.23223100000018,21.696750999000127],[89.21100599900018,21.652702000000147],[89.258667,21.65829999900018],[89.29500600000011,21.685710999000097],[89.27746600000012,21.69588100100009],[89.24666600000012,21.688939999000127],[89.23223100000018,21.696750999000127]]],[[[89.26725,21.757261],[89.22003200000012,21.746820000000127],[89.23750300000012,21.695431000000102],[89.281342,21.705713000000117],[89.28795600000018,21.741730000000192],[89.26725,21.757261]]],[[[89.288071,21.772476],[89.28671300000013,21.771872000000144],[89.287712,21.771534],[89.288071,21.772476]]],[[[89.28592700000013,21.78848100000016],[89.290291,21.774963],[89.28922300000016,21.78437800000017],[89.28592700000013,21.78848100000016]]],[[[89.28784900000016,21.840021],[89.29100000000011,21.8406260000001],[89.28577400000012,21.841028000000108],[89.28784900000016,21.840021]]],[[[89.26095600000014,22.080873],[89.224709,22.09369500000014],[89.25245700000016,22.056641],[89.21824600000014,22.00787500000013],[89.250511,21.982334],[89.209618,21.951862000000116],[89.26075000000014,21.915930000000174],[89.293335,21.911667],[89.27674100000019,21.874731],[89.293045,21.841486],[89.28093700000011,21.83411],[89.29814100000016,21.81772400000017],[89.30722000000014,21.857941],[89.359329,21.898401],[89.359337,21.914808],[89.279335,22.048321],[89.294136,22.085588],[89.26095600000014,22.080873]]],[[[89.24833700000016,22.21528100000012],[89.226517,22.19956000000019],[89.24553700000014,22.161238],[89.21221900000012,22.143190000000118],[89.22663100000011,22.1338980000001],[89.207001,22.12605300000013],[89.216942,22.09861000000018],[89.25382200000013,22.103180000000123],[89.271393,22.149443],[89.312767,22.188332],[89.30166600000013,22.21417],[89.24833700000016,22.21528100000012]]],[[[89.246391,22.22417100000013],[89.30860900000016,22.229721000000154],[89.288071,22.258621000000176],[89.314415,22.28086700000017],[89.27694700000018,22.289721000000156],[89.24861145100004,22.33778],[89.2729797360002,22.34611320500005],[89.26461791900016,22.376827240000182],[89.24017334100017,22.374242783000113],[89.25492859000019,22.400236129000177],[89.24465179400005,22.44635200500005],[89.28514099100005,22.47719192500017],[89.25581359900013,22.49593544100009],[89.2341766350001,22.552122116000188],[89.26491546600016,22.595092775000126],[89.24321746800007,22.61035728500013],[89.25994873000008,22.621288300000117],[89.24317932200006,22.637769700000092],[89.25093841500018,22.657106401000135],[89.26421356200018,22.631338121000056],[89.28621673600014,22.620725631000028],[89.27635192900004,22.63139343300003],[89.30169677700015,22.64695358300014],[89.26229858500011,22.668849946000023],[89.25987243700007,22.717460632000094],[89.30036926200012,22.68296432500017],[89.30574035600011,22.71381759600013],[89.32965087900004,22.71624374400011],[89.29874420100009,22.7879047400001],[89.2483749380001,22.811059952000164],[89.25235748200011,22.837146760000106],[89.19681549100005,22.81100654700009],[89.172058106,22.8201828],[89.14434814500017,22.79746246300016],[89.15830230700004,22.82573318500016],[89.12542724600019,22.84168243500017],[89.1287689210002,22.870780946000025],[89.11051940800002,22.89356231800008],[89.14158630400016,22.898410798000096],[89.11414337200006,22.944210052000074],[89.10142517200006,22.92271041900011],[89.07831573400006,22.938890457000188],[89.03437805200008,22.93025970500003],[89.01281738200015,22.946817399000054],[88.9857025140002,22.94159317100002],[88.99199676400019,22.91606712300006],[88.89559173600016,22.9144325260001],[88.9097900650001,22.87980296899997],[88.94608307000016,22.88008117700008],[88.968506,22.844145],[88.958443,22.79421],[88.91098022500017,22.757862092000153],[88.927917481,22.71816444400008],[88.9623179160002,22.69510808399997],[88.92938200000015,22.649652],[88.934746,22.618231],[88.96076202300014,22.616031646],[88.93872833300014,22.591703416000087],[88.93846893300014,22.560352326999976],[88.96144104000007,22.550018309999984],[88.99711608899997,22.469690323000126],[89.00219726500012,22.428903580000053],[88.97348785400017,22.40883445700018],[88.99082183900003,22.39083290100018],[88.98553500100013,22.326063001000023],[89.02533721900016,22.295612336000033],[88.99537658700012,22.28673553500016],[89.01943969700017,22.26889801000016],[89.01602172800007,22.25351333599997],[89.03455352800006,22.257978440000105],[89.03720855799997,22.23637771600005],[89.08031463500015,22.197149277000165],[89.082748,22.182091],[89.12834200000015,22.15167000000014],[89.14305900000011,22.127781],[89.136673,22.123610000000102],[89.118332,22.125553000000135],[89.127777,22.105280000000167],[89.17668200000014,22.067501000000167],[89.15334300000018,22.03611],[89.186943,22.02444500000018],[89.20276600000011,22.002220000000133],[89.2452770000001,22.056944],[89.21555300000011,22.0875],[89.20047000000017,22.129814],[89.22265600000021,22.133369],[89.20960200000013,22.14013100000017],[89.21095300000013,22.147491],[89.24133300000011,22.161242000000186],[89.222221,22.200832000000105],[89.241631,22.217121000000134],[89.243057,22.263611],[89.26083400000016,22.283333],[89.23000300000018,22.2888890000001],[89.2195660000001,22.301174000000113],[89.22277832100008,22.306161881000097],[89.2702790000002,22.285555],[89.25026700000012,22.267502],[89.246391,22.22417100000013]],[[88.93650800000017,22.61913700000014],[88.93457,22.621492000000103],[88.93605000000014,22.621571],[88.93650800000017,22.61913700000014]]],[[[89.19586200000015,22.001690000000167],[89.164482,22.020292],[89.170555,21.99555800000013],[89.13983900000017,21.94536],[89.15178700000018,21.92647],[89.21298200000018,21.913660000000107],[89.18206800000014,21.812572],[89.190292,21.78249],[89.21904000000012,21.750118000000157],[89.2594220000002,21.761053],[89.287811,21.753738],[89.263557,21.835583],[89.267624,21.883955],[89.28533900000014,21.90579],[89.20948000000016,21.93670100000014],[89.20340000000016,21.961735],[89.24189000000018,21.985090000000127],[89.19586200000015,22.001690000000167]]],[[[89.05146800000017,21.922491],[89.032417,21.911200000000175],[89.060211,21.853771],[89.04402900000014,21.7870200000001],[89.10804700000011,21.720871],[89.13571900000017,21.720598000000166],[89.14569100000011,21.751825],[89.0839610000001,21.795666],[89.084106,21.85697],[89.05146800000017,21.922491]]],[[[89.08361100000013,22.178612000000157],[89.076111,22.194445000000144],[89.070274,22.155001],[89.09417000000013,22.1625],[89.09970900000013,22.145851],[89.047218,22.09754],[89.091339,22.009361000000187],[89.0948640000002,21.94658500000014],[89.07933,21.904221],[89.101112,21.867167000000165],[89.09903700000018,21.813391000000138],[89.15365600000013,21.79402000000016],[89.184998,21.83580000000012],[89.201317,21.912588],[89.13862600000016,21.923800000000142],[89.132225,21.96222100000011],[89.16250600000018,21.994101000000168],[89.146439,22.041943],[89.17244000000017,22.062654],[89.146667,22.076939000000152],[89.115837,22.118891000000136],[89.11638600000015,22.128611],[89.139664,22.127930000000163],[89.125206,22.151531000000144],[89.08361100000013,22.178612000000157]]],[[[88.92998504600013,22.653625488000166],[88.929398,22.653979999000114],[88.9294129050001,22.653662055999977],[88.92998504600013,22.653625488000166]]]]}},{"type":"Feature","properties":{"district_id":"mymensingh_jamalpur","division":"Mymensingh","district":"Jamalpur"},"geometry":{"type":"Polygon","coordinates":[[[89.81745910700016,24.575496673000146],[89.82705688400017,24.608594894000188],[89.85330200200013,24.619979859000065],[89.84237671000011,24.644508362000177],[89.86881256100014,24.64900779700008],[89.87805938700012,24.67904472500004],[89.89940643200009,24.68149566700015],[89.87998962500018,24.708265304],[89.88033294600007,24.74156379700014],[89.90742492800007,24.734481812000066],[89.93573761,24.757169723000118],[89.98133850100015,24.724895478000064],[90.03185272100012,24.776937485000076],[90.0879898070001,24.790143966000013],[90.1392822270002,24.77917289700008],[90.16876983700018,24.82682609500012],[90.18943786500012,24.828327180000088],[90.18023681700004,24.839824676000152],[90.20016479500003,24.859199524000076],[90.18238067700014,24.865541459000156],[90.20172119100006,24.87859726000011],[90.15460205000005,24.904848098000173],[89.98083496000015,24.91703987200009],[89.94776916600006,24.92964172500018],[89.93768310600007,24.959541321000128],[89.90414428700012,24.957715988000192],[89.88185882500011,25.035043717000125],[89.90493011600007,25.033809661000195],[89.92520141600005,25.062784194000074],[89.8947982790001,25.11326408400004],[89.91045379700012,25.171684265000017],[89.88468170200014,25.18694496200015],[89.90490722700021,25.264369965000185],[89.93133544800008,25.260740280000167],[89.94559478700018,25.302904129000126],[89.90908813600004,25.308124543000023],[89.87653350800008,25.285446168000078],[89.83160400500009,25.295661926000147],[89.841362,25.314155578000168],[89.8213653570001,25.355625154000165],[89.82562255900007,25.4152183540001],[89.76692199700005,25.432739257000037],[89.784072875,25.412994385000047],[89.78027343700008,25.387958527000137],[89.72180175699998,25.356285095000146],[89.7563323980001,25.28085899300004],[89.74888610900013,25.23641967800012],[89.70068359300006,25.23148918200019],[89.63856506399998,25.090076448000158],[89.65306854200009,25.07801246700018],[89.64797210700004,25.04277038600003],[89.68605804500004,24.902849197000076],[89.66078949000013,24.88807296700014],[89.66848754900019,24.864986420000154],[89.68679809700012,24.826396942000088],[89.73031616100019,24.79838371200003],[89.71533203100012,24.777345658000172],[89.73483276300011,24.761135101000146],[89.7425765980002,24.774841309000177],[89.78122711200018,24.763406753000137],[89.77704620300005,24.743324279000152],[89.79092407100006,24.735200880999972],[89.77364349400011,24.716554642000066],[89.79916381800012,24.679981231000056],[89.78327179000007,24.66917038000003],[89.78502655000017,24.62580680799999],[89.7650299080001,24.613836289000176],[89.79103088400012,24.568208694000134],[89.81745910700016,24.575496673000146]]]}},{"type":"Feature","properties":{"district_id":"mymensingh_mymensingh","division":"Mymensingh","district":"Mymensingh"},"geometry":{"type":"Polygon","coordinates":[[[90.57232666000016,24.24673843500011],[90.62226867700014,24.26860237199997],[90.65007019000012,24.25917816200007],[90.61791229300007,24.33918762200011],[90.64605712899998,24.41623687700013],[90.63359832800006,24.435094833000107],[90.58744049000013,24.448074342000098],[90.57377624500009,24.482130050000084],[90.60429382300003,24.499095917000034],[90.67823028500015,24.466995239000028],[90.68215942400009,24.50227546700006],[90.70326995800008,24.517736436000067],[90.72188568100017,24.471019745000145],[90.74283599900008,24.509668350000084],[90.79415893500015,24.50803565900008],[90.82048034600012,24.58724975600012],[90.79251861500018,24.577817916000072],[90.79403686600011,24.605863571000043],[90.75695037800006,24.610490800000036],[90.75825500500008,24.637401581000063],[90.70417022800018,24.66706085300001],[90.6955184950001,24.71412277299999],[90.72433471700015,24.731567383000083],[90.69532013000008,24.75835990900004],[90.69840240500014,24.774497984999982],[90.72271728500004,24.774297713000124],[90.7082595820001,24.801404953000144],[90.6487426760001,24.791486741000025],[90.57870483400012,24.82215309100019],[90.56359100300006,24.81137466500013],[90.5881195070001,24.842174531000126],[90.5592727660001,24.843473435000135],[90.5683670040001,24.885250092000096],[90.53459167400007,24.891576767000117],[90.54413604600018,24.937084199000083],[90.52881622300016,24.952693940000135],[90.51638031000016,24.946140290000017],[90.52306365900006,24.97932434100005],[90.49272155700004,25.00273704500012],[90.50066375700015,25.03186798000019],[90.53815460100009,25.012142181000115],[90.54685974100005,25.02325248700009],[90.53321075400004,25.032939911000142],[90.54992675800003,25.041759491000164],[90.60693359400005,25.028486252000167],[90.6074066160001,25.07017707799997],[90.58844757000014,25.05872917200014],[90.58689117500006,25.083230972000024],[90.60384368900009,25.10369300800005],[90.6133499140002,25.175302505999984],[90.51667022700008,25.17304229800004],[90.44097900500009,25.144626617000032],[90.37053680400015,25.162933349000184],[90.33013153100018,25.19389343300014],[90.26805114700016,25.19851303200005],[90.26238250799997,25.098423004000093],[90.30484008800005,25.079130173000127],[90.28433227500005,25.078756332000182],[90.27142334000018,25.05339241100006],[90.2500076290001,25.062984466000103],[90.23228454600013,25.04230690000009],[90.24114990300012,25.008716582999966],[90.2264175410001,24.971212388000083],[90.25780487100002,24.94628715500005],[90.23209381100008,24.944562912000094],[90.24558258100006,24.92541122400019],[90.23679351900006,24.887813568000073],[90.19497680700016,24.885259628000146],[90.2007675160001,24.87484550500011],[90.18227386500018,24.865072250000143],[90.20016479500003,24.859199524000076],[90.18023681700004,24.839824676000152],[90.18943786500012,24.828327180000088],[90.16876983700018,24.82682609500012],[90.13947296100014,24.77929115200004],[90.07578277700014,24.78787422199997],[90.09802246100014,24.75634574900016],[90.09037780800008,24.737192154000187],[90.13280487100013,24.73422241300005],[90.14807128900014,24.63463020400019],[90.12454986500012,24.59672165000012],[90.15081024200003,24.57472801200004],[90.17433929500004,24.51784515400016],[90.18664550700004,24.522935867000115],[90.24359130800003,24.481271745000186],[90.2096099850001,24.45839309800016],[90.229225159,24.41995239400012],[90.24900054900007,24.41530418400015],[90.22880554200003,24.347831727000084],[90.26228332600017,24.290611268000077],[90.29049682600004,24.277774811000143],[90.35888671800006,24.300197602000082],[90.36249542200005,24.28100586000005],[90.40242767300009,24.282688142000154],[90.42811584500015,24.310199738000108],[90.42652130200014,24.330604554000164],[90.45556640600006,24.339885712000125],[90.52922058200011,24.30314064000009],[90.52106475800014,24.287702562000106],[90.57232666000016,24.24673843500011]]]}},{"type":"Feature","properties":{"district_id":"mymensingh_netrakona","division":"Mymensingh","district":"Netrakona"},"geometry":{"type":"Polygon","coordinates":[[[90.91645050000005,24.61271286100009],[91.0183486950001,24.60311698900017],[91.03098297200017,24.629941941000144],[91.03823089600019,24.61097908000011],[91.07318878200016,24.61895751900005],[91.10514068700019,24.59983253500019],[91.12887573200004,24.610069275000058],[91.12991333000008,24.642112732000047],[91.20449829,24.631582261000123],[91.24085998400017,24.692121505000046],[91.2197189330002,24.702386856000032],[91.22527313100005,24.72751236100015],[91.20684051500012,24.708984375000114],[91.1413269050002,24.72420883100017],[91.15933990400015,24.748106002999975],[91.13522338900005,24.757196427000054],[91.17121124300019,24.779956818000187],[91.1604995730001,24.79193115200013],[91.17086791899999,24.826538086000028],[91.15295410200008,24.83745956500013],[91.142730713,24.82562446600008],[91.15280151300016,24.80932808000017],[91.13031768900004,24.79289627000003],[91.11248779400017,24.817060470000115],[91.1304016110001,24.84059524500003],[91.11380767800011,24.847541810000052],[91.09844207800012,24.889587403],[91.04447174100005,24.90813827500017],[91.0176162730001,24.885246277000192],[91.01560211100002,24.89855194100011],[90.99805450400004,24.89213562000009],[90.99286651600016,24.914100647],[90.95341491700003,24.918930053000114],[90.94914245700005,24.93967628500013],[90.97317504800014,24.958423614000143],[90.94365692200012,24.975925446000133],[90.93405151500019,25.019939424000146],[90.96502685600007,25.03569984500007],[90.9328613290001,25.04486083900008],[90.92778015100015,25.077987671000077],[90.97466278000013,25.0742797850001],[90.9474258420002,25.113832474],[90.96485138000014,25.171878816000063],[90.85353851200011,25.155771256000094],[90.78166961700009,25.18149375900003],[90.73416900600017,25.166944505000064],[90.73928070100004,25.154430389000087],[90.70992279000006,25.168210984000154],[90.69850158700018,25.156854630000055],[90.6856307990002,25.174587250000172],[90.66593933100017,25.165956498000128],[90.66472625700015,25.185455322000166],[90.64736175600007,25.194377900000173],[90.64878082200005,25.17333984400017],[90.61521148700012,25.17708015500011],[90.60384368900009,25.10369300800005],[90.58694458000014,25.08356285000014],[90.58844757000014,25.05872917200014],[90.6074066160001,25.07017707799997],[90.60605621300004,25.027357101000064],[90.54992675800003,25.041759491000164],[90.53308105500003,25.032587052000167],[90.54103851300016,25.01243209900008],[90.52400970500021,25.029920579000077],[90.50769043100013,25.017467498000087],[90.50479889000007,25.031444550000174],[90.49399566700015,25.026580810000038],[90.50339508000008,24.98502159200012],[90.52337646600012,24.97817611700009],[90.51279449500004,24.951324463000105],[90.54459381000004,24.935596467000096],[90.53459167400007,24.891576767000117],[90.56814575099997,24.885723114000143],[90.57231140100004,24.856462479000186],[90.5592727660001,24.843473435000135],[90.58820343100012,24.84194183300008],[90.56341552700013,24.811668397000062],[90.57870483400012,24.82215309100019],[90.6487426760001,24.791486741000025],[90.70837402200016,24.801296234000123],[90.72271728500004,24.774297713000124],[90.69840240500014,24.774497984999982],[90.69532013000008,24.75835990900004],[90.724327087,24.731374742000074],[90.6955184950001,24.71412277299999],[90.70899200400015,24.692684174000135],[90.70075225800014,24.6745948790001],[90.75825500500008,24.637401581000063],[90.75695037800006,24.610490800000036],[90.79403686600011,24.605863571000043],[90.7962417600001,24.575696945000175],[90.82117462100007,24.588594436],[90.83975982600015,24.57991600000014],[90.85694122400008,24.59948348900008],[90.90780639700006,24.594781876000184],[90.91645050000005,24.61271286100009]]]}},{"type":"Feature","properties":{"district_id":"mymensingh_sherpur","division":"Mymensingh","district":"Sherpur"},"geometry":{"type":"Polygon","coordinates":[[[90.19387817300003,24.88517379900009],[90.23574066200008,24.88618087800018],[90.24558258100006,24.92541122400019],[90.23209381100008,24.944562912000094],[90.25777435300017,24.94551658600011],[90.2264175410001,24.971212388000083],[90.2373123160001,25.052537919000088],[90.25627899199998,25.064729690000092],[90.2794723520002,25.05607605000017],[90.28433227500005,25.078756332000182],[90.30480957100009,25.078956604000044],[90.26242828300013,25.098281860000156],[90.26421356200012,25.19639206000005],[90.11226654100005,25.22547531200013],[90.05445861800013,25.26146316600011],[89.98070526200007,25.280977249000046],[89.96735382100019,25.303316117000122],[89.93498229900013,25.289388657000075],[89.93133544800008,25.260740280000167],[89.90490722700021,25.264369965000185],[89.88468170200014,25.18694496200015],[89.91045379700012,25.171684265000017],[89.8947982790001,25.11326408400004],[89.92520141600005,25.062784194000074],[89.90493011600007,25.033809661000195],[89.88185882500011,25.035043717000125],[89.90393829400006,24.958015442000093],[89.93768310600007,24.959541321000128],[89.94776916600006,24.92964172500018],[89.98121643100018,24.916942597000173],[90.15460205000005,24.904848098000173],[90.19387817300003,24.88517379900009]]]}},{"type":"Feature","properties":{"district_id":"rajshahi_bogra","division":"Rajshahi","district":"Bogra"},"geometry":{"type":"Polygon","coordinates":[[[89.52870178100011,24.561048508000113],[89.57551574700018,24.547431945000085],[89.60446929900019,24.56981658900003],[89.59705352900016,24.610406876000184],[89.54940795900006,24.617559434000103],[89.56198883100006,24.652666091000068],[89.54473877000015,24.653707505000057],[89.55519104000007,24.705066682000055],[89.62403106600004,24.68546676600016],[89.64579010000006,24.701681138000083],[89.63726806600016,24.716648102000136],[89.66075897200011,24.728406906000146],[89.67495727500011,24.781677246000076],[89.71533203100012,24.777345658000172],[89.73031616100019,24.79838371200003],[89.68494415300006,24.828413009000148],[89.66078949000013,24.88807296700014],[89.68605804500004,24.902849197000076],[89.64785766700017,25.046754838000027],[89.51513671800012,25.040399552000164],[89.48780059700005,25.06171226600003],[89.45253753700007,25.05563163900007],[89.4521408080002,25.075912476000102],[89.42560577500012,25.06520843500004],[89.4132003790001,25.083133698000154],[89.38908386100007,25.047031403000062],[89.36011505100004,25.066446305000113],[89.35974121100021,25.089046479000103],[89.33128357000004,25.099891663],[89.33248138400006,25.12272071800004],[89.3021240240002,25.119644166000175],[89.24643707200016,25.065149307000123],[89.23622131299999,25.020494462000098],[89.21475219700017,25.02909278800007],[89.20582580600014,24.99674797000012],[89.19056701600005,24.995409012000152],[89.19824218800005,24.98540306100017],[89.17778778000019,24.969568253000034],[89.18922424300007,24.943006516000082],[89.12194824100004,24.949790954000093],[89.12751007100013,24.962366104000182],[89.10330200200008,24.970882415000066],[89.08345794700017,24.927804947000084],[89.09798431299998,24.89138603200007],[89.07556915300006,24.885166168000065],[89.08970642000014,24.875141144000107],[88.97420501800013,24.848691940000037],[88.98799133400009,24.82543754699998],[88.96990966900012,24.82332229600001],[88.98215484600013,24.803113938000084],[88.96487426800013,24.742507934000173],[88.98981475900018,24.743482589000056],[88.99724578800017,24.766351701000076],[89.04906463600008,24.790542602000126],[89.08840942400013,24.784744263000103],[89.0817718510001,24.764686585000163],[89.09626007000008,24.751295090000156],[89.08403015200014,24.740671158000055],[89.09690094000018,24.734188081000013],[89.08351898300003,24.71863746700018],[89.13018035900012,24.714059830000057],[89.12654876699997,24.73881530799997],[89.15048980600017,24.738847732000178],[89.13117218100007,24.699329376000147],[89.14200592100013,24.67857551500009],[89.16586303600008,24.67737388600005],[89.13645935100004,24.65605735800006],[89.14971160900018,24.61668205300009],[89.17182159300006,24.62173652700011],[89.17339324900007,24.646360398000127],[89.18881988499999,24.65158462500011],[89.21009826700003,24.634637834000102],[89.19585418700012,24.613967895000034],[89.21607208200004,24.613059998000146],[89.2249145510001,24.580034255000044],[89.2683334350001,24.629978180000027],[89.30695343000014,24.61399078400007],[89.30793762100012,24.598236083000074],[89.32867431600016,24.599176407000073],[89.33792114400018,24.559076309999966],[89.42493438600013,24.56093788300007],[89.46001434300018,24.54238510100015],[89.50848388600014,24.556764602000047],[89.51996612500011,24.536333084999967],[89.52870178100011,24.561048508000113]]]}},{"type":"Feature","properties":{"district_id":"rajshahi_joypurhat","division":"Rajshahi","district":"Joypurhat"},"geometry":{"type":"Polygon","coordinates":[[[89.01507568300008,24.84886741700006],[89.08946228100012,24.874965668000186],[89.07594299300008,24.886425018000125],[89.09798431299998,24.89138603200007],[89.08830261200018,24.960954667000184],[89.11533355600011,24.968812943000046],[89.12194824100004,24.949790954000093],[89.18922424300007,24.943006516000082],[89.17778778000019,24.969568253000034],[89.19824218800005,24.98540306100017],[89.19056701600005,24.995409012000152],[89.20582580600014,24.99674797000012],[89.21475219700017,25.02909278800007],[89.23622131299999,25.020494462000098],[89.24643707200016,25.065149307000123],[89.28009033200004,25.087631226000152],[89.2516250600001,25.09728431800005],[89.21672821000016,25.164606095000067],[89.18390655399998,25.184535981000067],[89.2039413460002,25.22473716800016],[89.19583129800009,25.239831925000093],[89.17471313600015,25.234540940000098],[89.14804077100013,25.256547929000075],[89.09676361100009,25.240625382000076],[89.0703887950001,25.26976204000016],[88.9867630010001,25.274566650000168],[88.95201110800019,25.24748039300016],[88.96170807000016,25.209165573000064],[88.93640136700014,25.210634232000185],[88.94959259000012,25.181291580000106],[88.92418670700005,25.17197227500003],[88.921089172,25.131851196000188],[88.94026947000005,25.114379884000186],[88.93111419600012,25.071521759000124],[88.9530563350001,25.02912330700019],[88.95352935900013,25.055641174000076],[89.01649475200014,25.047315597000136],[89.00001526000017,24.97271728600009],[89.00752258400013,24.899209977000055],[88.99002075200008,24.859115600000052],[89.01507568300008,24.84886741700006]]]}},{"type":"Feature","properties":{"district_id":"rajshahi_naogaon","division":"Rajshahi","district":"Naogaon"},"geometry":{"type":"Polygon","coordinates":[[[89.09818267800017,24.54156303499997],[89.09757995600006,24.637308121000164],[89.13558197000003,24.654916764],[89.13185119700012,24.704492570000184],[89.15076446600017,24.73836326700018],[89.12654876699997,24.73881530799997],[89.13018035900012,24.714059830000057],[89.08351898300003,24.71863746700018],[89.09690094000018,24.734188081000013],[89.08403015200014,24.740671158000055],[89.09626007000008,24.751295090000156],[89.0817718510001,24.764686585000163],[89.08840942400013,24.784744263000103],[89.04906463600008,24.790542602000126],[88.99724578800017,24.766351701000076],[88.98981475900018,24.743482589000056],[88.96225738500004,24.745351792000122],[88.98215484600013,24.803113938000084],[88.96990966900012,24.82332229600001],[88.98799133400009,24.82543754699998],[88.97420501800013,24.848691940000037],[89.00752258400013,24.899209977000055],[89.00001526000017,24.97271728600009],[89.01649475200014,25.047315597000136],[88.95352935900013,25.055641174000076],[88.95570373600003,25.02888107300004],[88.94084167500017,25.041481018000127],[88.94026947000005,25.114379884000186],[88.921089172,25.131851196000188],[88.91127014099999,25.180032731000153],[88.87582397500012,25.17897224400008],[88.8748703010001,25.196327209000117],[88.86407470699999,25.19023895400005],[88.84490966900006,25.211200714000146],[88.80583953800004,25.170549394000034],[88.77121734600013,25.18968010000015],[88.7487106320001,25.177083970000126],[88.70448303200016,25.20828819200005],[88.61299133400001,25.20429229700011],[88.56480407600003,25.17461586000019],[88.55757141200007,25.19271659800006],[88.5339202890001,25.188079835000167],[88.49909973200016,25.21049308800008],[88.44364166300016,25.19739150900006],[88.4629974360002,25.151220323000075],[88.44135284400005,25.127643586000033],[88.45285797100013,25.07942199600018],[88.43653869600013,25.05018043600012],[88.45381164500014,25.03560066300003],[88.43656158400012,25.006584168000018],[88.41237640400006,24.999044419000146],[88.41735839900008,24.97398948800003],[88.39525604300007,24.964380265000102],[88.4341659550002,24.960866928000144],[88.44046020500019,24.920379639000146],[88.45729827900016,24.91761207600001],[88.45182037400015,24.93167686500016],[88.47129058900003,24.938140869000108],[88.49052429300019,24.926992416000076],[88.49459075900006,24.88081932000011],[88.47436523300007,24.84436225900015],[88.45014953600008,24.86147880599998],[88.45741271900005,24.845861434000145],[88.41262817300003,24.84799385100007],[88.38466644300019,24.830415725000133],[88.38928222600009,24.816446306000103],[88.41393280100016,24.839555741000027],[88.41342926000016,24.8232898710001],[88.44918060300012,24.822605134000014],[88.41280365100016,24.768232346],[88.49459075900006,24.771770477000075],[88.4949340820001,24.745437623],[88.45827484200004,24.758533477000185],[88.4625625600001,24.731956482000047],[88.51126098700018,24.73439598099997],[88.51881408600013,24.70792198300012],[88.58174133200004,24.69878196700006],[88.57833862300015,24.676235197999972],[88.59352111900012,24.698434831000156],[88.620376588,24.701791763000077],[88.63881683400007,24.61717033300016],[88.68267059400019,24.637004852000192],[88.70610046400003,24.628486633000136],[88.70142364500003,24.661916732000122],[88.73534393300014,24.663774491000083],[88.74266815100009,24.68346405],[88.77056121800001,24.66762733500019],[88.7979125970001,24.686578750000137],[88.81843566900017,24.654451370000064],[88.85936737100008,24.656982421000123],[88.87934112500017,24.635747911000173],[88.90949249300019,24.643289567000124],[88.93489837600004,24.587221147000154],[88.97243499700016,24.5848674770001],[89.05258941600005,24.534225464000144],[89.09818267800017,24.54156303499997]]]}},{"type":"Feature","properties":{"district_id":"rajshahi_natore","division":"Rajshahi","district":"Natore"},"geometry":{"type":"Polygon","coordinates":[[[88.93373107899998,24.128425598000092],[89.00667572000003,24.118116380000117],[89.003028869,24.142379762000186],[89.01565551800013,24.1437320710001],[88.99749755900012,24.155908586000123],[89.02500152600004,24.169328690000096],[89.04705810600012,24.1390705120001],[89.080436706,24.166288375000196],[89.0953900830001,24.156824119000134],[89.15623474000017,24.170171737000146],[89.17502594100017,24.20066833600003],[89.21529388500005,24.211801530000177],[89.21916198700018,24.23481559800007],[89.23860931500008,24.24469566400012],[89.23330688400017,24.266639710000167],[89.28662872300004,24.304830552000112],[89.2872467040001,24.330736161000118],[89.31827545100015,24.343429566000115],[89.28336334200014,24.37912368800005],[89.28511047400008,24.42052078300003],[89.24715423600014,24.427265167000087],[89.33774566600005,24.544250488000042],[89.32867431600016,24.599176407000073],[89.25916290300017,24.629533767000115],[89.2249145510001,24.580034255000044],[89.21607208200004,24.613059998000146],[89.19585418700012,24.613967895000034],[89.21009826700003,24.634637834000102],[89.19017791800019,24.651033402000053],[89.17339324900007,24.646360398000127],[89.17182159300006,24.62173652700011],[89.14901733400018,24.617204667000124],[89.13645935100004,24.65605735800006],[89.16683196900004,24.671718597000112],[89.16333770800003,24.685537339000064],[89.1404876700002,24.68566703800002],[89.13523864700011,24.65445518500013],[89.09757995600006,24.637308121000164],[89.09818267800017,24.54156303499997],[89.05258941600005,24.534225464000144],[88.97069549600019,24.585245132000182],[88.96107483000014,24.548057557000163],[88.883132935,24.525926590000044],[88.9283981320001,24.510898590000064],[88.89277649000007,24.477136611000162],[88.89344787600004,24.36367034900013],[88.8617324830002,24.36362266700013],[88.8468017580002,24.31960868900012],[88.85378265500003,24.304538728000125],[88.902679444,24.290283203],[88.91763305700016,24.250965118000124],[88.89600372300004,24.22891426200016],[88.87439727800012,24.234762191000186],[88.86054229700011,24.16605567900012],[88.90108489900018,24.152050018000068],[88.8607406610002,24.111845016000075],[88.88112640400016,24.11522674500003],[88.874038697,24.099113465000134],[88.93373107899998,24.128425598000092]]]}},{"type":"Feature","properties":{"district_id":"rajshahi_nawabganj","division":"Rajshahi","district":"Nawabganj"},"geometry":{"type":"MultiPolygon","coordinates":[[[[88.19838714600019,24.462581634000173],[88.2633056630001,24.44599342400005],[88.29285431000011,24.41727638300017],[88.32750701900017,24.43784332200005],[88.30524444600015,24.481451035000077],[88.30052185000017,24.56492996200006],[88.35943603500016,24.602947236000087],[88.36911010800009,24.594514846000152],[88.42266845800003,24.615913391000053],[88.41995239300013,24.649084091000134],[88.4353027350001,24.666755676000093],[88.48859405500019,24.656288148000158],[88.51097869900009,24.6722946160001],[88.45533752400019,24.67761993500011],[88.48284149300008,24.681251526000093],[88.51197814800008,24.733146667000028],[88.4625625600001,24.731956482000047],[88.45827484200004,24.758533477000185],[88.4949340820001,24.745437623],[88.49478149500004,24.771554947000027],[88.41296386599998,24.768123626999966],[88.44802093600003,24.824977875000172],[88.41384887700013,24.823091507000015],[88.4215850830002,24.830886840000115],[88.42028045600017,24.838920594000115],[88.41569519100011,24.839693070000067],[88.39344024600001,24.817550660000165],[88.38314056400016,24.82018280100004],[88.41207885700004,24.847850800000057],[88.45741271900005,24.845861434000145],[88.44998931900011,24.861438752000083],[88.47436523300007,24.84436225900015],[88.49454498400007,24.880582809000146],[88.49288940400004,24.924705506000013],[88.47129058900003,24.938140869000108],[88.45182037400015,24.93167686500016],[88.45729827900016,24.91761207600001],[88.44011688300003,24.920537949000106],[88.4270324700002,24.96537589999997],[88.39287567200006,24.96492385800008],[88.40149688600013,24.945690155000023],[88.38765716500018,24.938499450000048],[88.36539459200014,24.953426362000183],[88.34020996200002,24.94028472900004],[88.32630157500006,24.9109497070001],[88.34680938600019,24.89251327500017],[88.33312225200012,24.870445250999982],[88.32514953600003,24.86589050300006],[88.32096868900004,24.883411154000157],[88.3042830770001,24.870411044000093],[88.27704438400008,24.895716503000187],[88.25902557300003,24.87814140400002],[88.26311492900015,24.91905212400019],[88.22621917800012,24.959791183000046],[88.1396865850001,24.936128617000065],[88.17498779200014,24.860250473000065],[88.14490509000012,24.851200104000046],[88.13610839800009,24.805311204000134],[88.12353515600017,24.82316589300018],[88.1060791010001,24.779684068],[88.07058715800008,24.76942062500018],[88.06474304100016,24.72138023400015],[88.01132202100018,24.66904068100007],[88.10711669900019,24.54544067400013],[88.19838714600019,24.462581634000173]]],[[[88.28592825099997,24.88802647900019],[88.28585052500011,24.888280869000088],[88.28537750200019,24.888469696000186],[88.28592825099997,24.88802647900019]]]]}},{"type":"Feature","properties":{"district_id":"rajshahi_pabna","division":"Rajshahi","district":"Pabna"},"geometry":{"type":"Polygon","coordinates":[[[89.69836425900019,23.866878510000053],[89.68392944300014,23.93936157200017],[89.69486236500018,23.990425109],[89.72157287600015,24.013525009000148],[89.69824981600004,24.03868866000005],[89.68301391700004,24.03424263000005],[89.68458557100001,24.058389664000117],[89.65984344400005,24.075452806000104],[89.53292083700012,24.130126953000058],[89.52297210800003,24.19646453900009],[89.50077819800009,24.217069627000058],[89.4694290160001,24.20082855300007],[89.46143341100014,24.224571228000176],[89.47816467300004,24.229370118000187],[89.44586944500008,24.233520508000026],[89.46028137200011,24.262035369000102],[89.42466735900013,24.250263215000075],[89.42226409900007,24.317987443000046],[89.36605072000009,24.35387039200015],[89.31864166300005,24.353065492000155],[89.2872467040001,24.330736161000118],[89.28662872300004,24.304830552000112],[89.23290252800012,24.266025543],[89.23860931500008,24.24469566400012],[89.21916198700018,24.23481559800007],[89.21529388500005,24.211801530000177],[89.17502594100017,24.20066833600003],[89.15678405800014,24.170433044000163],[89.0953900830001,24.156824119000134],[89.080436706,24.166288375000196],[89.04705810600012,24.1390705120001],[89.02766418500016,24.169448853000176],[88.99749755900012,24.155908586000123],[89.01449585100005,24.147624970000038],[88.99707031200002,24.144273758000054],[89.01544952300009,24.14451408400004],[89.003028869,24.142379762000186],[89.00667572000003,24.118116380000117],[89.07027435200013,23.979496002000186],[89.09861755300017,23.95986366200009],[89.16351318400018,23.949777604000072],[89.17957305900018,23.962638855000137],[89.17765808100017,23.98739242700009],[89.21627807600004,23.988491058000136],[89.21651458700018,23.97154045200006],[89.23700714000012,23.972887040000103],[89.26528930799998,23.877819062000015],[89.27822113100018,23.90596961900013],[89.31237792900015,23.874261856000032],[89.35366058400001,23.88283538800016],[89.36460113400005,23.91070365900015],[89.38396453900016,23.908098221000042],[89.46859741200007,23.83925247300016],[89.57212066599999,23.80806922900001],[89.67243957400007,23.809738160000165],[89.73271942100007,23.83528327900018],[89.70383453300019,23.877096176000066],[89.69836425900019,23.866878510000053]]]}},{"type":"Feature","properties":{"district_id":"rajshahi_rajshahi","division":"Rajshahi","district":"Rajshahi"},"geometry":{"type":"Polygon","coordinates":[[[88.7851257330001,24.134557723000057],[88.8607406610002,24.111845016000075],[88.90085601800013,24.151466370000094],[88.86054229700011,24.16605567900012],[88.8744430530001,24.23483467200009],[88.89600372300004,24.22891426200016],[88.91763305700016,24.250965118000124],[88.902679444,24.290283203],[88.85378265500003,24.304538728000125],[88.8468017580002,24.31960868900012],[88.8617324830002,24.36362266700013],[88.89344787600004,24.36367034900013],[88.89277649000007,24.477136611000162],[88.9283981320001,24.510898590000064],[88.87953948900008,24.52083587599998],[88.96310424800004,24.551866533],[88.9632873540001,24.583600997000133],[88.93368530200001,24.58841705300017],[88.90957641700004,24.64322853100009],[88.87934112500017,24.635747911000173],[88.85936737100008,24.656982421000123],[88.81843566900017,24.654451370000064],[88.79859924400017,24.68649482700005],[88.77056121800001,24.66762733500019],[88.74266815100009,24.68346405],[88.73534393300014,24.663774491000083],[88.70142364500003,24.661916732000122],[88.70610046400003,24.628486633000136],[88.68267059400019,24.637004852000192],[88.63881683400007,24.61717033300016],[88.620376588,24.701791763000077],[88.59352111900012,24.698434831000156],[88.57833862300015,24.676235197999972],[88.58146667400008,24.698957443000044],[88.50212097100012,24.71872329700017],[88.48284149300008,24.681251526000093],[88.45532226600017,24.677890778],[88.47293853700018,24.668689727000185],[88.5112533570001,24.681774140000186],[88.4910812390001,24.656717301000068],[88.4353027350001,24.666755676000093],[88.41995239300013,24.649084091000134],[88.42266845800003,24.615913391000053],[88.36911010800009,24.594514846000152],[88.35943603500016,24.602947236000087],[88.30052185000017,24.56492996200006],[88.30524444600015,24.481451035000077],[88.33088684000012,24.44762992800014],[88.29285431000011,24.41727638300017],[88.32773590000016,24.386751175000082],[88.36659240800016,24.373052596000093],[88.44632720900012,24.378667832000186],[88.52870941200013,24.34418106100003],[88.55500030400015,24.29648971600011],[88.56758117600015,24.326709747],[88.62850192700006,24.30518915700003],[88.70588684000012,24.312091827000078],[88.73736572200005,24.270122528000176],[88.73342132500005,24.1939201350001],[88.7851257330001,24.134557723000057]]]}},{"type":"Feature","properties":{"district_id":"rajshahi_sirajganj","division":"Rajshahi","district":"Sirajganj"},"geometry":{"type":"Polygon","coordinates":[[[89.53292083700012,24.130126953000058],[89.68458557100001,24.058389664000117],[89.68301391700004,24.03424263000005],[89.69824981600004,24.03868866000005],[89.72157287600015,24.013525009000148],[89.78195190300005,24.032457351000062],[89.82498169000007,24.08488845800008],[89.82060241700003,24.13998031699998],[89.77995300200013,24.166492462000065],[89.79853820800008,24.17520904500003],[89.78304290700004,24.236726761000057],[89.79016113300014,24.276016236000032],[89.75167083700012,24.350679398000068],[89.7659912100001,24.37583541900005],[89.74237823400011,24.47047996600014],[89.75815582300005,24.499551774000057],[89.73410797100018,24.517930985000078],[89.78907012900015,24.572288512000174],[89.7650299080001,24.613836289000176],[89.78502655000017,24.62580680799999],[89.78327179000007,24.66917038000003],[89.79916381800012,24.679981231000056],[89.77240753100013,24.72402382000007],[89.79085540800014,24.736518860000043],[89.77166748100012,24.772918701000094],[89.74139404300013,24.774570466000057],[89.73483276300011,24.761135101000146],[89.67952728400013,24.783863069],[89.6555404670001,24.74696731500012],[89.66075897200011,24.728406906000146],[89.63726806600016,24.716648102000136],[89.64575958200004,24.70161247200008],[89.62403106600004,24.68546676600016],[89.55464935200018,24.704282760000016],[89.56205749400016,24.689428329000126],[89.54473877000015,24.653707505000057],[89.56198883100006,24.652666091000068],[89.54940795900006,24.617559434000103],[89.58152770900006,24.620561599000098],[89.60245514000007,24.605239869000116],[89.60137176400013,24.56168365500014],[89.56827545100009,24.546815873000124],[89.53072357100007,24.563461304000043],[89.51996612500011,24.536333084999967],[89.50848388600014,24.556764602000047],[89.45966339100005,24.542390824000165],[89.42572784400005,24.56081008899997],[89.34180450400015,24.563190461000147],[89.28323364300013,24.48491668800006],[89.28115844700005,24.456459045000088],[89.24715423600014,24.427265167000087],[89.28511047400008,24.42052078300003],[89.28318786600016,24.37953376700017],[89.31308746300004,24.35098266700004],[89.36605072000009,24.35387039200015],[89.42205810600018,24.318248748000084],[89.42459869300012,24.250347139000098],[89.4602279670001,24.262088775999985],[89.44586944500008,24.233520508000026],[89.47816467300004,24.229370118000187],[89.46143341100014,24.224571228000176],[89.4694290160001,24.20082855300007],[89.50077819800009,24.217069627000058],[89.5223541260001,24.197246551000152],[89.53292083700012,24.130126953000058]]]}},{"type":"Feature","properties":{"district_id":"rangpur_dinajpur","division":"Rangpur","district":"Dinajpur"},"geometry":{"type":"Polygon","coordinates":[[[89.20261383100018,25.22848510800014],[89.30375671300004,25.229423523000033],[89.25592041100009,25.285160064000024],[89.28245544500004,25.301868440000135],[89.2567825320001,25.310789108000165],[89.26319885200007,25.323186874000104],[89.23781585800003,25.31913757400008],[89.24543762200005,25.334148407000157],[89.22121429500015,25.332450868000137],[89.24613952600004,25.35227394200018],[89.23571014400005,25.36544799900014],[89.22210693400007,25.358304977000106],[89.20204925500019,25.394102097000086],[89.18808746300016,25.38646316600017],[89.13770294199998,25.412139892000145],[89.15114593400011,25.412912368000097],[89.14850616500007,25.43394660900009],[89.10459136999998,25.474426271000084],[89.11486047200003,25.50616490900018],[89.09339141800007,25.545341491000155],[89.10323333700018,25.57023239200004],[89.01583099300018,25.602647782000133],[88.99127960300007,25.642181397000112],[88.99790954600019,25.65814781199998],[88.93898010200007,25.68566703900012],[88.93084716800007,25.720920564000153],[88.94608307000016,25.730175018000068],[88.91008758600015,25.745664596000044],[88.91580963100006,25.73545265200011],[88.89759826600005,25.735296250000143],[88.88984680200014,25.77079582300007],[88.85621643100012,25.776865005000047],[88.84426879900013,25.810821534000073],[88.82759857300016,25.81317138700007],[88.80151367100018,25.92203331000007],[88.74448394800015,25.93816185100008],[88.73511505200014,26.014675141000055],[88.66775512800007,26.01386642599999],[88.61620330700015,26.062965394000116],[88.59164428600019,26.021556854000035],[88.55579376200006,26.027896881000117],[88.56559753300007,26.02372360300018],[88.5458679190001,26.01918792800012],[88.53055572600016,25.99152183600006],[88.53687286500013,25.951892852000128],[88.51190185500008,25.94133186400006],[88.50766754100005,25.917844772000084],[88.50626373300008,25.92608833300011],[88.49566650400016,25.92791748100013],[88.501823425,25.90561485300009],[88.48008728100012,25.90295219400013],[88.48435211100002,25.86570549100003],[88.4221420290001,25.87101745700005],[88.42243957500006,25.85551071300011],[88.40846252500017,25.868450165000127],[88.38600921600016,25.838737487000113],[88.39208221500019,25.743322373000126],[88.42843627900004,25.728658676000176],[88.43814849900019,25.688756944000033],[88.427117,25.669703],[88.45672600000017,25.66050000000013],[88.446441827,25.597146999000188],[88.49989318900003,25.58405494800007],[88.50070190500014,25.55109024100011],[88.53307342400007,25.54220008900012],[88.5398941040001,25.50838661200004],[88.55485534700011,25.520999908000082],[88.59632873599998,25.506181716000015],[88.60906219500009,25.516433717000155],[88.66297149600007,25.473768234999966],[88.69950866600016,25.471309662000067],[88.7075042730001,25.499944687000095],[88.76477813700018,25.494955063000077],[88.76162719700005,25.52595901500013],[88.81059265100015,25.5232028960001],[88.81431579600007,25.488042831000147],[88.82965087900016,25.49035453700008],[88.84211731100011,25.453390122000087],[88.82995605400009,25.417114258000144],[88.81237793000014,25.410511018000022],[88.84079742400009,25.397731782000104],[88.84010314900007,25.363870620000114],[88.88380432200006,25.326410295000077],[88.90514373700006,25.338443756000174],[88.92943599900008,25.30421300000012],[89.00887298500004,25.303140640000038],[89.00792694100011,25.26757240300009],[89.0703887950001,25.26976204000016],[89.09676361100009,25.240625382000076],[89.15081787100002,25.256374360000052],[89.20261383100018,25.22848510800014]]]}},{"type":"Feature","properties":{"district_id":"rangpur_gaibandha","division":"Rangpur","district":"Gaibandha"},"geometry":{"type":"Polygon","coordinates":[[[89.38922882100019,25.04702186600008],[89.41406249900018,25.08311653200019],[89.42560577500012,25.06520843500004],[89.4521408080002,25.075912476000102],[89.45253753700007,25.05563163900007],[89.48780059700005,25.06171226600003],[89.51513671800012,25.040399552000164],[89.60988617000015,25.050876618000192],[89.64096069400017,25.03895569000008],[89.6559143070001,25.050048827000182],[89.63856506399998,25.090076448000158],[89.65190124400016,25.144105912],[89.70121765200014,25.232152938000016],[89.748954772,25.23669815100015],[89.7563323980001,25.28085899300004],[89.72180175699998,25.356285095000146],[89.74774170000018,25.387487412000155],[89.73833465700017,25.39822197000018],[89.70028686400019,25.390628814000024],[89.69925689600007,25.4181442260001],[89.68653869700019,25.41514206],[89.70679473899997,25.46721267800018],[89.68370056200007,25.465610505000033],[89.67018890400016,25.486360550000143],[89.69830322300015,25.496185303000065],[89.68135070900007,25.51653289900003],[89.69781494100005,25.53351783700009],[89.6674880970001,25.535800934000065],[89.61587524400005,25.56918144300005],[89.5873336790001,25.556545259000075],[89.56649017400008,25.584573747000093],[89.53631591800013,25.59049415700008],[89.5489425670001,25.625972747000162],[89.53587341200011,25.649036408000033],[89.52185821500018,25.622985840000183],[89.49707031200012,25.622222901000043],[89.49405670200014,25.576160431000172],[89.47100830000005,25.598724365000127],[89.41287994400017,25.588346480999974],[89.40257263100006,25.534305572000168],[89.43791961700009,25.538455964000033],[89.43403625500014,25.52049446200016],[89.45052337600009,25.517648696000037],[89.44199371300004,25.488111497000148],[89.3803405760001,25.44375038099997],[89.37836456399998,25.409822464000058],[89.34317016500006,25.366868973000127],[89.34630584700017,25.32778930700016],[89.33021545500003,25.321928025000147],[89.34275817800017,25.304296494000145],[89.26842498700017,25.300550461000057],[89.2559814440001,25.28648567200014],[89.29917907800007,25.22250747600009],[89.21599578800016,25.23646545500009],[89.18379974400005,25.187004090000073],[89.21672821000016,25.164606095000067],[89.25172424200008,25.097217559999986],[89.28018188500005,25.08765411400009],[89.29735565300012,25.116975784000033],[89.33213043200016,25.12291336100003],[89.33128357000004,25.099891663],[89.35974121100021,25.089046479000103],[89.36020660300011,25.06631660500005],[89.38922882100019,25.04702186600008]]]}},{"type":"Feature","properties":{"district_id":"rangpur_kurigram","division":"Rangpur","district":"Kurigram"},"geometry":{"type":"MultiPolygon","coordinates":[[[[89.8247909550002,25.415351868000133],[89.85226440300016,25.466369628000052],[89.85121917700019,25.53871917800012],[89.86593627899998,25.546283723000098],[89.88241577100018,25.617307663000133],[89.85049438500005,25.713056565000045],[89.82733154200014,25.72995185900015],[89.83994293300009,25.768392563000187],[89.81452942000016,25.816980362000038],[89.83250427200005,25.870712280000134],[89.88594055100016,25.943580628000177],[89.8460617070001,25.935941697000032],[89.82534790000017,25.94557190100016],[89.84926557400007,25.94921908800001],[89.83805084200014,25.968143463000043],[89.8717575070001,25.974163056000123],[89.87065887500012,25.981452942000033],[89.83875274700006,26.009689330000075],[89.83975219700017,25.981010437000123],[89.82295990000011,25.984909059000127],[89.80860901000005,26.043422699000075],[89.79056549200016,26.017896652000047],[89.801773072,26.040353775000032],[89.77357482800011,26.037731172000175],[89.79872131400009,26.059663772000143],[89.79486084000007,26.087274551000178],[89.7812194820001,26.08355331400003],[89.78326416000016,26.10598755000018],[89.75611114500015,26.109468461000116],[89.76641845800009,26.13080787600018],[89.74759674100017,26.157444001000044],[89.71447753900009,26.168857574000185],[89.70130920400004,26.15185737700017],[89.67425558800005,26.167045653000056],[89.70198791500019,26.174062809000194],[89.67344665600007,26.20578384400011],[89.67838287300003,26.210279465000042],[89.685585,26.2070030000001],[89.69142150900007,26.211761474000184],[89.67961883500016,26.21421813900014],[89.68746185300017,26.226615905000074],[89.66086578400007,26.217670441000166],[89.6353610000001,26.230972000000182],[89.64994,26.190298],[89.63076,26.18413],[89.66062200000016,26.17563100000018],[89.64603400000016,26.164553000000186],[89.607384,26.179237000000114],[89.62197100000014,26.166809000000114],[89.611526,26.15201],[89.594589,26.15691000000015],[89.596497,26.135302],[89.632973,26.11759],[89.59384900000016,26.102242],[89.60825300000016,26.088505000000108],[89.6326680000002,26.106970000000103],[89.649025,26.061453],[89.60870389200016,26.063828931000103],[89.61559300000016,26.051401],[89.586815,26.03842200000014],[89.580406,25.96818000000019],[89.54087800000013,25.969631000000163],[89.54231262200017,26.004447937000123],[89.48036200000018,25.997126],[89.48195648100005,25.96180343600014],[89.50102233900014,25.97019004900011],[89.51745605399998,25.917562486000183],[89.57089233300007,25.882616043000155],[89.55227661100008,25.861618042000146],[89.52994537400008,25.86557579000003],[89.53575134400013,25.823915482000075],[89.5167770380001,25.820325852000053],[89.5190505990002,25.805452347000028],[89.4922866820001,25.809103013000087],[89.48277282700008,25.834024429000063],[89.45475006100014,25.825025559000153],[89.47187042300004,25.812864305000062],[89.45938873300008,25.812168122000116],[89.45788574300008,25.783645630000024],[89.50002288700007,25.746835708000106],[89.48494720400015,25.727699279000092],[89.51522827200006,25.70694923400004],[89.51868438700012,25.644159317000174],[89.53079223700007,25.654989242000113],[89.54650116000016,25.63398742800007],[89.53631591800013,25.59049415700008],[89.56649017400008,25.584573747000093],[89.5873336790001,25.556545259000075],[89.61587524400005,25.56918144300005],[89.6674880970001,25.535800934000065],[89.69781494100005,25.53351783700009],[89.68135070900007,25.51653289900003],[89.69820404100011,25.49602508500016],[89.67002868600008,25.48872757100014],[89.68338012700013,25.46577835100004],[89.70679473899997,25.46721267800018],[89.68653869700019,25.41514206],[89.69925689600007,25.4181442260001],[89.70053863600009,25.390350341000158],[89.73925781300017,25.397956848000092],[89.74190521200006,25.372512818000196],[89.77754211400014,25.384532928000112],[89.78423309300013,25.412410737000076],[89.76692199700005,25.432739257000037],[89.8247909550002,25.415351868000133]],[[89.652298,26.062796000000166],[89.65268700100006,26.063589],[89.65219910100018,26.06216234300001],[89.652298,26.062796000000166]]],[[[89.8406139990002,25.942002000000112],[89.84045377800004,25.942199918000142],[89.84042404500013,25.942195953000066],[89.8406139990002,25.942002000000112]]],[[[89.56954200000018,26.06158300000015],[89.55517556500013,26.065598900000055],[89.55162000000018,26.062759],[89.55940246500012,26.049997329000178],[89.56954200000018,26.06158300000015]]],[[[89.514412,26.06557800000013],[89.502663,26.060003000000165],[89.511688,26.05766300000016],[89.514412,26.06557800000013]]],[[[89.584999,26.188093],[89.587456,26.186380000000103],[89.58706700000016,26.189404],[89.584999,26.188093]]],[[[89.63412500000015,26.194614000000172],[89.635086,26.190464000000137],[89.63596300000017,26.193762],[89.63412500000015,26.194614000000172]]],[[[89.61871300000018,26.18615700000015],[89.613739,26.196898000000147],[89.615723,26.189598000000107],[89.609123,26.191046],[89.61871300000018,26.18615700000015]]],[[[89.603035,26.111731000000194],[89.60274698600006,26.110546772000077],[89.60291291300001,26.110405074000088],[89.603035,26.111731000000194]]],[[[89.60879492300018,26.120667866000137],[89.6060030050001,26.121730933000094],[89.60678755100014,26.118195592000063],[89.60879492300018,26.120667866000137]]],[[[89.604078,26.12580800000018],[89.60419500000017,26.125834],[89.604065,26.1259060000001],[89.604078,26.12580800000018]]],[[[89.70278900000011,26.181767000000153],[89.70061494700009,26.183464046000093],[89.70253762300018,26.177120586000115],[89.70278900000011,26.181767000000153]]]]}},{"type":"Feature","properties":{"district_id":"rangpur_lalmonirhat","division":"Rangpur","district":"Lalmonirhat"},"geometry":{"type":"MultiPolygon","coordinates":[[[[89.38843536300004,25.79685592699997],[89.4593505860002,25.786449432000044],[89.45938873300008,25.812168122000116],[89.47187042300004,25.812864305000062],[89.45207977300004,25.822465897000143],[89.4776535040001,25.83490371700003],[89.49237823400017,25.80903625500008],[89.5190505990002,25.805452347000028],[89.5167770380001,25.820325852000053],[89.53575134400013,25.823915482000075],[89.52994537400008,25.86557579000003],[89.55227661100008,25.861618042000146],[89.571067809,25.88542175200001],[89.51745605399998,25.917562486000183],[89.50115966800007,25.97004318300003],[89.4821168520001,25.961750049000102],[89.472748,25.97528100000011],[89.48039994200015,25.996986219000178],[89.42741400000011,26.013241000000107],[89.43389890700013,26.030534876000157],[89.42378200000013,26.047009999000068],[89.39080810500008,26.023040771000126],[89.39244079600007,26.007230760000027],[89.34848800000015,26.010481],[89.325859,26.036634000000163],[89.27566500000017,26.049175],[89.28097500200005,26.06569492],[89.254349,26.06421500000016],[89.266754,26.09248],[89.25155639700017,26.091457367000093],[89.22937775500009,26.12289007700008],[89.15532684300007,26.138708116000142],[89.15722656200012,26.163288118000136],[89.13455963200016,26.181278228000053],[89.14929199199997,26.208961488000117],[89.14087677000003,26.23587417700014],[89.100051957,26.27956589400009],[89.10469076400005,26.31592558600005],[89.124352,26.29369300000013],[89.13624572000003,26.3202170510001],[89.11267092600008,26.31851006],[89.09673309400011,26.329322815000182],[89.08373260500014,26.32229805100019],[89.10128782900011,26.336633987000084],[89.09828186000004,26.35902786300005],[89.07965850900018,26.362937928000182],[89.09567976400018,26.391540764000126],[89.033508,26.395533],[88.99367500000011,26.423071],[88.99839800000012,26.413275],[88.993973,26.412897],[88.983208,26.446594000000175],[88.95579500000014,26.460297],[88.9652180000001,26.4519820000001],[88.946129,26.448036000000116],[88.94471700000014,26.425684],[88.92614700000019,26.432163],[88.935257,26.41371000000015],[88.903938,26.408134000000132],[88.918022,26.400885],[88.90904200000011,26.38013600000011],[88.92900800000012,26.36358600000017],[88.96086900000017,26.367701000000125],[88.95403300000017,26.346991],[88.985085,26.350044],[88.986862,26.332123000000138],[89.006653,26.33280000000019],[88.990501,26.312401],[89.002129,26.29549],[89.00763700000016,26.304222000000152],[89.01683000000014,26.289494000000158],[89.02688600000016,26.30966000000012],[89.03334800000016,26.28556100000015],[89.05895200000015,26.294472],[89.06970200000018,26.25533300000018],[89.050621,26.24177],[89.020638001,26.244652],[89.02177429200015,26.228319168000045],[89.03612518200009,26.220371247000113],[89.01922607500006,26.191471101000104],[89.09795379700017,26.14627838100006],[89.09034729000007,26.05942154000019],[89.11222839300012,25.99360465900014],[89.15325164800004,25.95494651800016],[89.20057678300003,25.94559860200013],[89.23483276300004,25.904672622000195],[89.29141998200004,25.890005112000036],[89.3475112910001,25.821111679000182],[89.38843536300004,25.79685592699997]],[[89.023872,26.242924000000187],[89.02538300000015,26.24058699900019],[89.02201822900021,26.242669999000043],[89.023872,26.242924000000187]]],[[[89.34911300000016,26.015003],[89.347733,26.01514100000014],[89.34732200100007,26.014996],[89.34911300000016,26.015003]]],[[[89.240091264,26.111511569000072],[89.24037075800004,26.111731736000085],[89.2398452760001,26.111619949000158],[89.240091264,26.111511569000072]]],[[[89.18723292700014,26.24319828700004],[89.1775970400002,26.24466311300012],[89.18026700000013,26.239300001000117],[89.18723292700014,26.24319828700004]]],[[[89.15047454800015,26.24972343500014],[89.13580314600017,26.271238067000187],[89.14259334800016,26.241794970000054],[89.17073814300016,26.240084246000034],[89.171310005,26.263701995000137],[89.15317535400017,26.266004563000024],[89.15047454800015,26.24972343500014]]],[[[89.13185882500005,26.291681289],[89.129204,26.292446000000155],[89.1305999760001,26.290939332000164],[89.13185882500005,26.291681289]]],[[[89.13106536800007,26.29684257600013],[89.13479614300007,26.295673371000074],[89.13450601700009,26.29796396100011],[89.13106536800007,26.29684257600013]]],[[[89.11509699800007,26.302501694000114],[89.11383093500001,26.300924011000067],[89.11380004900013,26.299034119000165],[89.11509699800007,26.302501694000114]]],[[[89.12959289600008,26.320583344000116],[89.12859303100004,26.321849567000186],[89.12661835000017,26.32070514300017],[89.12959289600008,26.320583344000116]]],[[[89.11237336000016,26.282335183000153],[89.11379992700012,26.27761090900003],[89.11363985100002,26.28297992300003],[89.11237336000016,26.282335183000153]]],[[[89.049797,26.288998000000102],[89.04703500000016,26.286924000000113],[89.050346,26.28808],[89.049797,26.288998000000102]]],[[[89.048115,26.245851],[89.047974,26.245971],[89.047943,26.245802],[89.048115,26.245851]]],[[[89.005714,26.249868000000106],[89.004585,26.265564],[88.998314,26.253736],[89.005714,26.249868000000106]]],[[[89.03678900000011,26.26428],[89.0223620000001,26.271194000000154],[89.032845,26.256304],[89.03678900000011,26.26428]]],[[[89.023735,26.301273],[89.0215,26.29281],[89.023613,26.292381],[89.025597,26.29582],[89.023735,26.301273]]],[[[88.98390715600016,26.292931526000192],[88.960838,26.2950530010001],[88.951942,26.316385],[88.937561,26.312986],[88.93840010200006,26.335023847000055],[88.9213260520001,26.335525519000043],[88.92797088600008,26.291883469000027],[88.95446014500004,26.274721147000037],[88.98390715600016,26.292931526000192]]],[[[88.95916748100018,26.336128235000164],[88.962484,26.345388],[88.95868609700011,26.344765937000037],[88.95916748100018,26.336128235000164]]],[[[89.10903197700014,26.306582943000024],[89.10903930600017,26.304567338000144],[89.1105575570001,26.304613113000073],[89.10903197700014,26.306582943000024]]],[[[88.9422,26.352018000000104],[88.9382480000001,26.35483],[88.937981,26.35135300000013],[88.9422,26.352018000000104]]],[[[89.07231904399998,26.40180547500006],[89.07595794400015,26.401212775000086],[89.07509613000008,26.405576706000097],[89.07231904399998,26.40180547500006]]],[[[89.05584709200009,26.401727837000067],[89.05925750800003,26.40425491400015],[89.05416107200006,26.40753173800005],[89.05584709200009,26.401727837000067]]],[[[89.00576900000016,26.420895],[89.00425700100004,26.42137699900013],[89.005501,26.419439],[89.00576900000016,26.420895]]]]}},{"type":"Feature","properties":{"district_id":"rangpur_nilphamari","division":"Rangpur","district":"Nilphamari"},"geometry":{"type":"Polygon","coordinates":[[[88.90908813400006,25.745735169000117],[88.95467376800008,25.740964890000043],[88.94044494600013,25.763685227000053],[88.96183013800015,25.78432655300014],[88.94308471700015,25.80645752000015],[89.04283142100009,25.812578201],[89.06200409000007,25.83409690900004],[89.09049987700018,25.82680130000011],[89.08728027400014,25.84588241700015],[89.1151504520001,25.88177490400011],[89.0942306520002,25.93672370900009],[89.10968780400015,25.96618080200011],[89.141845703,25.96417427],[89.09349060000005,26.03372001600013],[89.09809875600013,26.145879745000116],[89.01930236800007,26.191337585000046],[89.03612518200009,26.220371247000113],[89.01815001100005,26.243747691000063],[88.95677900000015,26.2406600000001],[88.92622375500002,26.2838935850001],[88.89820100000021,26.288744],[88.86821000000016,26.27747],[88.88350700000012,26.23665000000011],[88.840263,26.231409],[88.81352200000015,26.254675],[88.81906890800008,26.29458999600007],[88.79347224400016,26.3100738120001],[88.759254,26.30414400000012],[88.76291656500018,26.236120223000057],[88.79006195100015,26.23039245700011],[88.79782867500006,26.20337867700016],[88.77577972500006,26.180561065000123],[88.78919982900004,26.12352752700002],[88.75766754100016,26.08464241000013],[88.7788009640002,26.062351228000125],[88.75900268600009,26.024751664000064],[88.73511505200014,26.014675141000055],[88.74448394800015,25.93816185100008],[88.80151367100018,25.92203331000007],[88.82759857300016,25.81317138700007],[88.84426879900013,25.810821534000073],[88.85621643100012,25.776865005000047],[88.88984680200014,25.77079582300007],[88.89759826600005,25.735296250000143],[88.91580963100006,25.73545265200011],[88.90908813400006,25.745735169000117]],[[88.884079,26.240677],[88.884972,26.24414100000018],[88.8850939990001,26.24045810100017],[88.884079,26.240677]]]}},{"type":"Feature","properties":{"district_id":"rangpur_panchagarh","division":"Rangpur","district":"Panchagarh"},"geometry":{"type":"Polygon","coordinates":[[[88.70938873400013,26.006908417000094],[88.75875854500005,26.024526596000104],[88.77854919500004,26.061735154000132],[88.75766754100016,26.08464241000013],[88.7895889290001,26.12471389800004],[88.77577972500006,26.180561065000123],[88.79371643000007,26.189041137000117],[88.79743957500007,26.215160371000138],[88.78179931700004,26.23688125600006],[88.76291656500018,26.236120223000057],[88.756561,26.310575],[88.745056,26.290745],[88.71975,26.2930980000001],[88.67942758700013,26.259011159000124],[88.66566500000017,26.284859000000157],[88.6739120000002,26.298595000000144],[88.68619508500018,26.282120003000102],[88.70938873400013,26.288866043000155],[88.68474578800011,26.29520268000016],[88.67507171600005,26.32017135700005],[88.74645206900016,26.322475448000034],[88.733826,26.328585000000142],[88.7458189850002,26.34717383700013],[88.73425292900015,26.35379600500005],[88.70463562100008,26.33258056600016],[88.68103027300003,26.380220413000075],[88.702247619,26.38855361900016],[88.67029571500007,26.397792816000162],[88.68584442100014,26.41126060500011],[88.66773986700014,26.407306672000058],[88.62372589200004,26.43486213600005],[88.62069702200006,26.4710693350001],[88.59473419100016,26.470935822000175],[88.59702301100015,26.449390412000067],[88.55995941200013,26.457111359000066],[88.5564575200001,26.48487281700005],[88.52645111100009,26.48148918100003],[88.5219192510001,26.50847053500013],[88.48970031700009,26.51044082700008],[88.48352813800017,26.541069030000187],[88.43725585900006,26.544141769000134],[88.4090728760001,26.633766174000016],[88.38765716500018,26.612043381000095],[88.39846801700008,26.603725434000125],[88.37591552700013,26.59426689100008],[88.33116149800009,26.48463249300005],[88.35488891700015,26.447113038000108],[88.37234497000003,26.488407135000045],[88.48519897400001,26.46035003800006],[88.52482605000017,26.359838486000058],[88.48354339600019,26.349672317000113],[88.45789337100018,26.373750687000154],[88.43810272200005,26.337049485000023],[88.40695953400007,26.330419540000037],[88.4149551390002,26.315185548000105],[88.3703460690001,26.305082322000086],[88.34960174500003,26.282308578000144],[88.35127258300008,26.221817018000138],[88.32305908300003,26.210344315000043],[88.32991790700015,26.185585023000158],[88.38392639300002,26.182146072000076],[88.38560485900018,26.201169968000105],[88.40981292800006,26.204046250000033],[88.51667022800018,26.200981141],[88.5342254630001,26.178541183000164],[88.54799652100019,26.189180374000163],[88.57266998199998,26.149625777999972],[88.60765838700013,26.140050889000122],[88.63837432900016,26.107908250000094],[88.64646148700012,26.082658767],[88.62986755500009,26.049358369000057],[88.66712188800011,26.014184951000175],[88.70938873400013,26.006908417000094]]]}},{"type":"Feature","properties":{"district_id":"rangpur_rangpur","division":"Rangpur","district":"Rangpur"},"geometry":{"type":"Polygon","coordinates":[[[89.33979034400011,25.30343246500013],[89.34398651100014,25.31967163100012],[89.33021545500003,25.321928025000147],[89.34630584700017,25.32778930700016],[89.34317016500006,25.366868973000127],[89.37836456399998,25.409822464000058],[89.3803405760001,25.44375038099997],[89.4301300050002,25.474239349000072],[89.45050048900009,25.517414093000127],[89.43403625500014,25.52049446200016],[89.43791961700009,25.538455964000033],[89.40290069600013,25.53350448700007],[89.41287994400017,25.588346480999974],[89.47100830000005,25.598724365000127],[89.49405670200014,25.576160431000172],[89.49707031200012,25.622222901000043],[89.52185821500018,25.622985840000183],[89.53578949100017,25.64928817700013],[89.51868438700012,25.644159317000174],[89.51522827200006,25.70694923400004],[89.48494720400015,25.727699279000092],[89.5004196160001,25.745887756],[89.4629440300002,25.786170959000174],[89.38593292300015,25.797960281000034],[89.28149414000018,25.896417618000157],[89.2346420290001,25.90478515700016],[89.20044708200004,25.945657730000054],[89.11123657200005,25.966903688000063],[89.0942306520002,25.936147689000055],[89.09925079300018,25.897560121000083],[89.11627960300012,25.886117935000186],[89.08728027400014,25.84588241700015],[89.09049987700018,25.82680130000011],[89.06200409000007,25.83409690900004],[89.04283142100009,25.812578201],[88.94308471700015,25.80645752000015],[88.96183013800015,25.78432655300014],[88.94044494600013,25.763685227000053],[88.95466613700007,25.73987007200003],[88.93084716800007,25.720920564000153],[88.93898010200007,25.68566703900012],[88.99790954600019,25.65814781199998],[88.99127960300007,25.642181397000112],[89.01600646900016,25.602508545000095],[89.10323333700018,25.57023239200004],[89.09339141800007,25.545341491000155],[89.11486047200003,25.50616490900018],[89.10462188700012,25.474308015000076],[89.14850616500007,25.43394660900009],[89.15114593400011,25.412912368000097],[89.13819885200019,25.411611557000185],[89.18808746300016,25.38646316600017],[89.20204925500019,25.394102097000086],[89.22210693400007,25.358304977000106],[89.23571014400005,25.36544799900014],[89.24613952600004,25.35227394200018],[89.22148895300018,25.332126618000128],[89.24543762200005,25.334148407000157],[89.23781585800003,25.31913757400008],[89.26319885200007,25.323186874000104],[89.2567825320001,25.310789108000165],[89.28514099100005,25.299985886000172],[89.33979034400011,25.30343246500013]]]}},{"type":"Feature","properties":{"district_id":"rangpur_thakurgaon","division":"Rangpur","district":"Thakurgaon"},"geometry":{"type":"Polygon","coordinates":[[[88.26846309600006,25.780798008000147],[88.32089233400006,25.73757934700012],[88.373932,25.717308000000173],[88.373917,25.697548],[88.40535000099999,25.67147100000011],[88.43051910399998,25.67306327900019],[88.4364318850001,25.70763206600003],[88.42357635600001,25.714916229999968],[88.43412017800006,25.71807289100013],[88.41522979700017,25.736724854000045],[88.40052795300016,25.731191635000076],[88.38883972100014,25.753993989000094],[88.38626889000017,25.839756183000077],[88.40846252500017,25.868450165000127],[88.42243957500006,25.85551071300011],[88.4221420290001,25.87101745700005],[88.4842681880001,25.865623474000074],[88.47998809900008,25.902706147000117],[88.501823425,25.90561485300009],[88.49566650400016,25.92791748100013],[88.50766754100005,25.917844772000084],[88.51190185500008,25.94133186400006],[88.53687286500013,25.951892852000128],[88.53051757700007,25.99130058300011],[88.5458679190001,26.01918792800012],[88.59164428600019,26.021556854000035],[88.64646148700012,26.082658767],[88.62197113000013,26.13064384500018],[88.57266998199998,26.149625777999972],[88.54799652100019,26.189180374000163],[88.5342254630001,26.178541183000164],[88.51667022800018,26.200981141],[88.40946197500006,26.20403480500011],[88.38560485900018,26.201169968000105],[88.37015533500016,26.179008484000178],[88.33066558900003,26.184995652000165],[88.32238006600005,26.20241928100018],[88.28557586700015,26.200246812000103],[88.24176788400001,26.189178466000048],[88.22944641100008,26.167289735],[88.18044281000016,26.145692826000186],[88.15840911800012,26.080785752000054],[88.18339538600021,26.07169723600015],[88.16949463000003,26.04533195500016],[88.1871109000001,26.024061204000134],[88.12963867200017,25.997037888000083],[88.12231445400005,25.948463441000115],[88.08834839000008,25.91924095200011],[88.1029357910001,25.889312744000105],[88.09385681100014,25.874401093000078],[88.11534118700013,25.852439881],[88.10129547100007,25.829645156000023],[88.120071,25.812576],[88.11441807500012,25.798023238000038],[88.14418000000018,25.7937280000001],[88.1521453630001,25.77576447000007],[88.18370076100013,25.801784645000115],[88.20909100000011,25.787207],[88.259575,25.813925000000157],[88.26846309600006,25.780798008000147]]]}},{"type":"Feature","properties":{"district_id":"sylhet_habiganj","division":"Sylhet","district":"Habiganj"},"geometry":{"type":"MultiPolygon","coordinates":[[[[91.29690551800002,24.006093978000024],[91.37823486400004,23.976957320999986],[91.37325293500004,24.0028038960001],[91.39653778100018,24.04975318900006],[91.37802124100006,24.10950088600009],[91.47310638400006,24.101907730000164],[91.54521179100011,24.074344636000035],[91.58841705300017,24.077230454000073],[91.59445190300016,24.09665298400006],[91.63776397800012,24.10532569800017],[91.64518700400004,24.173996013000195],[91.61280822800012,24.249423981000064],[91.63118743900014,24.334934235000162],[91.62479400700016,24.363950730000166],[91.60321044900007,24.36264991900009],[91.6016387950001,24.415464401000175],[91.62069702100007,24.41736030500016],[91.60740661500017,24.441755295000124],[91.61344146800008,24.50183677600006],[91.63543701100002,24.519779206000123],[91.63525390500018,24.544023515000163],[91.65444946200006,24.54601860100007],[91.62968444900014,24.5874385840001],[91.60831451500019,24.585910798],[91.62120819200004,24.601881027000047],[91.63158416800019,24.588491439000105],[91.66145324800016,24.592531204000124],[91.66091919000019,24.62590599000003],[91.6315765380001,24.63061141999998],[91.65705108600002,24.679548263000125],[91.62728118900009,24.656219483000086],[91.61406707700007,24.675270080000075],[91.59097290000018,24.65889167800009],[91.57987213200005,24.674951553000085],[91.56835937500006,24.664434433000164],[91.57678985600012,24.658205033000055],[91.57641601600011,24.6453266150001],[91.55999755900007,24.66464996300005],[91.53707885700004,24.648225785000026],[91.48422241300007,24.67100524799997],[91.46518707299998,24.657466889000094],[91.44768524100016,24.665147781000027],[91.44180297800013,24.65117645400016],[91.4287948610002,24.682233811000117],[91.40029144300007,24.670658112000073],[91.38005828900003,24.695325852000053],[91.35101318300008,24.68935394300019],[91.35060119600018,24.667451859000042],[91.30508422900004,24.654399872000056],[91.29368591200011,24.59716415500003],[91.27154541000016,24.605024339000067],[91.21085357600003,24.52085495000017],[91.15114593500016,24.48257637100011],[91.19313049300013,24.481262207000103],[91.19031524600013,24.465723038000192],[91.22660064600018,24.482189178000173],[91.24211883600003,24.427251816000137],[91.21710205100004,24.432476043000122],[91.21381378200005,24.402744293000183],[91.2375183100001,24.406785965000097],[91.25579071099997,24.37934303300017],[91.21273803700012,24.36159133900009],[91.2349624630001,24.316036224000186],[91.16991424500014,24.314773560000162],[91.15865325900012,24.282611848000045],[91.19642639200003,24.290700912000034],[91.17744445800014,24.256874085000103],[91.26695251400008,24.223268510000022],[91.28599548400007,24.223369599000137],[91.30198669400016,24.266504288000135],[91.32883453400007,24.249628068000163],[91.32401275600006,24.2295417790001],[91.27725219700005,24.203231811000137],[91.3126602160001,24.203491211000085],[91.31283569400006,24.18280220100013],[91.27721405000005,24.181518556000068],[91.26171112100013,24.1463527680001],[91.29247284000007,24.117498398000127],[91.270836,24.112543],[91.26747131400003,24.094226838],[91.29313659600012,24.09353637800007],[91.28406524600007,24.06079101600005],[91.31160736200019,24.03983688400018],[91.29690551800002,24.006093978000024]]],[[[91.303467,23.997053000000165],[91.30352793700007,23.996730993000085],[91.3036420000002,23.997009001000148],[91.303467,23.997053000000165]]],[[[91.57284500100013,24.074898001000065],[91.57288357600004,24.075078822000023],[91.57254825800015,24.074937965],[91.57284500100013,24.074898001000065]]]]}},{"type":"Feature","properties":{"district_id":"sylhet_maulvibazar","division":"Sylhet","district":"Maulvibazar"},"geometry":{"type":"MultiPolygon","coordinates":[[[[91.7456049990002,24.242619],[91.81629943900009,24.21008300700015],[91.84747284000002,24.228271038],[91.85687300000012,24.21429400000017],[91.84480300000013,24.18993],[91.90216076000019,24.13710205100006],[91.94074200000011,24.268238],[91.91992187500013,24.33752059900013],[91.9566650390002,24.356817245000116],[91.99585700000013,24.322180004000128],[91.97035217300004,24.384656907000192],[91.985687,24.377005000000107],[91.99649810800003,24.393875122000054],[92.08904266400003,24.373420716000172],[92.12200927700002,24.385997773000103],[92.13669586200007,24.425098420000154],[92.16622161800007,24.42207336400014],[92.15486145100004,24.523118973000184],[92.17340088000003,24.534021377000045],[92.21253204300007,24.503768921000187],[92.22360229500015,24.51742935200008],[92.25434112500011,24.678180694000048],[92.29588317900004,24.73663330100004],[92.27896118100006,24.745723724000126],[92.28883361900012,24.784631730000115],[92.27298736600005,24.827569962000158],[92.24920654200008,24.836383820000037],[92.24335479800015,24.81941604700006],[92.19991302500011,24.806444167],[92.1938705440001,24.76838302600004],[92.09883117800013,24.75661468500004],[92.07826995900018,24.766427994000082],[92.080421,24.72348600000015],[92.05769348100011,24.72862815800016],[92.04880500000019,24.69727900000015],[92.02571868900003,24.697160721000046],[92.02897644000006,24.652332306000062],[91.96666717500017,24.638923645000034],[91.93107605000012,24.661771775000087],[91.9032287600001,24.66364479100002],[91.89017486600005,24.646081925000093],[91.88459777899999,24.656999589000126],[91.84680175800014,24.644449234000092],[91.82860565300012,24.653657913000075],[91.7827529920001,24.6427192700001],[91.74850463900009,24.598123550000082],[91.68582153200003,24.605176926000183],[91.67504119900008,24.631196975000023],[91.66152954100016,24.627712249000183],[91.66098022500017,24.592144013000166],[91.61190795900012,24.59401321500008],[91.6544570920002,24.546323776000175],[91.63525390500018,24.544023515000163],[91.63543701100002,24.519779206000123],[91.61013793800015,24.492120743000044],[91.62073516800012,24.417648316000115],[91.60167694200015,24.415613175000033],[91.60272979800004,24.364952087000177],[91.62479400700016,24.363950730000166],[91.63222503600014,24.317611696000142],[91.61396789500003,24.285913468000047],[91.6155853260002,24.23175811800007],[91.64328000000019,24.174471000000157],[91.6570740000002,24.178324],[91.64715593200003,24.21532239700008],[91.6653440770001,24.23365592800008],[91.6921081540001,24.15980148300008],[91.75775899900003,24.141367001000162],[91.7456049990002,24.242619]]],[[[91.877914,24.15038300100008],[91.877884,24.150581],[91.87777699900016,24.150354001000157],[91.877914,24.15038300100008]]]]}},{"type":"Feature","properties":{"district_id":"sylhet_sunamganj","division":"Sylhet","district":"Sunamganj"},"geometry":{"type":"Polygon","coordinates":[[[91.19788360500013,24.58653831500016],[91.23396301300016,24.568962097],[91.26479339600013,24.579490662000126],[91.27174377400003,24.605173111000113],[91.29663848800016,24.60206031800004],[91.30536651700017,24.65476226900012],[91.31435394300019,24.64710235600006],[91.35105133000013,24.667882919000196],[91.34899902400014,24.688268661999988],[91.38005828900003,24.695325852000053],[91.40000915400009,24.670719147000057],[91.4287948610002,24.682233811000117],[91.44180297800013,24.65117645400016],[91.44768524100016,24.665147781000027],[91.46518707299998,24.657466889000094],[91.48422241300007,24.67100524799997],[91.53707885700004,24.648225785000026],[91.55999755900007,24.66464996300005],[91.57641601600011,24.6453266150001],[91.56835937500006,24.664434433000164],[91.57987213200005,24.674951553000085],[91.59097290000018,24.65889167800009],[91.61406707700007,24.675270080000075],[91.62713623000008,24.65621757500009],[91.64913940400004,24.67506218000011],[91.64386749400012,24.69782829300004],[91.66132354700017,24.700632096000106],[91.65961456400004,24.723798752000107],[91.67207336500019,24.71913528600004],[91.65956878700007,24.742546083000036],[91.67745208700006,24.75818061800004],[91.6361389160001,24.780351639000116],[91.65239715600012,24.793514251000094],[91.67536926200012,24.787208558000145],[91.67407989500009,24.806566238000077],[91.65824890000005,24.80860710100012],[91.65729522800018,24.84681129400019],[91.67375946000016,24.87186813300013],[91.69779205300006,24.866769791000024],[91.6769714350001,24.889783860000023],[91.69485473600014,24.901409150000177],[91.68108368000009,24.904806136000047],[91.69512176500012,24.91135788100007],[91.69080352800012,24.938262939000083],[91.71371459900018,24.946557998000117],[91.7036361690001,24.980857850000064],[91.6660232540001,24.99864387600013],[91.69663238600015,24.99773979100019],[91.66802978599998,25.023019791000028],[91.68098449800006,25.024518966000187],[91.67211151200001,25.03913879400011],[91.68741607700008,25.041446686000143],[91.68748474000017,25.05797386100005],[91.73499298100018,25.065362930000106],[91.71276855500003,25.146965026000146],[91.63657379200004,25.122827530000166],[91.6005783080002,25.14593505800019],[91.61511993400006,25.174856186],[91.5919723520001,25.174430848000153],[91.55885315000017,25.149290085000022],[91.47055053700007,25.1337490090001],[91.46865844600006,25.149976730000105],[91.44049072300015,25.149753572000122],[91.41456603900008,25.171241761000033],[91.337120057,25.17365074200012],[91.28647613400005,25.18547630300003],[91.27098083500005,25.20397758500019],[91.06957244800009,25.1985206600001],[90.96485138000014,25.171878816000063],[90.9474258420002,25.113832474],[90.97466278000013,25.0742797850001],[90.92778015100015,25.077987671000077],[90.9328613290001,25.04486083900008],[90.96502685600007,25.03569984500007],[90.93405151500019,25.019939424000146],[90.94365692200012,24.975925446000133],[90.97317504800014,24.958423614000143],[90.94914245700005,24.93967628500013],[90.95329284600018,24.919157029000075],[90.99286651600016,24.914100647],[90.99805450400004,24.89213562000009],[91.01560211100002,24.89855194100011],[91.0176162730001,24.885246277000192],[91.04447174100005,24.90813827500017],[91.09844207800012,24.889587403],[91.11380767800011,24.847541810000052],[91.1304016110001,24.84059524500003],[91.11248779400017,24.817060470000115],[91.13038635200013,24.79285621800011],[91.15280151300016,24.80932808000017],[91.142730713,24.82562446600008],[91.15295410200008,24.83745956500013],[91.17068481400003,24.826961518000076],[91.1604995730001,24.79193115200013],[91.17121124300019,24.779956818000187],[91.13522338900005,24.757196427000054],[91.15933990400015,24.748106002999975],[91.1413269050002,24.72420883100017],[91.20684051500012,24.708984375000114],[91.22527313100005,24.72751236100015],[91.2197189330002,24.702386856000032],[91.24094390800019,24.69155883899998],[91.23858642500005,24.67503547700011],[91.22381591800018,24.675214768000103],[91.22605133000002,24.650568008000104],[91.20968627900004,24.652315140000045],[91.19452667300015,24.625963212000162],[91.17826080300011,24.63029289300005],[91.2003479010001,24.608778],[91.19788360500013,24.58653831500016]]]}},{"type":"Feature","properties":{"district_id":"sylhet_sylhet","division":"Sylhet","district":"Sylhet"},"geometry":{"type":"Polygon","coordinates":[[[91.73569488400011,24.597429275000135],[91.78111267000008,24.626426697000056],[91.78363800100004,24.643299102000128],[91.82819366400003,24.653589249000053],[91.84680175800014,24.644449234000092],[91.88459777899999,24.656999589000126],[91.89017486600005,24.646081925000093],[91.9032287600001,24.66364479100002],[91.93107605000012,24.661771775000087],[91.96666717500017,24.638923645000034],[92.02897644000006,24.652332306000062],[92.02571868900003,24.697160721000046],[92.04880500000019,24.69727900000015],[92.05769348100011,24.72862815800016],[92.080421,24.72348600000015],[92.07826995900018,24.766427994000082],[92.09883117800013,24.75661468500004],[92.1938705440001,24.76838302600004],[92.19594573900014,24.80291938700003],[92.24353790400005,24.819566727000055],[92.23734283400013,24.831285476000065],[92.25487518300008,24.838577270000147],[92.23484802200011,24.861505509000157],[92.24803161700015,24.885007858999984],[92.23474884000007,24.903945923000038],[92.30065155000017,24.915670395000063],[92.33966064500004,24.878343580999967],[92.34661102400003,24.8936424260001],[92.37541961600016,24.874485016000055],[92.38695518100008,24.852731938000144],[92.42605590900018,24.854137422000065],[92.4451751700002,24.87309646600005],[92.49011230500014,24.873390199000145],[92.48764038000013,24.94667434800016],[92.44956970300012,24.938726426000184],[92.46777343700012,24.963510514000177],[92.41943359400017,24.967567445000043],[92.42521667500006,25.02965927200006],[92.34140777500006,25.048664093000188],[92.34848022400018,25.073637010000084],[92.33446502700008,25.078613281000173],[92.31054687400018,25.069168091000105],[92.22773742600009,25.093698502000166],[92.19609069800015,25.108165741],[92.21839141800007,25.117967605000107],[92.15949249300007,25.12671089200012],[92.16566467200016,25.13602066100009],[92.13576507600015,25.138854981000122],[92.13283538900015,25.160270692000044],[92.07376098600002,25.185058594000054],[92.00341796900017,25.18624114900013],[91.98050689600012,25.171789169000192],[91.82716369600007,25.177949906000038],[91.77446746800007,25.163280488000055],[91.75515747100008,25.17749214200017],[91.74757385300018,25.140272140000036],[91.7036361690001,25.16008567800003],[91.72790527400002,25.129117965000034],[91.71849823100018,25.092721939000118],[91.73499298100018,25.065362930000106],[91.68748474000017,25.05797386100005],[91.68741607700008,25.041446686000143],[91.67211151200001,25.03913879400011],[91.68098449800006,25.024518966000187],[91.66802978599998,25.023019791000028],[91.69663238600015,24.99773979100019],[91.6660232540001,24.99864387600013],[91.7036361690001,24.980857850000064],[91.71371459900018,24.946557998000117],[91.69080352800012,24.938262939000083],[91.69512176500012,24.91135788100007],[91.68108368000009,24.904806136000047],[91.69485473600014,24.901409150000177],[91.6769714350001,24.889783860000023],[91.69779205300006,24.866769791000024],[91.67375946000016,24.87186813300013],[91.65729522800018,24.84681129400019],[91.65824890000005,24.80860710100012],[91.67407989500009,24.806566238000077],[91.67536926200012,24.787208558000145],[91.63629150400017,24.78096389800004],[91.67745208700006,24.75818061800004],[91.65956878700007,24.742546083000036],[91.6741714490002,24.72379112199997],[91.64411926300005,24.69841957000006],[91.65759277400008,24.678699494000174],[91.6315765380001,24.63061141999998],[91.67504119900008,24.631196975000023],[91.68582153200003,24.605176926000183],[91.73569488400011,24.597429275000135]]]}}]}