{"type": "FeatureCollection", "features": [{"type": "Feature", "properties": {"division": "Barisal"}, "geometry": {"type": "MultiPolygon", "coordinates": [[[[90.24813100000011, 21.82944100100019], [90.248047, 21.82991], [90.253143, 21.832063999000127], [90.24813100000011, 21.82944100100019]]], [[[90.29747, 21.849413], [90.2994770000002, 21.839386000000157], [90.29216800000012, 21.840328000000113], [90.29747, 21.849413]]], [[[90.375618, 21.841452], [90.36698200000018, 21.84318000000019], [90.373466, 21.848572000000104], [90.375618, 21.841452]]], [[[90.373413, 21.868221000000116], [90.37435200000016, 21.866407000000155], [90.3730010000001, 21.865671000000194], [90.373413, 21.868221000000116]]], [[[90.1036000000002, 21.87836100100009], [90.102486, 21.87948400000016], [90.10385900100006, 21.879769999000136], [90.1036000000002, 21.87836100100009]]], [[[90.17410278400007, 21.908111573000156], [90.1960906970001, 21.93397140500002], [90.19838714700006, 21.945558548000122], [90.23266601600005, 21.95517349300013], [90.23888397200011, 21.960590363000108], [90.25590500000015, 21.950911000000133], [90.29531099900004, 21.99023199900006], [90.2976230000001, 21.9382], [90.25722500000012, 21.839722], [90.195557, 21.80027800000016], [90.123100282, 21.811870576000103], [90.08374786300016, 21.845211029000094], [90.09405517600004, 21.864509583000086], [90.10626220800003, 21.853187562000077], [90.1178670000001, 21.89856], [90.14901700000014, 21.891785], [90.17410278400007, 21.908111573000156]]], [[[90.0234600010001, 21.919010001], [90.0248180010002, 21.921431], [90.02617600100012, 21.919884001000067], [90.0234600010001, 21.919010001]]], [[[90.313065, 21.870876], [90.355782, 21.980053000000108], [90.398445, 22.011074001000054], [90.38784800000019, 21.975851], [90.38482700000021, 21.961081000000153], [90.374832, 21.950073], [90.355263, 21.91647900000015], [90.374626, 21.869968], [90.321152, 21.846931], [90.30612900000011, 21.88237], [90.30899, 21.883640000000128], [90.313065, 21.870876]]], [[[90.15931825372837, 21.981119874778543], [90.15194702100018, 21.98091125499997], [90.1325531, 21.95280075000016], [90.143692017, 21.929822921000095], [90.11389160200014, 21.925449371000074], [90.10726165700005, 21.89479446400009], [90.07331848100017, 21.860679626000035], [90.04508972100007, 21.86594009500016], [90.02383422800006, 21.88435173000005], [90.031052, 21.947786], [90.069366, 21.968401], [90.09175109800003, 22.044351578000033], [90.15837099900006, 22.114535999000115], [90.188583, 22.106151999000076], [90.21731567400008, 22.121944428000177], [90.2396620000002, 22.18979100000018], [90.23231500000014, 22.226517], [90.22513409255025, 22.232555989445654], [90.22027587800005, 22.22583389400006], [90.208885, 22.32722300000017], [90.25, 22.334999000000153], [90.27388763500005, 22.360126495000085], [90.27416992100018, 22.408332826000162], [90.30274963500017, 22.431596756000147], [90.310035706, 22.465517045000187], [90.3505172730001, 22.46694755500005], [90.36108398400012, 22.493814469000085], [90.38809733978141, 22.486175554652643], [90.38500213700019, 22.488054276000188], [90.37999725200007, 22.50666618400004], [90.40416717500018, 22.49138832000017], [90.43250300100004, 22.511944001000188], [90.433052063, 22.45888900700015], [90.41715533174829, 22.46853798009491], [90.418457, 22.4589], [90.425484, 22.449808], [90.430748, 22.448467000000164], [90.44993591200017, 22.456918717000182], [90.42749800100017, 22.45111099900015], [90.44718170100009, 22.468088151000078], [90.4339599610002, 22.506887436000056], [90.49848264739386, 22.545602905578352], [90.46666717599999, 22.530834199000143], [90.45288086000012, 22.572168351000126], [90.51432800200013, 22.582422256000086], [90.53947391200006, 22.563373973000072], [90.58361100000019, 22.530277000000122], [90.588058, 22.504169], [90.595276, 22.48805400000015], [90.60550700000016, 22.477171000000112], [90.59359000000018, 22.457041], [90.588058, 22.46861300000012], [90.58777600000019, 22.427219000000154], [90.629944, 22.379820000000166], [90.60583500000013, 22.2875], [90.520836, 22.17721200000011], [90.49725300000011, 22.166962], [90.45719909700006, 22.09980011100015], [90.392937, 22.048149], [90.383331, 22.055189], [90.36805700000014, 22.049444], [90.341995, 22.001905], [90.350739, 22.04043], [90.392479, 22.08597], [90.38695526100014, 22.119945527000024], [90.40399169900019, 22.140079498000148], [90.4048843380001, 22.170967103000066], [90.43579101600005, 22.188400270000045], [90.4344482410001, 22.196929932000042], [90.398918, 22.228334000000135], [90.4147872920002, 22.27964401300011], [90.39900207500017, 22.251773835000048], [90.392776, 22.207508], [90.395828, 22.203112], [90.43132000000014, 22.19372900000019], [90.39837600000016, 22.171591], [90.3972090000001, 22.146053], [90.375793, 22.142658000000154], [90.37802124000018, 22.083499909000068], [90.327553, 22.033173], [90.3076860000001, 21.982401], [90.281662, 22.00715600000018], [90.2557373050002, 21.95403098999998], [90.22653198300014, 21.98147773900013], [90.20409393200015, 21.99109458900006], [90.1919784540001, 21.982044220000034], [90.1803557555814, 21.981715275729798], [90.21455383199998, 21.98254776100003], [90.23317718500016, 21.95753288200018], [90.19700622500017, 21.946861267000145], [90.14646148600008, 21.89520263600008], [90.11865234300012, 21.903955458999974], [90.11724090500007, 21.923860551000075], [90.14641571000004, 21.928316117000126], [90.13726806600005, 21.956115723000096], [90.15931825372837, 21.981119874778543]], [[90.51578521800013, 22.559896470000012], [90.51593390047464, 22.559751162679927], [90.53947391200006, 22.563373973000072], [90.51578521800013, 22.559896470000012]], [[90.24244486562195, 22.25650813639646], [90.22515185824648, 22.23258057104955], [90.232063, 22.23562], [90.24244486562195, 22.25650813639646]], [[90.246307, 22.261852], [90.24503673109078, 22.26009438539464], [90.2871044017524, 22.257984180799756], [90.246307, 22.261852]], [[90.290123, 22.257698001000104], [90.28986339822741, 22.257722612683136], [90.286972, 22.235041000000138], [90.290123, 22.257698001000104]], [[90.27928841341355, 22.064551860158424], [90.31481170700005, 22.091972351000155], [90.27926635700015, 22.064569473000176], [90.27928841341355, 22.064551860158424]], [[90.27499389700012, 22.029960633000083], [90.27525867477536, 22.03045937148437], [90.25853953781728, 22.024073272537716], [90.27499389700012, 22.029960633000083]], [[90.22116088899998, 22.034519197000122], [90.2476043710002, 22.020160676000046], [90.24815966441787, 22.020359359672614], [90.22119360591968, 22.034537583141077], [90.22116088899998, 22.034519197000122]], [[90.23904814899336, 22.044571417274533], [90.22899153790377, 22.038919837886517], [90.23927307100007, 22.044511795000062], [90.23904814899336, 22.044571417274533]], [[90.20686340400016, 22.069211960000132], [90.23298677959832, 22.06208066551412], [90.23301696700008, 22.062145234000013], [90.20686340400016, 22.069211960000132]], [[90.19836402292863, 22.057916120718115], [90.18642425600012, 22.0851116180001], [90.18704223600008, 22.06546783500005], [90.19836402292863, 22.057916120718115]], [[90.21022796700011, 22.03089332700017], [90.20742659826276, 22.03727407264945], [90.20486651908146, 22.02936195088856], [90.21022796700011, 22.03089332700017]], [[90.1788714954805, 22.020538920335234], [90.17889514036916, 22.021420096966402], [90.17857360900007, 22.02141380300009], [90.1788714954805, 22.020538920335234]], [[90.50040186316976, 22.546493803415558], [90.51413726800018, 22.534910202000162], [90.50119018600009, 22.54685974200015], [90.50040186316976, 22.546493803415558]]], [[[90.027634, 21.946369], [90.03038800000019, 21.94833200000011], [90.02829700000018, 21.944324000000105], [90.027634, 21.946369]]], [[[89.98325299900011, 21.95642499900009], [89.98623699900008, 21.95710900000012], [89.983582, 21.95403500000015], [89.98325299900011, 21.95642499900009]]], [[[90.330711, 21.957533], [90.332428, 21.95474800000017], [90.328506, 21.953663000000123], [90.330711, 21.957533]]], [[[90.33548000000013, 21.961679], [90.33217600000017, 21.958839], [90.33268, 21.96030200000018], [90.33548000000013, 21.961679]]], [[[89.91805300000016, 22.001110000000153], [89.913086, 22.002804000000136], [89.91111000000012, 22.006947], [89.91805300000016, 22.001110000000153]]], [[[90.34033200000016, 21.993940000000183], [90.365257, 22.037260000000174], [90.389778, 22.04654100000016], [90.37216200000012, 22.019661], [90.34033200000016, 21.993940000000183]]], [[[89.895836, 22.033611], [89.90770700000013, 22.026056], [89.898331, 22.01110800000015], [89.893608, 22.02], [89.895836, 22.033611]]], [[[90.37500000000011, 22.051668000000177], [90.36944600000015, 22.041943], [90.365555, 22.041389], [90.37500000000011, 22.051668000000177]]], [[[89.90389300100016, 22.054445000999976], [89.896111, 22.04389], [89.898056, 22.0600109990001], [89.90389300100016, 22.054445000999976]]], [[[90.02249900100014, 22.0536120000001], [90.020279, 22.0600109990001], [90.02305600000017, 22.060833001000105], [90.02249900100014, 22.0536120000001]]], [[[90.013611, 22.061110001000092], [90.01583100099998, 22.06306800100009], [90.01638800000018, 22.062498], [90.013611, 22.061110001000092]]], [[[90.01833300000017, 22.060833000000173], [90.018059, 22.063334000000168], [90.01972200000017, 22.063612], [90.01833300000017, 22.060833000000173]]], [[[89.87098700000018, 22.065758000000184], [89.879723, 22.08667], [89.886108, 22.090834], [89.886108, 22.076944], [89.87098700000018, 22.065758000000184]]], [[[90.03304299900003, 22.126654], [90.0319520000001, 22.127466000000137], [90.03328699900015, 22.127768], [90.03304299900003, 22.126654]]], [[[89.95765881484667, 22.171545246790107], [89.90081787100007, 22.16360473600014], [89.86861419700006, 22.280555726000163], [89.92207300100011, 22.395391001], [89.977035522, 22.438894273000074], [89.989441, 22.492502000000112], [90.01800500000019, 22.494528], [90.01499900000016, 22.500557000000125], [89.99584200500004, 22.503364994000094], [89.981025697, 22.49800109800003], [89.973335, 22.453333], [89.951988, 22.43997000000019], [89.89325000000014, 22.388119], [89.875099, 22.406151], [89.8761140000002, 22.42756500000019], [89.94451096400009, 22.46556472900005], [89.89369200000017, 22.476372], [89.88460500000019, 22.502708], [89.96961975000018, 22.50144195600012], [89.92339324900013, 22.510299684000135], [89.96234893900015, 22.593254089000027], [89.91998291100003, 22.60668373100009], [89.92697143600014, 22.641820907000177], [89.89009857100007, 22.663230895000083], [89.89665222100018, 22.674962998000122], [89.91388702300014, 22.65967750600015], [89.93688201800018, 22.68021774400006], [89.86141204900014, 22.699029923000012], [89.90464019700016, 22.725847244000136], [89.93199920700005, 22.724182129000155], [89.93138122500005, 22.752382278000084], [89.9134140010001, 22.752355576000188], [89.90444946300016, 22.772300721000132], [89.93825531000016, 22.784942626000145], [89.91400146600012, 22.799757005000114], [89.94480896000005, 22.82639312800012], [89.93852234000019, 22.864730835000106], [89.96205902100013, 22.852928162000072], [90.01837158200016, 22.87104415800013], [90.03475189200009, 22.865680694000105], [90.01770782500006, 22.87705612200017], [90.03400421200007, 22.932516099000168], [90.05701446500014, 22.932201386000145], [90.05824279800004, 22.97128486600008], [90.08378601200019, 22.981069564], [90.09477996700008, 23.00684165900015], [90.12667083700012, 23.005699158000024], [90.1351623540001, 23.050252916000147], [90.16448974600013, 23.067483903000042], [90.20086669800014, 23.05379295400013], [90.22060394300009, 23.06517982500003], [90.23834228500016, 23.036943437000165], [90.22988891600016, 22.979490280000107], [90.25660705500007, 22.96431922900007], [90.32059478800011, 22.98227310300001], [90.32944488600015, 23.007350923], [90.31575012200017, 23.05287933400018], [90.33020782400018, 23.05806541400011], [90.42141723600002, 23.04009437500008], [90.40129852300015, 23.001388551000165], [90.42012024000019, 22.99321556100017], [90.43528000100014, 23.006945], [90.50472299900008, 23.017502000000153], [90.558624, 23.036079000000143], [90.55803700000018, 23.01184500000016], [90.578461, 22.991110000000162], [90.5701220000002, 22.985838], [90.58766200000014, 22.981382000000114], [90.59222400000016, 22.92750000000018], [90.56472000000014, 22.9025], [90.5377810010001, 22.900555], [90.54083251900016, 22.91416740400018], [90.527779, 22.9154400000001], [90.529999, 22.89889000000017], [90.48616, 22.872452], [90.49500300000011, 22.86777700000016], [90.47833299900009, 22.842777], [90.48353576600005, 22.816610337000103], [90.506943, 22.81972300000018], [90.4947130000001, 22.804455], [90.50777435200007, 22.815002442000036], [90.50861358700013, 22.82250022900019], [90.49749755800008, 22.828056336000092], [90.49778, 22.838333], [90.487778, 22.84444400000012], [90.5347210000001, 22.889999000000103], [90.630554, 22.872778], [90.661086614, 22.848918638000157], [90.542503, 22.793612000000163], [90.50111400000014, 22.799997000000133], [90.53817, 22.776121000000103], [90.572319, 22.798334], [90.61333500000019, 22.801945], [90.65916442900004, 22.7841663370001], [90.70583343600009, 22.64388847400011], [90.72833252000004, 22.62111091600019], [90.70388793900014, 22.623945237000157], [90.71596527100007, 22.61643409700002], [90.7416687020002, 22.616388320000056], [90.75416565000017, 22.608055115000074], [90.7711110000002, 22.545555], [90.8669433600001, 22.435277939000173], [90.8408360000002, 22.367777000000103], [90.823891, 22.151667], [90.796104431, 22.103946685000043], [90.69268000000017, 22.004223000000138], [90.63208, 21.99329], [90.5995480000002, 22.031481], [90.62193298400013, 22.113445283000086], [90.618057, 22.120560000000182], [90.62634300000019, 22.17380900000012], [90.625107, 22.186981000000173], [90.67404937700007, 22.266677856000115], [90.684166, 22.333334], [90.66827392600015, 22.53647422800009], [90.62116241500007, 22.567768097000055], [90.619834901, 22.587511062000146], [90.60983276400015, 22.60103035000014], [90.6155090330002, 22.619199752000156], [90.617218, 22.636248000000133], [90.605484, 22.689837000000125], [90.594437, 22.71666500000015], [90.579453, 22.713436000000172], [90.58827200000019, 22.720175000000154], [90.587364, 22.724258000000134], [90.582603, 22.725573], [90.57010700000018, 22.715906], [90.56972211259175, 22.717691790586834], [90.566711, 22.70281], [90.56055500000014, 22.724224000000167], [90.56034900000014, 22.706261000000154], [90.541504, 22.70887800000014], [90.55776200000014, 22.76787], [90.53902400000015, 22.749386000000186], [90.52996800000011, 22.756622], [90.518616, 22.709469000000183], [90.48511500000012, 22.776613000000168], [90.45789300100012, 22.806133000000163], [90.457047, 22.79034800000011], [90.45620700100005, 22.808693], [90.473587, 22.811239], [90.454338, 22.81057], [90.45072936900016, 22.848163606000014], [90.438889, 22.792500000000132], [90.416481, 22.797199], [90.437706, 22.767122], [90.4184340000001, 22.74620800000014], [90.43280800100007, 22.724195], [90.44000199900006, 22.731112], [90.43572199900012, 22.755978], [90.46322599900014, 22.751842001000057], [90.50469199899999, 22.700998001000187], [90.46933700000011, 22.650358000000153], [90.44173431500019, 22.645782470000142], [90.44705963200005, 22.631517411000118], [90.4255981440001, 22.613027573000068], [90.44646453900009, 22.609207154000106], [90.40791320800002, 22.57785224900005], [90.3944625850001, 22.594133377000166], [90.38018035800013, 22.591840745000184], [90.38002547300076, 22.59800991073469], [90.34482574400016, 22.614444734000188], [90.33876037500005, 22.59874153100003], [90.35945604502386, 22.57352952009715], [90.3636093140002, 22.57861137500015], [90.34416961600004, 22.61222267200003], [90.36833190800014, 22.592777252000133], [90.38583374100006, 22.588331223], [90.39231109700006, 22.592922211000086], [90.40348815800019, 22.57763862700011], [90.41004181000011, 22.57695007400008], [90.44803619300006, 22.609149933000023], [90.44389343400007, 22.61330986100018], [90.42765808100012, 22.61309433100007], [90.44941711500013, 22.631797790000178], [90.44303894100017, 22.64362144400019], [90.45673370300011, 22.645328521000128], [90.47235870300011, 22.650373460000026], [90.50276900100005, 22.696112001000188], [90.508888244, 22.590555192000128], [90.45055389400011, 22.57805633600015], [90.458054, 22.524166], [90.408821, 22.509903000000183], [90.40305328300019, 22.494722367000065], [90.37916564900007, 22.50861168000006], [90.381668091, 22.488611222000088], [90.35610962000015, 22.49611282400008], [90.36583709600012, 22.518611908000082], [90.36057281500001, 22.52366066000019], [90.34722137400013, 22.526111603], [90.35472106999998, 22.539722443000134], [90.353058, 22.545834000000184], [90.337502, 22.546667000000188], [90.3592427509131, 22.57326853778931], [90.34669595697324, 22.57458873336949], [90.33527400000014, 22.546114], [90.34529876600004, 22.525825501000156], [90.36385345500003, 22.517145157000133], [90.34666442800007, 22.47083473200007], [90.27260589500008, 22.474580765000155], [90.30740356500014, 22.472753525000087], [90.26277923700002, 22.40138816800004], [90.25301361200019, 22.345674515000155], [90.2279281610002, 22.350965500000143], [90.19944763200012, 22.330554961000075], [90.20898043769131, 22.223171367471647], [90.2105331410001, 22.222364426000016], [90.23000335600005, 22.19194412300004], [90.205039979, 22.126752854000074], [90.15528106699998, 22.124999999000124], [90.08702850400005, 22.061082839000164], [90.05644989100011, 21.97776985200005], [90.0146710000002, 21.983677000000114], [89.986961, 22.035561], [90.02748900000012, 22.05139], [90.03444700000011, 22.128887000000134], [90.073608, 22.16083], [90.0250020000002, 22.19528], [90.074997, 22.21611000000019], [90.087776, 22.24722300000019], [90.08721900000018, 22.26], [90.11332700000014, 22.281113], [90.09805297800006, 22.34555816700015], [90.17610900000017, 22.429171000000164], [90.19199371300004, 22.478652953999983], [90.20221710200013, 22.49917030300003], [90.21083879804173, 22.50405087498908], [90.20833587600015, 22.519443512000127], [90.18527984600007, 22.516109466000163], [90.2061080000002, 22.577223000000114], [90.178055, 22.622778], [90.207115, 22.636559], [90.17639200000013, 22.629444], [90.18305200000015, 22.590834], [90.20277400100008, 22.57666600100015], [90.189445, 22.559444000000102], [90.1797256480001, 22.518333435000045], [90.18638610700005, 22.51166725300004], [90.20749664400017, 22.516111374000104], [90.2097244260001, 22.509723664000035], [90.17222595100014, 22.458610534000115], [90.17194366500001, 22.43222236600002], [90.14027404900014, 22.409166337000098], [90.1116561880001, 22.364999771000043], [90.09973100000019, 22.356686], [90.0815019090503, 22.34931064194963], [90.10415649400005, 22.31221962000012], [90.09583282400007, 22.283332826000105], [90.06888600000013, 22.219450000000112], [90.01667, 22.195], [90.023613, 22.174170000000174], [90.0608370000001, 22.161945000000117], [90.020279, 22.135000000000158], [90.02305600000017, 22.081673], [89.98013305700005, 22.04585838300011], [89.97171, 22.01635], [89.98848700000019, 21.965771], [89.956718, 21.946724], [89.931427, 21.968811], [89.90055800000016, 22.070829000000174], [89.90641021800013, 22.158523560000162], [89.9576339730001, 22.17142105200009], [89.95765881484667, 22.171545246790107]], [[89.95880169629947, 22.17725898959357], [89.96732544158667, 22.21987276040367], [89.96691131500017, 22.220245362000185], [89.95880169629947, 22.17725898959357]], [[89.99087395303474, 22.19895702652236], [89.9909744260001, 22.19886398300008], [89.99408094326078, 22.212781229603046], [89.99087395303474, 22.19895702652236]], [[89.99777221700009, 22.228693008000164], [89.99771426838706, 22.22844321198013], [90.01864624000012, 22.23043060200007], [90.01867205896504, 22.230501941963617], [89.99777221700009, 22.228693008000164]], [[90.02408599900019, 22.29341888400006], [90.0187178256767, 22.230628399222944], [90.02915194600001, 22.259458748000046], [90.02422124135563, 22.293519332288113], [90.02408599900019, 22.29341888400006]], [[90.0456753284297, 22.309453884088178], [90.05316925000005, 22.314964295000095], [90.05316147688133, 22.315014056370206], [90.0456753284297, 22.309453884088178]], [[90.24032592700013, 22.485040665000156], [90.22541612190066, 22.45064830915818], [90.23041557994738, 22.453183801513372], [90.24032592700013, 22.485040665000156]], [[90.20013682060888, 22.415058862848923], [90.19491577200017, 22.413610458], [90.18936759173955, 22.397925719517115], [90.20013682060888, 22.415058862848923]], [[90.18702900500061, 22.391314520944434], [90.1683883660001, 22.33861732400004], [90.17582177061503, 22.32452764689706], [90.18702900500061, 22.391314520944434]], [[90.17579588961267, 22.324373415158433], [90.13826751700003, 22.343101501999968], [90.17575073199998, 22.32410430900012], [90.17579588961267, 22.324373415158433]], [[90.15871275573458, 22.249347509738804], [90.15873718200004, 22.249282838000056], [90.16082114668765, 22.248199799455392], [90.15871275573458, 22.249347509738804]], [[90.07672882100007, 22.78482055800015], [90.16767880265071, 22.752093118108583], [90.16680145200007, 22.760524749000126], [90.07672882100007, 22.78482055800015]], [[90.17106073591096, 22.7508761633002], [90.18846551730249, 22.744613227052394], [90.18348318437714, 22.76579826881795], [90.17106073591096, 22.7508761633002]], [[90.19925030216808, 22.78473806124514], [90.22393035900018, 22.753543855000032], [90.1994094850001, 22.784929275000028], [90.19925030216808, 22.78473806124514]], [[90.32090759300013, 22.647308349000184], [90.33091960954684, 22.657583262013464], [90.32711791900005, 22.6593437200001], [90.32090759300013, 22.647308349000184]], [[90.37066443556009, 22.6391785298236], [90.37017422851189, 22.63683403889808], [90.37360382000008, 22.63781738200015], [90.37066443556009, 22.6391785298236]], [[90.34435945363899, 22.629432346629443], [90.34384155300017, 22.629390717000035], [90.34393807531076, 22.629311527729044], [90.34435945363899, 22.629432346629443]], [[90.34406826494872, 22.629204716956917], [90.37998203228615, 22.599740181381307], [90.37973022500006, 22.609769822000086], [90.34406826494872, 22.629204716956917]], [[90.27919769400006, 22.542747497000164], [90.28286743100017, 22.561222077000025], [90.27907062962818, 22.542675568366725], [90.27919769400006, 22.542747497000164]], [[90.03878784100016, 22.40228080700007], [90.02736413026867, 22.444167750341784], [90.02729034500011, 22.44416999800006], [90.03878784100016, 22.40228080700007]], [[90.13386535600006, 22.485723495000176], [90.11685180600013, 22.502996444000136], [90.13260012932614, 22.484157329056995], [90.13386535600006, 22.485723495000176]], [[90.10236358700013, 22.59630966200018], [90.09720611600017, 22.65560913100006], [90.10217731211874, 22.59630253347026], [90.10236358700013, 22.59630966200018]], [[90.18862152200018, 22.743949890000124], [90.1885351762164, 22.744317035083114], [90.15813446100003, 22.719621658], [90.18862152200018, 22.743949890000124]]], [[[90.04444100000013, 22.17639000000014], [90.0283280000001, 22.178329000000193], [90.02305600000017, 22.18778], [90.03805500100009, 22.184723], [90.04444100000013, 22.17639000000014]]], [[[90.02999900000015, 22.188334], [90.02333099900005, 22.189443999000165], [90.02249900100014, 22.19111100100002], [90.02999900000015, 22.188334]]], [[[90.22333500100012, 22.219722999000055], [90.22444200000012, 22.218611001000056], [90.22582999900015, 22.215000000000146], [90.22333500100012, 22.219722999000055]]], [[[90.23110961800006, 22.22449493400012], [90.23092651400003, 22.22412681600002], [90.22962200000012, 22.222502], [90.23110961800006, 22.22449493400012]]], [[[90.22804260200013, 22.236387253000032], [90.228271, 22.236488000000126], [90.22833300000019, 22.23638700000015], [90.22804260200013, 22.236387253000032]]], [[[90.08055900000016, 22.236111], [90.08110800000014, 22.243891000000193], [90.081947, 22.24389100000019], [90.08055900000016, 22.236111]]], [[[90.083885, 22.243889], [90.0824970000001, 22.24749900000012], [90.08472400000016, 22.24805800000018], [90.083885, 22.243889]]], [[[89.85861200000016, 22.26168100100017], [89.86833200100017, 22.233334001], [89.851936, 22.25028000100008], [89.85861200000016, 22.26168100100017]]], [[[90.08555600000011, 22.248611], [90.086945, 22.250834000000168], [90.08611300000018, 22.248611], [90.08555600000011, 22.248611]]], [[[89.86636400000015, 22.264135], [89.86644000000018, 22.266544], [89.866943, 22.266342], [89.86636400000015, 22.264135]]], [[[89.85997, 22.26587700000016], [89.85881800000016, 22.264603], [89.863998, 22.276327], [89.85997, 22.26587700000016]]], [[[89.86744700000021, 22.27244200000013], [89.86478400000016, 22.271973], [89.865433, 22.273378], [89.86744700000021, 22.27244200000013]]], [[[90.10611, 22.280277000000183], [90.10055500000016, 22.275276000000137], [90.106392, 22.281389], [90.10611, 22.280277000000183]]], [[[90.108611999, 22.29249800100018], [90.09972400000015, 22.279167], [90.10333300000013, 22.295000001000062], [90.108611999, 22.29249800100018]]], [[[90.106941, 22.296944], [90.104446, 22.296112000000164], [90.107224, 22.298332000000133], [90.106941, 22.296944]]], [[[89.90499899900016, 22.37001], [89.90166500000011, 22.375834], [89.90528100000012, 22.378332000000174], [89.90499899900016, 22.37001]]], [[[89.96527899900008, 22.444722999000078], [89.95375800000011, 22.430578], [89.943138, 22.427975000000174], [89.96527899900008, 22.444722999000078]]], [[[90.01309200000014, 22.498859001000028], [90.0061109990001, 22.49888800100013], [90.00583600000016, 22.500557000000125], [90.01309200000014, 22.498859001000028]]], [[[90.472595, 21.77097700000013], [90.47463200100009, 21.771851], [90.47565500100018, 21.769331], [90.472595, 21.77097700000013]]], [[[90.4694980000001, 21.780386], [90.47009300000013, 21.778564000000134], [90.469109, 21.780460000000176], [90.4694980000001, 21.780386]]], [[[90.38753499900014, 21.793324000000155], [90.37850200000015, 21.789349], [90.38784000100014, 21.80106700100015], [90.38753499900014, 21.793324000000155]]], [[[90.457436, 21.80419200000017], [90.457367, 21.808290000000113], [90.45800800000012, 21.804192000000175], [90.457436, 21.80419200000017]]], [[[90.466118, 21.804285], [90.45923600000015, 21.807850000000144], [90.461678, 21.814711], [90.466118, 21.804285]]], [[[90.43727100000012, 21.81055300000014], [90.434151, 21.812773000000167], [90.44017800000012, 21.815948000000102], [90.43727100000012, 21.81055300000014]]], [[[90.457481, 21.810198], [90.45877100000018, 21.816048], [90.460922, 21.816788], [90.457481, 21.810198]]], [[[90.41903700000012, 21.820978000000142], [90.415604, 21.8189680000001], [90.41682400000013, 21.822193], [90.41903700000012, 21.820978000000142]]], [[[90.455498, 21.82469], [90.453995, 21.823141000000195], [90.45371200000011, 21.82456000000019], [90.455498, 21.82469]]], [[[90.39602700000012, 21.82979], [90.39424100000014, 21.81876000000011], [90.39087700000016, 21.81843000000015], [90.39602700000012, 21.82979]]], [[[90.46273000000019, 21.832960000000128], [90.462372, 21.829330000000144], [90.45944200000014, 21.829533], [90.46273000000019, 21.832960000000128]]], [[[90.436905, 21.833271], [90.43669100000011, 21.832529], [90.43303700000013, 21.833139000000187], [90.436905, 21.833271]]], [[[90.51361100000014, 21.855614000000116], [90.52623000000011, 21.831102], [90.47991900000011, 21.81279000000012], [90.48075900000015, 21.843330000000147], [90.51361100000014, 21.855614000000116]]], [[[90.42385100000013, 21.83404000000013], [90.41748, 21.832355000000177], [90.42349200000012, 21.8361890000001], [90.42385100000013, 21.83404000000013]]], [[[90.45860300000015, 21.85861], [90.458885, 21.839445], [90.43019900000013, 21.8339], [90.434166, 21.848333], [90.45860300000015, 21.85861]]], [[[90.518898, 21.855911000000162], [90.517395, 21.850929], [90.514099, 21.856241000000125], [90.518898, 21.855911000000162]]], [[[90.46285200000017, 21.855667], [90.464287, 21.855803], [90.463211, 21.85432200000014], [90.46285200000017, 21.855667]]], [[[90.46643100000017, 21.863604], [90.46958200000013, 21.85520200000013], [90.466866, 21.853516], [90.46643100000017, 21.863604]]], [[[90.42648300000013, 21.85882900000019], [90.42082200000016, 21.858624999000085], [90.42869599900018, 21.86077900099997], [90.42648300000013, 21.85882900000019]]], [[[90.39284500000015, 21.867329], [90.39470700000015, 21.873447000000173], [90.395493, 21.87372], [90.39284500000015, 21.867329]]], [[[90.497276, 21.909521000000154], [90.5049210000002, 21.88438], [90.49320200000011, 21.877708000000155], [90.497276, 21.909521000000154]]], [[[90.46134900000015, 21.912169], [90.430275, 21.881666], [90.41853300000014, 21.882599000000145], [90.46134900000015, 21.912169]]], [[[90.50374600000015, 21.919374], [90.50417300000016, 21.917690000000167], [90.5035250000002, 21.917021], [90.50374600000015, 21.919374]]], [[[90.507126, 21.925621], [90.50727100000012, 21.923943], [90.505623, 21.923271], [90.507126, 21.925621]]], [[[90.387688, 21.875092], [90.359756, 21.920000000000133], [90.401024, 21.943598], [90.4083100000002, 21.952597], [90.41111, 21.959999000000153], [90.421776, 22.012480000000156], [90.413948, 22.027443], [90.46583600000014, 22.053888], [90.493187, 21.962440000000132], [90.482941, 21.936991], [90.387688, 21.875092]]], [[[90.40187800000018, 21.99314900000013], [90.400002, 22.01389100000017], [90.413055, 22.026112], [90.420891, 22.012190000000146], [90.40885900000012, 21.958231], [90.37258900000012, 21.93759000000017], [90.40187800000018, 21.99314900000013]]], [[[90.3782500010002, 22.02146500000015], [90.37394000100012, 22.018183000000196], [90.37709799900006, 22.02146500000015], [90.3782500010002, 22.02146500000015]]], [[[90.48311600000011, 22.032141], [90.47466300100018, 22.051945], [90.47860699900019, 22.062498], [90.4789730010001, 22.04383100000012], [90.48311600000011, 22.032141]]], [[[90.40944700000011, 22.058332000000178], [90.394508, 22.039377000000172], [90.3909070000002, 22.03680000000014], [90.40944700000011, 22.058332000000178]]], [[[90.487907, 22.093328], [90.48934200000014, 22.088289], [90.48429900000014, 22.086079], [90.487907, 22.093328]]], [[[90.49125700000013, 22.093309000000147], [90.489571, 22.095783], [90.49096700000013, 22.096375], [90.49125700000013, 22.093309000000147]]], [[[90.38131000000016, 22.107460001000106], [90.38043200000016, 22.109165], [90.38131000000016, 22.109173001000098], [90.38131000000016, 22.107460001000106]]], [[[90.39557600000012, 22.141661000000113], [90.391945, 22.132502000000102], [90.38805400000018, 22.133055000000184], [90.39557600000012, 22.141661000000113]]], [[[90.50805700000019, 22.146110999000143], [90.50166300000012, 22.139166000000102], [90.499077, 22.141031], [90.50805700000019, 22.146110999000143]]], [[[90.510063, 22.14790900000014], [90.50138900000019, 22.148333], [90.510834, 22.150555], [90.510063, 22.14790900000014]]], [[[90.39666699900005, 22.218611001000056], [90.40856200100018, 22.207108000000176], [90.39591999900006, 22.205774], [90.39666699900005, 22.218611001000056]]], [[[90.514999, 22.66750100000019], [90.518333, 22.669445], [90.51694500000013, 22.666666000000188], [90.514999, 22.66750100000019]]], [[[90.51694500000013, 22.672222000000147], [90.51694500000013, 22.676111], [90.51777600000014, 22.672247], [90.51694500000013, 22.672222000000147]]], [[[90.455833, 22.770555], [90.445557, 22.760834], [90.44278000000014, 22.763613000000134], [90.455833, 22.770555]]], [[[90.461266, 22.785072000000184], [90.48865500000011, 22.763844], [90.485992, 22.749910000000174], [90.461266, 22.785072000000184]]], [[[90.43138900100007, 22.787498], [90.4483340000001, 22.774445000000185], [90.439445, 22.767221], [90.43138900100007, 22.787498]]], [[[90.4609990000002, 22.789499], [90.46265400000016, 22.785318], [90.45652000000013, 22.788679000000172], [90.4609990000002, 22.789499]]], [[[90.442627, 22.788771000000168], [90.44033100000019, 22.790913000000103], [90.44298600000013, 22.792992], [90.442627, 22.788771000000168]]], [[[90.49222600000019, 22.839445], [90.49860400000017, 22.82271], [90.491943, 22.819445], [90.48361200000011, 22.83222400000011], [90.49222600000019, 22.839445]]], [[[90.51777600000014, 23.042221], [90.53186800000015, 23.037027], [90.48983800000013, 23.02289], [90.516525, 23.046560000000113], [90.518761, 23.045759], [90.51777600000014, 23.042221]]], [[[90.523979, 21.856583000000175], [90.52728300000018, 21.84911], [90.52289600000012, 21.85383000000013], [90.523979, 21.856583000000175]]], [[[90.563293, 21.871775], [90.558922, 21.870161], [90.557632, 21.87150600000018], [90.563293, 21.871775]]], [[[90.50538600000016, 21.86548400000015], [90.52550500000018, 21.886362000000133], [90.546623, 21.87286900000015], [90.53608700000018, 21.874203], [90.55349000000018, 21.858292000000176], [90.50538600000016, 21.86548400000015]]], [[[90.604263, 21.970968], [90.57637, 21.886747000000184], [90.516403, 21.890800000000127], [90.518013, 21.943293], [90.534843, 21.96081900000013], [90.558403, 21.960678], [90.57283, 21.969551], [90.58333600000016, 21.983334000000184], [90.604263, 21.970968]]], [[[90.575226, 21.97458300000017], [90.559021, 21.96315], [90.5420000000002, 21.96685], [90.564796, 21.987061000000153], [90.575226, 21.97458300000017]]], [[[90.53775000100018, 21.976463], [90.53933, 21.980164001000162], [90.54032900000016, 21.980432999000016], [90.53775000100018, 21.976463]]], [[[90.54254900000012, 21.977743000000146], [90.5448380000002, 21.982052000000124], [90.546417, 21.981440000000134], [90.54254900000012, 21.977743000000146]]], [[[90.57904800000011, 21.982750000000184], [90.581985, 21.984562000000157], [90.57933800000012, 21.981001], [90.57904800000011, 21.982750000000184]]], [[[90.56575, 22.001867], [90.55422200000015, 21.99724], [90.565552, 22.010000000000105], [90.56575, 22.001867]]], [[[90.56764200000015, 21.991302], [90.582298, 22.02313], [90.58959200000015, 21.986622], [90.585419, 22.005991], [90.58499100000012, 21.987791000000183], [90.56764200000015, 21.991302]]], [[[90.56890900000019, 22.012920000000122], [90.571205, 22.014053000000104], [90.56897, 22.01218000000017], [90.56890900000019, 22.012920000000122]]], [[[90.50215100000021, 21.957582000000173], [90.484787, 22.072540000000174], [90.58555600000017, 22.18556], [90.58207013620118, 22.17759573991951], [90.58576200000016, 22.18535], [90.602219, 22.188334], [90.605278, 22.12472200000013], [90.593887, 22.103058000000143], [90.592163, 22.064039], [90.58000200000015, 22.051666000000186], [90.58125811737807, 22.07552279784752], [90.563637, 22.030130000000156], [90.50215100000021, 21.957582000000173]], [[90.57001500000018, 22.150053], [90.584663, 22.14019], [90.57083175193695, 22.151919058234277], [90.57001500000018, 22.150053]]], [[[90.522919, 22.1602400000001], [90.519302, 22.148001000000136], [90.51316800000012, 22.157745], [90.522919, 22.1602400000001]]], [[[90.5196230000002, 22.170101000000102], [90.521278, 22.17017], [90.518761, 22.169231], [90.5196230000002, 22.170101000000102]]], [[[90.587502, 22.239719000000154], [90.5844420000002, 22.20861100000019], [90.56722300000013, 22.191944000000152], [90.565277, 22.19527600000015], [90.587502, 22.239719000000154]]], [[[90.58305400000012, 22.23166699900014], [90.57722500100017, 22.235555999000038], [90.5816650000001, 22.238332999000136], [90.58305400000012, 22.23166699900014]]], [[[90.57972000000012, 22.539722], [90.593887, 22.530277000000122], [90.59027900000012, 22.523611000000127], [90.57972000000012, 22.539722]]], [[[90.538452, 22.608175000000134], [90.5507970000001, 22.598322], [90.586113, 22.546944], [90.55805200000015, 22.565277], [90.538452, 22.608175000000134]]], [[[90.59111000000019, 22.573334], [90.538452, 22.608175000000134], [90.54000100000019, 22.609722], [90.59111000000019, 22.573334]]], [[[90.53028100000013, 22.611111], [90.535004, 22.59639], [90.53277600000013, 22.599722], [90.53028100000013, 22.611111]]], [[[90.53944400000012, 22.6175], [90.538055, 22.61500200000012], [90.535553, 22.617224], [90.53944400000012, 22.6175]]], [[[90.53360700000013, 22.612007000000116], [90.52583300000015, 22.624445], [90.528046, 22.627163000000166], [90.527496, 22.631390000000184], [90.529724, 22.63361200000014], [90.51916500000016, 22.63888700000018], [90.52694700000012, 22.640833], [90.531944, 22.639166000000163], [90.53360700000013, 22.612007000000116]]], [[[90.52639, 22.625834000000168], [90.52471900100005, 22.629168001000096], [90.525276, 22.63027800100008], [90.52639, 22.625834000000168]]], [[[90.567497, 22.701944], [90.58264900000017, 22.724041000000113], [90.577942, 22.713413], [90.58284000000015, 22.708574], [90.594482, 22.714268001000168], [90.614952, 22.639832000000187], [90.60761300000013, 22.602425], [90.61728700000015, 22.56321], [90.572815, 22.601793], [90.54225900000012, 22.620089000000178], [90.534065, 22.619835000000137], [90.57580600000011, 22.654018000000118], [90.567497, 22.701944]]], [[[90.521103, 22.65437700000018], [90.52027900000013, 22.651945], [90.52027900000013, 22.654444], [90.521103, 22.65437700000018]]], [[[90.53389000000011, 22.662222], [90.536392, 22.663889], [90.534164, 22.660557], [90.53389000000011, 22.662222]]], [[[90.51805900100004, 22.660277999000186], [90.5177759990001, 22.665001], [90.51916499900005, 22.665833001000067], [90.51805900100004, 22.660277999000186]]], [[[90.5333330000002, 22.667780000000164], [90.523331, 22.651945], [90.53167, 22.675556000000142], [90.5333330000002, 22.667780000000164]]], [[[90.534164, 22.66444400000017], [90.5374980000002, 22.668331], [90.53360700000013, 22.663055], [90.534164, 22.66444400000017]]], [[[90.55139200000013, 22.666666000000188], [90.55139200000013, 22.670000000000186], [90.55361200000016, 22.670279000000164], [90.55139200000013, 22.666666000000188]]], [[[90.559448, 22.665277000000174], [90.55777700000016, 22.672777], [90.560257, 22.674011], [90.559448, 22.665277000000174]]], [[[90.553467, 22.671324000000137], [90.55051400000013, 22.67070000000018], [90.55555700000014, 22.674444000000168], [90.553467, 22.671324000000137]]], [[[90.554245, 22.677732], [90.5572590000001, 22.679541], [90.5499190000001, 22.673454000000163], [90.554245, 22.677732]]], [[[90.5347210000001, 22.677776000000165], [90.535553, 22.681944], [90.536934, 22.679377000000105], [90.5347210000001, 22.677776000000165]]], [[[90.53398900000013, 22.685444], [90.53398100000017, 22.67866700000019], [90.52823600000016, 22.67800100000011], [90.53398900000013, 22.685444]]], [[[90.546051, 22.678938000000187], [90.55046799900015, 22.6875], [90.552162, 22.678133], [90.546051, 22.678938000000187]]], [[[90.55519093900011, 22.688596924000024], [90.53398900000013, 22.685444], [90.53916900100018, 22.698245999], [90.528542, 22.683056], [90.51715100000013, 22.681944], [90.51464800000014, 22.700001], [90.519653, 22.702499000000103], [90.52437600000019, 22.68694300000016], [90.525482, 22.68916500000012], [90.520203, 22.703333], [90.53520999900019, 22.71055600100016], [90.55519093900011, 22.688596924000024]]], [[[90.5816650000001, 22.893888000000175], [90.60138700000017, 22.90361], [90.598892, 22.884167], [90.57360800000015, 22.888889000000123], [90.576111, 22.895277000000192], [90.5816650000001, 22.893888000000175]]], [[[90.60028100000011, 22.906111], [90.57805600000012, 22.897778000000187], [90.57166300000011, 22.891111], [90.56472000000014, 22.894720000000124], [90.60028100000011, 22.906111]]], [[[90.548027, 22.897852], [90.54615800000016, 22.899527], [90.5485310000002, 22.898186000000184], [90.548027, 22.897852]]], [[[90.570831, 22.898611000000187], [90.577499, 22.9025], [90.57940700000012, 22.902592], [90.570831, 22.898611000000187]]], [[[90.575836, 22.906944], [90.57950600000015, 22.908276000000118], [90.575836, 22.905001], [90.575836, 22.906944]]], [[[90.57954400000013, 22.99034100000011], [90.583771, 22.98917600000016], [90.584312, 22.98696900000016], [90.57954400000013, 22.99034100000011]]], [[[90.56819200000018, 23.01948], [90.57873500000017, 23.0011080000001], [90.581879, 22.991894000000173], [90.559311, 23.012512], [90.56819200000018, 23.01948]]], [[[90.530403, 23.031956], [90.530663, 23.033329000000155], [90.531944, 23.032236000000125], [90.530403, 23.031956]]], [[[90.53096000000016, 23.03390900000016], [90.53261600000019, 23.036917000000187], [90.53095200000018, 23.04195], [90.52318600000012, 23.045841000000106], [90.55593900000014, 23.04583700000018], [90.5324100000002, 23.03250300000019], [90.53096000000016, 23.03390900000016]]], [[[90.52000400000014, 23.047491], [90.520134, 23.043329000000142], [90.51846300000018, 23.047211000000175], [90.52000400000014, 23.047491]]], [[[90.534561, 23.05499300000014], [90.527069, 23.053883000000102], [90.53539300000011, 23.057459], [90.534561, 23.05499300000014]]], [[[90.5025020000001, 23.04500000000019], [90.504715, 23.059654000000137], [90.53068500000012, 23.08296], [90.553169, 23.060041000000183], [90.53488900000013, 23.059252], [90.5025020000001, 23.04500000000019]]], [[[90.71156299900014, 21.874710001000153], [90.70919800000013, 21.876728001000117], [90.71070100100007, 21.877941], [90.71363800000017, 21.875453999000054], [90.71313499900003, 21.867249000000186], [90.71148700000015, 21.869417000000173], [90.71156299900014, 21.874710001000153]]], [[[90.649635, 21.907616], [90.66496300000011, 21.923620001000074], [90.667526, 21.92355], [90.635956, 21.895079000000184], [90.637817, 21.899548999000107], [90.649635, 21.907616]]], [[[90.64140300000014, 21.95532], [90.65357200000017, 21.970926], [90.653717, 21.97388500000011], [90.701942, 21.973888], [90.682159, 21.931528], [90.664627, 21.925241], [90.63546, 21.899471000000123], [90.63432300000017, 21.894796], [90.612007, 21.89046300000013], [90.6253200000001, 21.930099000000155], [90.636932, 21.944120000000108], [90.64140300000014, 21.95532]]], [[[90.643036, 21.962601000000117], [90.636162, 21.948603000000105], [90.62664, 21.944162], [90.62950100000018, 21.9677660000001], [90.643036, 21.962601000000117]]], [[[90.64528700000017, 21.97174100000018], [90.64447, 21.964069000000112], [90.641106, 21.969915], [90.64528700000017, 21.97174100000018]]], [[[90.64712500000019, 21.97221], [90.64750700000015, 21.965021], [90.64701100000013, 21.965021], [90.64712500000019, 21.97221]]], [[[90.71400500000016, 22.00309200000015], [90.698982, 21.985149], [90.69547300000016, 21.984070000000145], [90.71400500000016, 22.00309200000015]]], [[[90.58445699900011, 22.024616001000027], [90.62016299900017, 21.99515900000017], [90.605667, 21.978067000000124], [90.58959200000015, 21.986622], [90.58445699900011, 22.024616001000027]]], [[[90.59750400000019, 22.109166999000134], [90.60694100000012, 22.10527999900006], [90.59777800000012, 22.093333998999984], [90.59750400000019, 22.109166999000134]]], [[[90.61971300100004, 22.18066000000016], [90.624641, 22.176625999000066], [90.62194800100009, 22.172500999000192], [90.61971300100004, 22.18066000000016]]], [[[90.58647900000018, 22.188396000000182], [90.63250000100004, 22.24556], [90.63472000000013, 22.212778000000185], [90.58647900000018, 22.188396000000182]]], [[[90.59805300000016, 22.233612], [90.59805300000016, 22.2419450000001], [90.6218799990001, 22.244167000000118], [90.617157, 22.234571001000063], [90.58000200000015, 22.190281], [90.57888800000018, 22.196112], [90.59805300000016, 22.233612]]], [[[90.59666400000015, 22.233889], [90.591942, 22.239943], [90.59506200000011, 22.241398000000117], [90.59666400000015, 22.233889]]], [[[90.64360800000014, 22.29416700000013], [90.62889100000012, 22.269444], [90.614723, 22.262501], [90.64360800000014, 22.29416700000013]]], [[[90.6513900000001, 22.294445], [90.645554, 22.305834], [90.61750000000018, 22.273054000000116], [90.64666700000011, 22.351389], [90.6513900000001, 22.294445]]], [[[90.653053, 22.322223999000183], [90.6522220010001, 22.320833000000107], [90.651665, 22.322779], [90.653053, 22.322223999000183]]], [[[90.6799850000001, 22.348297000000173], [90.67305799900015, 22.293888001000084], [90.67658200000011, 22.355461000000158], [90.6799850000001, 22.348297000000173]]], [[[90.634163, 22.340555000000165], [90.635277, 22.35], [90.640556, 22.353333000000134], [90.634163, 22.340555000000165]]], [[[90.63555900000013, 22.36194400000011], [90.63583400000017, 22.366667], [90.63694800000013, 22.363056], [90.63555900000013, 22.36194400000011]]], [[[90.6575010000002, 22.383333], [90.666115, 22.373611000000153], [90.656387, 22.35527600000012], [90.6575010000002, 22.383333]]], [[[90.63138600000019, 22.371944], [90.63222500000012, 22.374931000000117], [90.632767, 22.374636], [90.63138600000019, 22.371944]]], [[[90.6730580000002, 22.387503], [90.66083500000013, 22.40944500100005], [90.668335, 22.438890000000185], [90.66864, 22.424480000000184], [90.6730580000002, 22.387503]]], [[[90.596298, 22.424688000000174], [90.608177, 22.418246999000022], [90.61305200100014, 22.408333001000074], [90.596298, 22.424688000000174]]], [[[90.59139300000015, 22.429445000000104], [90.616356, 22.478855000000177], [90.6358492984125, 22.46075030154241], [90.64444700100017, 22.45833200100003], [90.645836, 22.45147500000013], [90.639725, 22.417500000000132], [90.626114, 22.436714], [90.643059, 22.378332000000174], [90.608612, 22.420555000000153], [90.59139300000015, 22.429445000000104]]], [[[90.670555, 22.449165000000164], [90.66999800000013, 22.4663910000001], [90.67110400000018, 22.470737000000156], [90.670555, 22.449165000000164]]], [[[90.64527900000019, 22.46139], [90.616356, 22.478855000000177], [90.64694200000014, 22.486111000000164], [90.64527900000019, 22.46139]]], [[[90.67250100000012, 22.47139], [90.67083, 22.476522000000102], [90.67179900000014, 22.476669000000186], [90.67250100000012, 22.47139]]], [[[90.67020400000013, 22.477541], [90.66948700000019, 22.483906000000164], [90.67020400000013, 22.485044000000126], [90.67020400000013, 22.477541]]], [[[90.59027899900008, 22.521944], [90.60861199900012, 22.495003001000043], [90.60610999900001, 22.48000099900008], [90.588608, 22.506665999000116], [90.59027899900008, 22.521944]]], [[[90.62750200000016, 22.49360800000017], [90.599724, 22.534719000000162], [90.6547240000001, 22.54333300000019], [90.63473500000015, 22.535967], [90.648888, 22.489721], [90.62750200000016, 22.49360800000017]]], [[[90.5955580010002, 22.5436120010001], [90.58632699900011, 22.547193999000175], [90.57971999900019, 22.570555000000127], [90.59944199900008, 22.56000100000017], [90.5844420000002, 22.554999999000188], [90.5955580010002, 22.5436120010001]]], [[[90.65889000100009, 22.79444699900006], [90.67666600000014, 22.798333999000135], [90.66249799899998, 22.791944999000123], [90.65889000100009, 22.79444699900006]]], [[[90.67222600000014, 22.804167], [90.662498, 22.79888700000015], [90.65055800000016, 22.80221900000015], [90.652779, 22.805], [90.67222600000014, 22.804167]]], [[[90.59848000000011, 22.811111], [90.661086614, 22.848918638000157], [90.680832, 22.81972300000018], [90.59848000000011, 22.811111]]], [[[90.61528000000015, 22.88222100000013], [90.621109, 22.878611], [90.61360900000011, 22.878887000000134], [90.61528000000015, 22.88222100000013]]], [[[90.620262, 22.884911000000102], [90.62299300000014, 22.886850000000152], [90.62012500000014, 22.88397], [90.620262, 22.884911000000102]]], [[[90.601944, 22.895555000000112], [90.611946, 22.893888000000175], [90.603058, 22.885], [90.601944, 22.895555000000112]]], [[[90.592667, 22.906467000000195], [90.595535, 22.909817], [90.59525300000013, 22.907675000000154], [90.592667, 22.906467000000195]]], [[[90.60833000000014, 22.91944499900012], [90.60916900000012, 22.921667000000184], [90.60888700100014, 22.918612001000103], [90.60833000000014, 22.91944499900012]]], [[[90.596169, 22.924316], [90.597534, 22.923649], [90.59594700000015, 22.923649], [90.596169, 22.924316]]], [[[90.642502, 22.933056000000192], [90.6500020000002, 22.931110000000103], [90.648888, 22.928888], [90.642502, 22.933056000000192]]], [[[90.631943, 22.950003], [90.64111300000013, 22.947222], [90.63999900000016, 22.945555000000127], [90.631943, 22.950003]]], [[[90.62444300000017, 22.955833], [90.631668, 22.951666], [90.63111100000015, 22.94111100000015], [90.62444300000017, 22.955833]]], [[[90.6188890000002, 22.965834], [90.6331330000001, 22.958057], [90.63777900000014, 22.95194400000014], [90.6188890000002, 22.965834]]], [[[90.592781, 22.959997000000154], [90.59263600000014, 22.963045], [90.593887, 22.959089000000116], [90.592781, 22.959997000000154]]], [[[90.596107, 22.991667], [90.60138700000017, 22.99305500000014], [90.598892, 22.987719], [90.596107, 22.991667]]], [[[90.771477, 21.85594], [90.769035, 21.856024000000104], [90.770569, 21.860331000000148], [90.771477, 21.85594]]], [[[90.780159, 21.86665], [90.77629100000013, 21.860201], [90.7745740000002, 21.870552], [90.780159, 21.86665]]], [[[90.810379, 21.872770000000116], [90.810516, 21.86331], [90.806366, 21.864571000000126], [90.810379, 21.872770000000116]]], [[[90.82215100000013, 21.88489], [90.816139, 21.88825], [90.82644700000014, 21.892351], [90.82215100000013, 21.88489]]], [[[90.720146, 21.859293], [90.71907800000014, 21.88319], [90.710724, 21.879251], [90.737663, 21.92627], [90.76117700000016, 21.910086], [90.73543500000011, 21.861019], [90.720146, 21.859293]]], [[[90.81800100000015, 21.899010000000146], [90.77732800000013, 21.879780000000153], [90.793663, 21.909769], [90.80912000000018, 21.91111000000018], [90.81800100000015, 21.899010000000146]]], [[[90.73092700000012, 21.91879800000015], [90.731346, 21.921080000000128], [90.733002, 21.920881], [90.73092700000012, 21.91879800000015]]], [[[90.73478700000015, 21.922899], [90.73429100000016, 21.925722000000178], [90.735153, 21.925589000000176], [90.73478700000015, 21.922899]]], [[[90.853783, 21.946501000000126], [90.8550110000001, 21.94805], [90.8550800000001, 21.946365], [90.853783, 21.946501000000126]]], [[[90.837723, 21.95015], [90.833557, 21.9564], [90.840935, 21.950344], [90.837723, 21.95015]]], [[[90.856773, 21.954508], [90.852966, 21.957670000000178], [90.85434, 21.958744], [90.856773, 21.954508]]], [[[90.847588, 21.968443000000153], [90.850212, 21.955345], [90.84388000000013, 21.95063000000016], [90.830841, 21.964401], [90.847588, 21.968443000000153]]], [[[90.85519400000015, 21.990879], [90.853622, 21.98171], [90.848969, 21.983591000000107], [90.85519400000015, 21.990879]]], [[[90.82415800000012, 21.996281], [90.818657, 21.980593], [90.809471, 21.9798530000001], [90.82415800000012, 21.996281]]], [[[90.83977500000015, 22.010988000000165], [90.8394170000002, 21.992262], [90.838501, 22.011520000000136], [90.83977500000015, 22.010988000000165]]], [[[90.72249600000015, 22.012779], [90.726669, 22.013613], [90.715698, 22.005135000000113], [90.72249600000015, 22.012779]]], [[[90.75138900000013, 22.049721], [90.75181600000013, 22.03870000000012], [90.720558, 22.013889000000177], [90.735832, 22.041943], [90.75138900000013, 22.049721]]], [[[90.89498900000012, 22.068610999000047], [90.89533999900016, 22.053590999000047], [90.883453, 22.05098], [90.87998999900014, 22.067222999000137], [90.89498900000012, 22.068610999000047]]], [[[90.88580300000018, 22.087473000000106], [90.891121, 22.081039], [90.88321700000012, 22.08667], [90.88580300000018, 22.087473000000106]]], [[[90.883766, 22.089935], [90.883339, 22.088530000000162], [90.882637, 22.088251000000184], [90.883766, 22.089935]]], [[[90.89168500000017, 22.093252], [90.8899990000001, 22.096943], [90.890694, 22.098192], [90.89168500000017, 22.093252]]], [[[90.896667, 22.102501], [90.89476800000017, 22.097141000000132], [90.89629400000013, 22.103523], [90.896667, 22.102501]]], [[[90.896942, 22.13027000000017], [90.893608, 22.118891000000136], [90.883026, 22.109871], [90.896942, 22.13027000000017]]], [[[90.818245, 22.134357001000183], [90.81932800000016, 22.132282], [90.81805400100018, 22.13194500100008], [90.818245, 22.134357001000183]]], [[[90.90040600000015, 22.130760000000183], [90.90213000000017, 22.138008000000188], [90.902992, 22.138008000000184], [90.90040600000015, 22.130760000000183]]], [[[91.00491300000017, 22.148714001000027], [91.00480699899998, 22.14888199900008], [91.00493600100003, 22.148952001], [91.00491300000017, 22.148714001000027]]], [[[91.000313, 22.16060800000014], [91.00096100000019, 22.155596], [90.999504, 22.15559], [91.000313, 22.16060800000014]]], [[[90.833885, 22.17972200000014], [90.83420600000017, 22.178577], [90.833084, 22.178612000000157], [90.833885, 22.17972200000014]]], [[[90.967781, 22.285], [90.96806300000014, 22.34721900000017], [90.986084001, 22.351164], [91.001114, 22.286945000000177], [90.989441, 22.203611], [90.918877, 22.074163000000173], [90.90287000000012, 22.077503], [90.8991700000002, 22.103609], [90.967781, 22.285]]], [[[90.89961999900004, 22.240417001000086], [90.89646100100015, 22.223396], [90.89588199900004, 22.2439], [90.89961999900004, 22.240417001000086]]], [[[90.923332, 22.246944], [90.92944300000016, 22.24361], [90.922775, 22.242777], [90.923332, 22.246944]]], [[[90.896942, 22.25667], [90.90860700000013, 22.26056100000011], [90.9055560000001, 22.2419450000001], [90.896942, 22.25667]]], [[[90.931389, 22.282501], [90.934998, 22.251669000000163], [90.926666, 22.2511080000001], [90.931389, 22.282501]]], [[[90.90512100000018, 22.287939000000165], [90.905182, 22.290890000000104], [90.90605200000016, 22.287281], [90.90512100000018, 22.287939000000165]]], [[[90.9322200000001, 22.353611], [90.936943, 22.332218], [90.915047, 22.29464], [90.908058, 22.30360000000013], [90.9322200000001, 22.353611]]], [[[90.87014, 22.351864], [90.87294000100019, 22.352734000000115], [90.86992600100007, 22.350991999000147], [90.87014, 22.351864]]], [[[90.873611, 22.365278000000107], [90.86194600000016, 22.348612000000116], [90.871162, 22.37245400000018], [90.873611, 22.365278000000107]]], [[[90.87305500000019, 22.374722], [90.886108, 22.398609], [90.8899990000001, 22.373890000000134], [90.87966900000015, 22.33462500000013], [90.88620800000012, 22.3778], [90.87305500000019, 22.374722]]], [[[90.985001, 22.385555], [90.959999, 22.37443900000011], [90.95333099900007, 22.41], [90.97361, 22.42083399900002], [90.985001, 22.385555]]], [[[90.96888, 22.444571], [90.96861300000018, 22.42610900000011], [90.95417, 22.425001000000123], [90.9475020000001, 22.439169000000163], [90.96888, 22.444571]]], [[[90.88472000000013, 22.497223000000137], [90.89194500000013, 22.501665000000116], [90.89083100000016, 22.49500300000011], [90.88472000000013, 22.497223000000137]]], [[[90.878891, 22.496666], [90.877777, 22.503887000000134], [90.881943, 22.499166000000113], [90.878891, 22.496666]]], [[[90.8733370000001, 22.508612], [90.87222300000013, 22.505556000000183], [90.870277, 22.508055000000184], [90.8733370000001, 22.508612]]], [[[90.85444599900018, 22.589444999000023], [90.93555500000014, 22.49], [90.838058, 22.575003001000027], [90.85444599900018, 22.589444999000023]]], [[[90.8334200000001, 22.632395], [90.832275, 22.63091500000013], [90.83251200000012, 22.632868], [90.8334200000001, 22.632395]]], [[[90.80139900000012, 22.636801], [90.80666400000018, 22.647778], [90.806946, 22.644444], [90.80139900000012, 22.636801]]]]}}, {"type": "Feature", "properties": {"division": "Chittagong"}, "geometry": {"type": "MultiPolygon", "coordinates": [[[[91.02777900000012, 22.075560000000113], [91.02749600000016, 22.053333000000123], [90.989021, 22.02302400000019], [90.97416700000015, 22.051111000000105], [91.003334, 22.089998], [91.02777900000012, 22.075560000000113]]], [[[91.01024600000017, 22.09623500000015], [91.011673, 22.094984000000185], [91.011398, 22.094978], [91.01024600000017, 22.09623500000015]]], [[[91.01339700000011, 22.10401299900019], [91.01454899900011, 22.102807999000163], [91.01111600100012, 22.103733], [91.01339700000011, 22.10401299900019]]], [[[91.01139100100016, 22.236111], [91.02221700100006, 22.27417], [91.023888, 22.267220999000074], [91.01139100100016, 22.236111]]], [[[91.00861400000014, 22.328888], [91.007767, 22.328331000000162], [91.00722500000012, 22.337778], [91.00861400000014, 22.328888]]], [[[90.95722200000017, 22.544445], [90.94416800000012, 22.535555], [90.95805400000012, 22.541945000000112], [90.977867, 22.522684], [90.987221, 22.508055000000187], [90.94944800000019, 22.49138800000014], [90.94531569557884, 22.50442302628075], [90.94304772220784, 22.5031507146834], [90.94110900000015, 22.491945], [90.93211400000018, 22.49701700000014], [90.870575, 22.578611], [90.92111200000011, 22.57278100000013], [90.95722200000017, 22.544445]]], [[[90.9842, 22.540869001000146], [90.98597700000016, 22.542520999000086], [90.988052, 22.539722001000147], [90.9842, 22.540869001000146]]], [[[90.85240200100014, 22.66237600000017], [90.84916699899998, 22.66478700000016], [90.85103599900009, 22.665858999000132], [90.85240200100014, 22.66237600000017]]], [[[90.747498, 22.816941999], [90.74472, 22.81889000000018], [90.73860900000017, 22.836665999000047], [90.747498, 22.816941999]]], [[[90.761665, 22.866667000000177], [90.773613, 22.870277], [90.739166, 22.893055000000174], [90.71494300000012, 22.94378300000011], [90.6886140000002, 22.97833400000013], [90.67888600000015, 22.980247000000187], [90.6744460000001, 22.978889], [90.662498, 22.967222], [90.647499, 22.985556000000145], [90.66967773400012, 23.015453340000082], [90.65819323835223, 23.023124421429035], [90.647499, 22.985773000000165], [90.63583374000012, 23.02472305200007], [90.65333557100007, 23.123613358], [90.63772582900009, 23.220836638999973], [90.60625457700007, 23.20653343200002], [90.60179138300009, 23.236789704000046], [90.55113220200013, 23.296216964000113], [90.59178924600008, 23.33388519400017], [90.53868866100004, 23.379087447000185], [90.57762146000005, 23.451490402000157], [90.57595825200008, 23.49538230900015], [90.64131927500006, 23.503704072000065], [90.68775177100014, 23.49247551000002], [90.71087646500018, 23.51555061400006], [90.68728637700019, 23.55737113900005], [90.6469955440001, 23.575990677000167], [90.64727783200004, 23.589153291000173], [90.66678619400017, 23.58959388700003], [90.655517578, 23.61725807300013], [90.62992858900009, 23.620786668000164], [90.64011383100012, 23.674678803000116], [90.67650604200004, 23.680034637000063], [90.72651672500018, 23.662851334000038], [90.74094390800008, 23.692554474000076], [90.77195891382787, 23.688629899048316], [90.7631149300001, 23.699045182000134], [90.74111175600012, 23.692621232000075], [90.72250366200007, 23.72559165900003], [90.76665496800007, 23.80464363100009], [90.76219940200019, 23.860054016999985], [90.83317566000017, 23.863203050000035], [90.85810089100005, 23.87903785700007], [90.89756012000004, 23.862678528000178], [90.91404724200015, 23.873468399000046], [90.97278595000012, 23.96943092300006], [90.97412109500016, 24.01987457400014], [91.05311584400005, 24.08315277200018], [91.0442276, 24.10992622400011], [90.98513793900008, 24.152574540000103], [91.03784179600012, 24.21017265400019], [91.08996582100013, 24.211326600000117], [91.08510589600013, 24.241121292000116], [91.13384246900017, 24.24309730599998], [91.17358398400012, 24.265220643000077], [91.19488525499997, 24.23984336900014], [91.26695251400008, 24.223268510000022], [91.28599548400007, 24.223369599000137], [91.30172729400005, 24.266389848000077], [91.3250350960001, 24.260551452000186], [91.32401275600006, 24.2295417790001], [91.27721405000005, 24.203069686000102], [91.3126602160001, 24.203491211000085], [91.3131637570001, 24.183321], [91.27721405000005, 24.181518556000068], [91.26171112100013, 24.1463527680001], [91.29247284000007, 24.117498398000127], [91.270836, 24.112543], [91.26764678900008, 24.093692780000083], [91.29313659600012, 24.09353637800007], [91.28406524600007, 24.06079101600005], [91.31163024800014, 24.039733887000068], [91.29428900100015, 24.001299], [91.29946899300012, 23.97265052900019], [91.28760528500015, 23.96817207400011], [91.28367614800004, 23.98310279800017], [91.27331543000003, 23.966674806000185], [91.26393127500012, 23.944370271000082], [91.27530670100003, 23.92641830500008], [91.23295593300014, 23.92709541400006], [91.24612426800019, 23.91322517400016], [91.22954559400017, 23.880739212000094], [91.25399001100006, 23.83715420800019], [91.22711181700015, 23.793226243000106], [91.22052764900013, 23.740924835000044], [91.17239379800003, 23.752014160000158], [91.14912414500003, 23.711668014000054], [91.15418207200008, 23.688538005], [91.20846550599998, 23.68657289600003], [91.20453600000013, 23.650528000000183], [91.16131591700014, 23.67071533300009], [91.1273193360002, 23.667749406000098], [91.15643294000017, 23.669300138000153], [91.1624374390002, 23.595195771000075], [91.17801666200006, 23.591884614000154], [91.19438171399997, 23.547323228000096], [91.21293640099998, 23.548145294000104], [91.20070648200016, 23.52016258300017], [91.24925994800009, 23.49031257700005], [91.27969360400004, 23.37677764900002], [91.29430389400005, 23.374847413], [91.29099273600019, 23.350790024000162], [91.32002258300008, 23.360237121000125], [91.28979492200006, 23.318658828000142], [91.30947112900009, 23.314001085000143], [91.31441497800017, 23.299583434000116], [91.30019400000015, 23.292421000000108], [91.32654571500012, 23.252437592000152], [91.32331799900004, 23.15822], [91.37189483700013, 23.069395065000094], [91.42199699100013, 23.059249992999984], [91.379868048, 23.184612337000033], [91.38070000000012, 23.208567], [91.4156720000002, 23.244883000000183], [91.40883638300011, 23.285321876000125], [91.418251, 23.255611000000158], [91.45393370600016, 23.25640103900008], [91.4485397330002, 23.243886947000078], [91.47024478700013, 23.227777334000052], [91.4505, 23.219599000000187], [91.484367, 23.209335000000184], [91.47424300000011, 23.188837], [91.50735473700001, 23.18334388700003], [91.491669, 23.177711], [91.49088299300014, 23.15776278800007], [91.50716400100004, 23.15440559400014], [91.49468200000018, 23.147223], [91.52976200600011, 23.091596652000195], [91.53043365600008, 23.038436890000188], [91.55028533900014, 23.038547516999984], [91.54244995100004, 22.999652862000175], [91.57675933900015, 22.96537399300013], [91.56592559900014, 22.94705581700009], [91.59767913900004, 22.975713730000052], [91.61988067700003, 22.938545226000144], [91.64532470700016, 22.985126496000138], [91.71310424800004, 22.98869514400019], [91.71335959492772, 22.987989496804502], [91.77121734600007, 23.03679466300008], [91.78509521400008, 23.031677246000072], [91.77445983800015, 23.06971740800003], [91.80597686800019, 23.063161851000192], [91.83573913500004, 23.093185425000115], [91.81379699700017, 23.119071961000028], [91.792068481, 23.229167939000092], [91.77634429900019, 23.244192124], [91.79028320200018, 23.309082032000166], [91.83761596700009, 23.37090682900009], [91.84503936800013, 23.404769898000044], [91.89964294400005, 23.440721513000085], [91.94273399900004, 23.43524700100011], [91.94242107900004, 23.466657699000052], [91.97518897900005, 23.48241011300007], [91.956238, 23.52583499900004], [91.963921, 23.578827001000036], [91.94230700000014, 23.681808001000036], [91.97805786100008, 23.733341217000145], [92.0005340570001, 23.670681001000105], [92.07379150499997, 23.64758682400003], [92.08306884700005, 23.680126191000173], [92.10589599600007, 23.676513672000173], [92.16235351500018, 23.739711761000024], [92.17768097000015, 23.707670212000036], [92.20697021500018, 23.70065116800015], [92.21146392800011, 23.65315246700015], [92.2381362910001, 23.670270919000075], [92.24941253700018, 23.724306106000142], [92.28926086400003, 23.70197677700014], [92.27293395900017, 23.641729355000052], [92.29584503200005, 23.621477128000095], [92.28711700400015, 23.596151351000117], [92.30809783900014, 23.577762604000156], [92.3170166020001, 23.47181320200019], [92.35734558200005, 23.41062164300007], [92.356109619, 23.37274742200009], [92.3790435790001, 23.362106324000028], [92.36425018300014, 23.323263169000143], [92.38568878200005, 23.306261061999976], [92.3809280390002, 23.285280228999966], [92.40337371900017, 23.24142837600016], [92.34671020600007, 23.23578834500006], [92.36801910400015, 23.127538682000083], [92.35786438100008, 23.10353088500006], [92.39225006000004, 23.056503296000187], [92.37170410200002, 22.93621254000004], [92.39782714900008, 22.9294300090001], [92.40133667100002, 22.91199875000012], [92.41927337600009, 22.919355392000057], [92.43418121300016, 22.885667801000125], [92.44753265300011, 22.89359092700005], [92.47386932400008, 22.74634933500016], [92.50773620600006, 22.736883164000062], [92.52856445300006, 22.66577148400006], [92.53916931200008, 22.58965301500018], [92.52177429199999, 22.560251237000163], [92.55117797900006, 22.51373291000016], [92.55205535800008, 22.40903282100004], [92.58122253500011, 22.32180404600013], [92.59505462599998, 22.17546463100007], [92.609283447, 22.164211274000024], [92.60548400900007, 22.123313905000035], [92.57820129400017, 22.14360427800011], [92.5625076300002, 22.1282730100001], [92.60263824400005, 22.061859131000062], [92.59335327100018, 22.03404617200016], [92.62667846700009, 21.884580613000082], [92.61390686100009, 21.85190773000005], [92.6090087890002, 21.58465576200012], [92.62808227600017, 21.448680877000186], [92.67366027900016, 21.29128074700003], [92.5968933100001, 21.243631364], [92.55793762200005, 21.383886338000025], [92.50852203300013, 21.37729454000015], [92.49910736, 21.361064912000185], [92.43881225700017, 21.365177154000097], [92.42809295700016, 21.423574448000068], [92.38097381600016, 21.479867936000176], [92.343467712, 21.46687889000015], [92.32202673100011, 21.419556169000032], [92.269073, 21.428202000000113], [92.25880371000011, 21.36218169700015], [92.19785300000012, 21.319773000000172], [92.21805572500006, 21.23189735400013], [92.17548370300017, 21.184797287000094], [92.16624450700004, 21.221006394000142], [92.175804, 21.15997900000019], [92.19933300000021, 21.16128499900014], [92.2004394540001, 21.12437248300006], [92.22371673500004, 21.119899751], [92.2583236690001, 21.078792572000054], [92.27030181800006, 20.9419708260001], [92.31515503000008, 20.887252807000042], [92.33638763500016, 20.74111175600018], [92.31333160400004, 20.760280609000063], [92.2278060920001, 20.909860611000113], [92.18444824199997, 21.020000457000037], [92.04722600000014, 21.184723], [92.04776800000019, 21.29917], [92.01879120000018, 21.36602020400005], [91.94951600000013, 21.460259999000073], [91.968445, 21.474944999000115], [91.96841400000017, 21.453268001000136], [91.970139, 21.450309999000126], [91.97471618700018, 21.44681167700008], [91.98130798300008, 21.450309754000042], [91.97729500000015, 21.452999000000148], [91.970139, 21.45138500000019], [91.97415900000016, 21.47392100000019], [92.0, 21.51555800000017], [92.009163, 21.499165], [92.02034, 21.497862], [92.01725800100007, 21.500767000999986], [92.00861358600008, 21.501668930000108], [92.00920883600014, 21.51197414700005], [91.9999999990002, 21.51861199900003], [91.99333953900009, 21.57592010500008], [92.019447, 21.60444099900019], [92.010002, 21.626666999000122], [92.0402830000001, 21.653620000000103], [92.034073, 21.658741000000134], [92.009163, 21.62778299900009], [92.00945300100017, 21.621941000000163], [92.01873800100014, 21.605911], [92.00859799900013, 21.60111000000018], [91.99562799900008, 21.646120001000103], [92.02082800000017, 21.65971899900012], [91.994484, 21.659571], [91.97959900000018, 21.65573100000012], [91.96154, 21.67140800000016], [91.983887, 21.694805000000144], [91.96096800000015, 21.67598000099997], [91.9386290000001, 21.749811], [91.950447, 21.760230999000154], [91.95305633500004, 21.78639030500011], [91.9741668710002, 21.78972244300013], [91.9572219850001, 21.790279389000034], [91.95249938900015, 21.78777694700011], [91.94525900000014, 21.77500000000015], [91.94835700000016, 21.758553000000177], [91.93891100100006, 21.75317199900019], [91.93633999900015, 21.74698999900011], [91.9606930000001, 21.667370000000172], [91.98845700000015, 21.630520000000164], [91.9755783080002, 21.509479524000138], [91.91198700000018, 21.501684000000125], [91.893089, 21.520781000000174], [91.9067540000001, 21.47455200000019], [91.86828600100006, 21.50108100000017], [91.85396600100002, 21.521173], [91.87160500100003, 21.50302900100013], [91.866806, 21.521641], [91.85194400000017, 21.531111], [91.89708700000017, 21.54122000000018], [91.87249800000012, 21.560556], [91.899391, 21.577265], [91.87274900000011, 21.582644000000126], [91.89451599100016, 21.645851136000147], [91.8799210000002, 21.685270000000116], [91.913712, 21.707718000000114], [91.90969800000016, 21.738111], [91.905693, 21.734080999000128], [91.905113, 21.727352000000163], [91.91027100000014, 21.707718000000114], [91.88220200000012, 21.691311], [91.87761700000016, 21.684586], [91.883919, 21.647198], [91.855736, 21.686201], [91.91652054348422, 21.85878498104809], [91.90733337400007, 21.934429169000055], [91.88821411100008, 21.947641373000067], [91.87035369900008, 22.002861023000154], [91.87972259600014, 22.042779924000172], [91.86250305100009, 22.114164354000028], [91.831657409, 22.13529014600005], [91.81469726600017, 22.22969246000008], [91.7983322140002, 22.22610855200003], [91.76560974100016, 22.272258759000124], [91.74583435000005, 22.399166107000095], [91.708611, 22.487499], [91.55999755900007, 22.661945343000127], [91.45722198500016, 22.733888626000063], [91.46722412100013, 22.760280610000105], [91.46415710500003, 22.76028061000011], [91.45527648900014, 22.749450683000074], [91.45342598360826, 22.757456809670106], [91.448608, 22.767778000000135], [91.44964270650209, 22.773824984479273], [91.4474432208758, 22.783340958120935], [91.418053, 22.810278], [91.43080900000012, 22.839041000000183], [91.41027800000012, 22.81139], [91.431656, 22.773331], [91.42534026400006, 22.75646460400003], [91.37022201248087, 22.80001570353974], [91.37760197000011, 22.783060075000037], [91.361412, 22.772259000000137], [91.38694800000013, 22.76639], [91.38667300000014, 22.75333000000018], [91.30722045900006, 22.744722366000133], [91.27388763400012, 22.746665955000083], [91.27055358800015, 22.759445191000168], [91.27027893000013, 22.74583244300004], [91.29894256600016, 22.741069793000122], [91.25805700000018, 22.695551], [91.189163, 22.730276000000117], [91.21167, 22.70472100000012], [91.23361200000016, 22.704180000000118], [91.24388900000014, 22.683056], [91.229156, 22.681393000000128], [91.236664, 22.677776000000165], [91.2558360000001, 22.679171000000114], [91.28138700000017, 22.63833000000011], [91.26139100000017, 22.633055], [91.243607, 22.611670000000117], [91.260277, 22.56333], [91.16333, 22.52111200000013], [91.15944700000017, 22.53639], [91.15305300000011, 22.540833000000134], [91.14277600000014, 22.534719000000166], [91.121948, 22.56304], [91.129173, 22.539440000000127], [91.113335, 22.539446000000112], [91.089996, 22.52027900000013], [91.077774, 22.49833500000011], [91.03221900000011, 22.540279000000112], [91.00390654565366, 22.604290348678774], [91.02133900000018, 22.552283000000156], [90.891388, 22.657778000000178], [90.83611300000018, 22.678612], [90.77749633900015, 22.778055191000192], [90.782501, 22.827778000000137], [90.761665, 22.866667000000177]], [[90.7855911260001, 23.686904907000102], [90.78489959654677, 23.688650773519452], [90.78284956841327, 23.687251818049994], [90.7855911260001, 23.686904907000102]], [[90.78790032947099, 23.73166062587629], [90.77957153300008, 23.73296737700014], [90.78138983830999, 23.72289288580244], [90.78790032947099, 23.73166062587629]], [[91.03512831122207, 23.795382112263724], [91.03505706800013, 23.79552078300003], [90.90117645200013, 23.766468047000163], [91.03512831122207, 23.795382112263724]], [[91.31091596434017, 23.04871460208568], [91.31198120200003, 23.048593521000043], [91.31200469550629, 23.04861565948116], [91.31091596434017, 23.04871460208568]], [[91.25793780652059, 23.0535291945954], [91.25234985300006, 22.960475921000068], [91.2588894357059, 23.05344271165722], [91.25793780652059, 23.0535291945954]], [[91.15990448000014, 23.084072113000158], [91.18526458700012, 23.060251237000045], [91.18586931983508, 23.060209712726017], [91.15990448000014, 23.084072113000158]], [[90.98450469900007, 23.11781692400001], [91.02216339100005, 23.1064281460001], [91.03556060900013, 23.11465644900011], [90.98450469900007, 23.11781692400001]], [[90.98202556539903, 23.135367757983392], [90.97516670805652, 23.13269660068421], [90.9803085320001, 23.13337135300014], [90.98450469900007, 23.11781692400001], [90.98202556539903, 23.135367757983392]], [[90.96117917407112, 23.134127651785224], [90.96005547309433, 23.130713580475973], [90.96267108053323, 23.131056821939765], [90.96117917407112, 23.134127651785224]], [[91.01198245198482, 22.697483222671984], [91.00985717700007, 22.705240249000155], [91.0084791802754, 22.705722728957134], [91.01198245198482, 22.697483222671984]], [[91.00842268378166, 22.667006198671704], [91.01705932700021, 22.67895317200004], [91.01579327208324, 22.683574137001884], [91.00842268378166, 22.667006198671704]], [[90.6672973630001, 23.054922104000127], [90.66660101256791, 23.052489983301253], [90.68152518676389, 23.058217754340593], [90.6672973630001, 23.054922104000127]], [[90.69783020100006, 23.06199455300009], [90.6957405637214, 23.061510521575244], [90.73089599500014, 23.04190254200006], [90.69783020100006, 23.06199455300009]], [[90.79208945318642, 23.07874701498989], [90.75205230700004, 23.067554474000133], [90.7920303350001, 23.07817840700011], [90.79208945318642, 23.07874701498989]], [[90.79598999000007, 23.11807823200019], [90.79552292209046, 23.111770657514562], [90.7961890244918, 23.11817733490151], [90.79598999000007, 23.11807823200019]], [[90.84682464500014, 23.167060852000077], [90.84186497950977, 23.15343255904227], [90.86175999220603, 23.168702974984523], [90.84682464500014, 23.167060852000077]], [[90.8914947510001, 23.171972275000087], [90.87649345308664, 23.170322900816775], [90.89652781946069, 23.162712158807423], [90.8914947510001, 23.171972275000087]], [[90.9554214480001, 23.145978929000027], [90.93338052418872, 23.148712393464454], [90.9587814321156, 23.139062986369392], [90.9554214480001, 23.145978929000027]], [[90.79422799870854, 23.433570527542965], [90.79428100500013, 23.433534623000128], [90.84226226900017, 23.47571373000017], [90.79422799870854, 23.433570527542965]], [[90.77097358721618, 23.449117869741197], [90.77088928200016, 23.44917488100015], [90.75558255868305, 23.416662641052604], [90.75668334900007, 23.416030883000136], [90.77097358721618, 23.449117869741197]], [[90.71078491300005, 23.435218812000134], [90.73634338300002, 23.414863586000138], [90.7364517251745, 23.42348449030248], [90.71078491300005, 23.435218812000134]], [[91.26465752616828, 22.882204399301376], [91.24940894507178, 22.898051607921047], [91.24824524000013, 22.893991471000106], [91.26465752616828, 22.882204399301376]], [[91.27634429900007, 22.899389267000174], [91.26542792779104, 22.881651107756788], [91.26557159500015, 22.881547928000032], [91.27634429900007, 22.899389267000174]], [[91.34111785900006, 22.913293838000186], [91.3408152703873, 22.913152414371364], [91.34283154265464, 22.91064037436275], [91.34111785900006, 22.913293838000186]], [[91.32871723997593, 22.88180394388665], [91.35254669300014, 22.89559745900016], [91.3512782703876, 22.897561481514067], [91.32846069400006, 22.882133485000054], [91.32871723997593, 22.88180394388665]], [[91.35216522200007, 22.852420808000037], [91.33745558461189, 22.870579274269954], [91.35105518334323, 22.85311017582642], [91.35216522200007, 22.852420808000037]], [[91.33493042000015, 22.842021943000194], [91.33494903643222, 22.842097655074134], [91.33423902300552, 22.842094174606665], [91.33493042000015, 22.842021943000194]], [[91.3378140388045, 22.820903216750008], [91.33816498900012, 22.821046750000104], [91.31376801254508, 22.841993826242465], [91.30977630600006, 22.84197425900015], [91.3378140388045, 22.820903216750008]], [[91.3136450553287, 22.811018473008637], [91.33505353742903, 22.81977421400476], [91.31154593800011, 22.81285131000004], [91.3136450553287, 22.811018473008637]], [[91.33903569331758, 22.789129828805862], [91.33496517583632, 22.792402883972635], [91.33880615200019, 22.789049149000164], [91.33903569331758, 22.789129828805862]], [[91.36817890900016, 22.80163004000008], [91.34189225180525, 22.790133859741843], [91.37015581068492, 22.80006801218389], [91.36817890900016, 22.80163004000008]], [[91.96552107044835, 21.88385339385887], [91.92409515500009, 21.87729454200019], [91.92335579340649, 21.87544126882449], [91.96538543700018, 21.883420944000136], [91.96552107044835, 21.88385339385887]], [[92.03971099800003, 21.923837663000143], [92.03968253815434, 21.923674427203796], [92.0571746830002, 21.924051285000075], [92.03971099800003, 21.923837663000143]], [[92.11331146363985, 21.93220432520572], [92.06493291874592, 21.910035824165053], [92.06602331574304, 21.90806599276158], [92.11331146363985, 21.93220432520572]], [[92.08087921200013, 21.888479233000055], [92.0739292843979, 21.89378364846618], [92.08084638358292, 21.88128772337486], [92.08087921200013, 21.888479233000055]], [[92.08054014600236, 21.814202231736054], [92.08058611443157, 21.824272239039754], [92.07656097400007, 21.817333222000173], [92.08054014600236, 21.814202231736054]], [[92.10285949700011, 21.808275223000066], [92.0865391182986, 21.80948197238476], [92.1081390390001, 21.79248619000009], [92.10285949700011, 21.808275223000066]], [[92.1306762700001, 21.79994011000008], [92.13062836185881, 21.799924264954498], [92.1307666639015, 21.799822692733336], [92.1306762700001, 21.79994011000008]], [[92.17444500754505, 21.78927268211679], [92.1563653004208, 21.781022461589824], [92.16517639200009, 21.774551392000145], [92.17444500754505, 21.78927268211679]], [[92.17931365900017, 21.79149436900019], [92.17913737133114, 21.791413924547427], [92.18178855634156, 21.78784585605526], [92.17931365900017, 21.79149436900019]], [[92.17370242227237, 21.843882715308553], [92.16723632800017, 21.840087891000053], [92.18899299419297, 21.778149841782238], [92.1902084350001, 21.776514054000188], [92.17370242227237, 21.843882715308553]], [[92.19644508835238, 21.816949556151744], [92.18032073900014, 21.847766876000097], [92.17433673592853, 21.84425498159177], [92.1865844730001, 21.819198609000065], [92.19644508835238, 21.816949556151744]], [[92.21235656800008, 21.78653907899996], [92.21159744140634, 21.787989943560966], [92.2119790533119, 21.786336721616042], [92.21235656800008, 21.78653907899996]], [[92.17642974900008, 21.78917312700014], [92.18079609393764, 21.783717233353517], [92.18067169300008, 21.789157867000142], [92.17642974900008, 21.78917312700014]], [[92.11220550500013, 21.666028977000167], [92.09239379269488, 21.688547809949416], [92.09230804500015, 21.688480377000072], [92.11220550500013, 21.666028977000167]], [[92.18468475400005, 21.568511963000162], [92.1736831660001, 21.59978294300009], [92.17364918022383, 21.59977783287397], [92.1846475466697, 21.568472171827384], [92.18468475400005, 21.568511963000162]], [[92.16605751671895, 21.522200195153715], [92.1611196900935, 21.535395065246803], [92.15953827000004, 21.533180237000128], [92.16605751671895, 21.522200195153715]], [[92.17667324130127, 21.507944963888864], [92.17267908790745, 21.511047813310576], [92.17479705800008, 21.507480622000113], [92.17667324130127, 21.507944963888864]], [[92.23981475900007, 21.472658158000172], [92.23903658450776, 21.473497571953388], [92.23934189844013, 21.471466767054594], [92.23981475900007, 21.472658158000172]], [[92.24561309900002, 21.401266098000065], [92.24516335109243, 21.4025142064502], [92.20188140900012, 21.39052581700002], [92.24561309900002, 21.401266098000065]], [[92.15185546800012, 21.321760177], [92.12652359724649, 21.400483783543653], [92.1264495850001, 21.40048599199997], [92.15185546800012, 21.321760177]], [[91.44307708700006, 22.802230836000035], [91.47449493400018, 22.87488937300003], [91.47429868082604, 22.875226010287797], [91.44307708700006, 22.802230836000035]], [[91.52168741166102, 22.91183700275006], [91.53073883000013, 22.913255691000135], [91.53720829165289, 22.928210262547214], [91.52168741166102, 22.91183700275006]], [[91.53829233742104, 22.93071610319829], [91.53888702400019, 22.932090759000175], [91.53589499594504, 22.934395603412483], [91.53829233742104, 22.93071610319829]], [[91.5284106086753, 22.94588282992484], [91.53021717584241, 22.947291439811732], [91.52748108000003, 22.947309494000024], [91.5284106086753, 22.94588282992484]], [[91.79255862546712, 22.769599024693505], [91.79287719600006, 22.76881980800016], [91.79299674027364, 22.768972548423413], [91.79255862546712, 22.769599024693505]], [[91.8073777976107, 22.787347069583873], [91.81193724257093, 22.7931726230142], [91.81171417200005, 22.793275834000045], [91.8073777976107, 22.787347069583873]], [[91.87866210900006, 22.76818084800004], [91.85645694428692, 22.757223458222587], [91.85645294300008, 22.756992341000057], [91.88270228973954, 22.764600251887405], [91.87866210900006, 22.76818084800004]], [[91.8867013086784, 22.761056135277258], [91.88542511962228, 22.737051502861483], [91.89494323700012, 22.753751755000167], [91.8867013086784, 22.761056135277258]], [[91.88341622538209, 22.699264963659402], [91.88330841100009, 22.697237016000088], [91.88391916783219, 22.69726703770879], [91.88341622538209, 22.699264963659402]], [[91.92766053381582, 22.69331051944495], [91.93424818010837, 22.68283653030308], [91.96212860883145, 22.690918964709844], [91.92766053381582, 22.69331051944495]], [[91.94288098553555, 22.668804574190315], [91.93243408300009, 22.652400970000084], [91.94305419900007, 22.668687821000045], [91.94288098553555, 22.668804574190315]], [[92.01987206525881, 22.508094091509793], [92.02153015100004, 22.50915146000017], [92.02808380100015, 22.527748109000072], [92.01987206525881, 22.508094091509793]], [[92.00698780799391, 22.583721476179928], [92.0064086920001, 22.581626892000145], [92.02808380100015, 22.527748109000072], [92.00698780799391, 22.583721476179928]], [[92.00871402399262, 22.589964965844104], [92.03367162092128, 22.620441657455697], [92.01285552900015, 22.604944229000065], [92.00871402399262, 22.589964965844104]], [[92.0358276005818, 22.622046768572005], [92.04525756800014, 22.607097625000055], [92.03744506900006, 22.623250962000157], [92.0358276005818, 22.622046768572005]], [[92.08020623685003, 22.608948989543567], [92.075798034, 22.59354591500005], [92.08104705700009, 22.608993531000067], [92.08020623685003, 22.608948989543567]], [[92.10420990000017, 22.570095063000167], [92.10302494694372, 22.571073110649465], [92.14262855366798, 22.437223763161153], [92.14044952300009, 22.44951248300004], [92.10420990000017, 22.570095063000167]], [[92.1427347540704, 22.436624842268753], [92.13349621786793, 22.42894652036211], [92.14274597100018, 22.43656158400006], [92.1427347540704, 22.436624842268753]], [[92.09925488031, 22.400487898073756], [92.09915161100008, 22.40040206900005], [92.12039184600008, 22.366678239], [92.09925488031, 22.400487898073756]], [[92.14011383000008, 22.367311478000094], [92.14000681889956, 22.36730804205763], [92.13208007800012, 22.35093116800016], [92.13304715627771, 22.349759559556855], [92.14011383000008, 22.367311478000094]], [[92.20251692225605, 22.33506695672606], [92.18843841500018, 22.346366882000154], [92.13326129217073, 22.349500135448082], [92.15435489187203, 22.323945389692486], [92.14593505800019, 22.34774017400008], [92.20251692225605, 22.33506695672606]], [[92.28089141900006, 22.355691909000143], [92.21407510394074, 22.332478152880352], [92.22224426300005, 22.330648423000184], [92.28161834300634, 22.355552066474008], [92.28089141900006, 22.355691909000143]], [[92.29048564808852, 22.35384621231048], [92.3697293166647, 22.336841368948058], [92.3671493540001, 22.33909797700011], [92.29048564808852, 22.35384621231048]], [[92.38473183627622, 22.32371916101031], [92.47625969103103, 22.22948089006339], [92.46163940400015, 22.256450654], [92.38473183627622, 22.32371916101031]], [[92.48410982666287, 22.214999894962933], [92.52400970400004, 22.0246963510001], [92.4849472040001, 22.21345520100016], [92.48410982666287, 22.214999894962933]], [[92.117845802157, 21.93428209518324], [92.1119003300002, 21.916734695000063], [92.11940330649075, 21.910352668505368], [92.11849975500007, 21.93458175600011], [92.117845802157, 21.93428209518324]], [[92.1220666949613, 21.9080871921566], [92.12972259499998, 21.901575089000062], [92.17453765800013, 21.909845352000165], [92.17441145981489, 21.910150500156668], [92.1220666949613, 21.9080871921566]], [[92.160174460061, 21.944575672126167], [92.15937805200008, 21.94441032400016], [92.16837949939408, 21.924735825603687], [92.160174460061, 21.944575672126167]], [[92.18074035600017, 21.942960739], [92.1886228824938, 21.950482058020487], [92.1625797682762, 21.94507505582828], [92.18074035600017, 21.942960739]], [[92.21578418141806, 22.00503655251903], [92.20275878800015, 21.999727249000046], [92.20535444050789, 21.994006407188902], [92.21578418141806, 22.00503655251903]], [[92.21616363600009, 22.00543785100018], [92.17745971700003, 22.024353028000178], [92.21604893105672, 22.005316542886558], [92.21616363600009, 22.00543785100018]], [[92.17323303199998, 22.112876893000134], [92.1604899314273, 22.12781727056873], [92.16841297211958, 22.109689609559364], [92.17323303199998, 22.112876893000134]], [[92.16015116187347, 22.128889256775853], [92.16007232700008, 22.128772736000087], [92.16013147593797, 22.128637405142058], [92.16015116187347, 22.128889256775853]], [[92.16431426900004, 22.182149887000037], [92.13762664800004, 22.234466553000118], [92.16301722389734, 22.165556165652283], [92.16431426900004, 22.182149887000037]], [[92.1547393800002, 22.322858811000117], [92.15456483253857, 22.323352089046235], [92.15428818598718, 22.32190034686222], [92.1547393800002, 22.322858811000117]], [[91.97985077000004, 22.833059311000053], [91.97517395100004, 22.790666579000057], [91.97610671070382, 22.788004947586057], [91.98056600611203, 22.833378453640393], [91.97985077000004, 22.833059311000053]], [[91.99787314130505, 22.725894400544828], [92.00141143800016, 22.726812362000086], [91.97988730055182, 22.777217027972593], [91.99787314130505, 22.725894400544828]], [[91.96214385174468, 22.690923383574688], [91.96253967400014, 22.69103813100014], [91.96664428600013, 22.717792512000187], [91.96214385174468, 22.690923383574688]], [[91.38888500100013, 23.178446], [91.38983052500015, 23.177173099000186], [91.38886377600005, 23.179409696000054], [91.38888500100013, 23.178446]]], [[[90.7247240010002, 22.909445], [90.720268, 22.922625], [90.721664, 22.921389], [90.7247240010002, 22.909445]]], [[[90.72916400000015, 22.880556], [90.718613, 22.898890000000165], [90.7249980000002, 22.876665000000116], [90.66555800000015, 22.964445000000126], [90.6782070000001, 22.979271], [90.71360800000014, 22.94083600000016], [90.698059, 22.94527600000015], [90.72916400000015, 22.880556]]], [[[90.71674300000018, 22.930269000000123], [90.71796400000017, 22.927521000000127], [90.71774300000016, 22.927589], [90.71674300000018, 22.930269000000123]]], [[[90.5887146, 23.175382614000114], [90.59139299900005, 23.168484001000138], [90.55925750700015, 23.094661712000118], [90.55532097100007, 23.133491916000086], [90.5887146, 23.175382614000114]]], [[[90.63388800100017, 23.15222399900017], [90.64499700000016, 23.141388], [90.64444732700002, 23.118055343000155], [90.63694800000013, 23.131390001000174], [90.63388800100017, 23.15222399900017]]], [[[90.639442, 23.164442000000125], [90.64138800000012, 23.148333], [90.635277, 23.155834], [90.639442, 23.164442000000125]]], [[[90.63416300100016, 23.174722999000153], [90.6363910010001, 23.18722200000019], [90.64111300000013, 23.181946], [90.63416300100016, 23.174722999000153]]], [[[90.59423800000013, 23.181417], [90.5926510000001, 23.177345000000116], [90.59305572600005, 23.18728828500008], [90.59423800000013, 23.181417]]], [[[91.057541, 22.030433999000028], [91.057777, 22.057780999000155], [91.08403800100012, 22.062529000000154], [91.08257300000014, 22.051686999000086], [91.057541, 22.030433999000028]]], [[[91.18519592300017, 22.298418045000062], [91.19073486300016, 22.245183946000054], [91.135254, 22.131157], [91.06022600000018, 22.07988400000011], [91.014717, 22.10778], [91.06833600000012, 22.247221], [91.06916809100011, 22.426944733000084], [91.12970733600008, 22.402221680000082], [91.18519592300017, 22.298418045000062]]], [[[91.024719, 22.276669], [91.01667000100014, 22.305834], [91.030548, 22.31555899900008], [91.024719, 22.276669]]], [[[91.028343, 22.320829000000117], [91.014725, 22.308056000000192], [91.00750000000016, 22.325281], [91.028343, 22.320829000000117]]], [[[91.03221900000011, 22.33556], [91.018059, 22.35306], [91.04389200000014, 22.370281000000148], [91.053612, 22.34611100000012], [91.03221900000011, 22.33556]]], [[[91.051392, 22.35944], [91.053047, 22.362780000000157], [91.056107, 22.36306], [91.051392, 22.35944]]], [[[91.056946, 22.366671], [91.04972100000015, 22.361391], [91.043327, 22.37528], [91.056946, 22.366671]]], [[[91.01999700000016, 22.421120000000148], [91.03722400000015, 22.388613], [91.008888, 22.36389], [90.9911120000001, 22.454445], [91.01944700000013, 22.45944600000013], [91.04722600000014, 22.442501000000163], [91.044724, 22.411945], [91.01999700000016, 22.421120000000148]]], [[[91.245865, 22.427578000000153], [91.25858300100009, 22.435127], [91.26421399900005, 22.415342000000123], [91.245865, 22.427578000000153]]], [[[91.0505519990001, 22.43806100100005], [91.050003, 22.433331001], [91.04750100000012, 22.434440999], [91.0505519990001, 22.43806100100005]]], [[[91.2768940000002, 22.447601], [91.277092, 22.441099000000175], [91.271759, 22.447882], [91.2768940000002, 22.447601]]], [[[91.15389300000015, 22.503334], [91.19333600000016, 22.505569], [91.16513800000013, 22.477406], [91.12055200100008, 22.468333999000038], [91.15389300000015, 22.503334]]], [[[91.07138800000018, 22.49027600000017], [91.069168, 22.482500000000186], [91.050003, 22.512781], [91.07138800000018, 22.49027600000017]]], [[[91.14917000000014, 22.511944], [91.080002, 22.461664000000155], [91.09166700000014, 22.517776], [91.1302800000002, 22.538055], [91.13277400000015, 22.544722], [91.14222000000012, 22.534166], [91.15110800000014, 22.5369510000001], [91.14917000000014, 22.511944]]], [[[91.19805900000011, 22.504444], [91.17749800000013, 22.51417], [91.18990300000013, 22.520477], [91.19805900000011, 22.504444]]], [[[91.283043, 22.499985], [91.27138500000018, 22.525278001000174], [91.311943, 22.562778], [91.31277500100009, 22.539167000000134], [91.283043, 22.499985]]], [[[91.27222400000016, 22.5758340000001], [91.269447, 22.574167], [91.277779, 22.593891], [91.27222400000016, 22.5758340000001]]], [[[91.2649990000001, 22.5758340000001], [91.245827, 22.6102810000001], [91.284447, 22.62528], [91.28389000000016, 22.603613000000106], [91.2649990000001, 22.5758340000001]]], [[[91.16153299899997, 23.66459000100008], [91.16113302100013, 23.665103641000147], [91.16204791400003, 23.663929111000126], [91.16153299899997, 23.66459000100008]]], [[[91.16066741900016, 23.666465759], [91.16074371300004, 23.66648483200009], [91.16082758900006, 23.66613598100008], [91.16066741900016, 23.666465759]]], [[[91.91227699900014, 21.474822999000136], [91.90995, 21.47399300000012], [91.91279600100006, 21.47556500000013], [91.91227699900014, 21.474822999000136]]], [[[91.85074600000013, 21.525202], [91.84992200000016, 21.523487], [91.84763300000014, 21.525372], [91.85074600000013, 21.525202]]], [[[91.8696900000001, 21.566793000000136], [91.86325800000014, 21.560341], [91.86084000000011, 21.57185], [91.8696900000001, 21.566793000000136]]], [[[91.99166900000017, 21.600834], [91.99639100100018, 21.607779], [91.998611, 21.601666998999974], [91.99166900000017, 21.600834]]], [[[91.98444399900018, 21.64833300000015], [91.979721, 21.654722000000163], [91.98999800100017, 21.656666], [91.98444399900018, 21.64833300000015]]], [[[91.87376403900015, 21.923412323000147], [91.89552307100018, 21.86653328000011], [91.843246459, 21.737573624000163], [91.84633636400014, 21.899351120000116], [91.87376403900015, 21.923412323000147]]], [[[91.87638899900008, 22.046111999000118], [91.87666299900019, 22.045694001000186], [91.87579300100015, 22.045923000000187], [91.87638899900008, 22.046111999000118]]], [[[91.57055664100017, 22.450000763000105], [91.55613708500006, 22.399442672000134], [91.51020813000014, 22.387212754000075], [91.47774505700005, 22.402431489000094], [91.4416732790001, 22.455001830000132], [91.40611300000012, 22.575560000000166], [91.41416900000019, 22.59778000000017], [91.448608, 22.61639], [91.50360870400016, 22.5611095430001], [91.57055664100017, 22.450000763000105]]], [[[91.31749725300017, 22.649444578999976], [91.3480680000002, 22.713054999000175], [91.37277984600007, 22.691110612000156], [91.36110687400009, 22.661390304000125], [91.3777771, 22.680280686000117], [91.40481567400008, 22.652391435000084], [91.38722229000012, 22.606109619000048], [91.31749725300017, 22.649444578999976]]], [[[91.29555500100015, 22.70944200100018], [91.32972000100006, 22.72361400100004], [91.3480680000002, 22.713054999000175], [91.3174971270002, 22.649551058000043], [91.29555500100015, 22.70944200100018]]], [[[91.45555899900006, 22.73889], [91.45597799900008, 22.739587999000094], [91.45619199900005, 22.73753500000015], [91.45555899900006, 22.73889]]], [[[91.45555900000016, 22.74222], [91.45555881800016, 22.74360997100018], [91.45578000000017, 22.741438000000127], [91.45555900000016, 22.74222]]], [[[91.45472000000018, 22.750555], [91.45478800000012, 22.75083700000016], [91.454826, 22.750450000000114], [91.45472000000018, 22.750555]]], [[[91.42534026400006, 22.75646460400003], [91.42111200000016, 22.749445], [91.4075010000002, 22.75556000000012], [91.42534026400006, 22.75646460400003]]], [[[91.43472300000013, 22.776667], [91.42361500000015, 22.791113000000166], [91.42665900000014, 22.793816000000163], [91.43472300000013, 22.776667]]]]}}, {"type": "Feature", "properties": {"division": "Dhaka"}, "geometry": {"type": "MultiPolygon", "coordinates": [[[[90.12667083700012, 23.005699158000024], [90.09477996700008, 23.00684165900015], [90.08378601200019, 22.981069564], [90.05824279800004, 22.97128486600008], [90.05721282900004, 22.93249893299998], [90.03480529700016, 22.93384170600018], [90.01551056000005, 22.86827468900003], [89.95591735800008, 22.85339164800007], [89.922309875, 22.86406517100011], [89.9194564820001, 22.881057740000127], [89.85055542000003, 22.888254165000095], [89.86536407400018, 22.902685166000136], [89.80114746000015, 22.941066742000032], [89.79714202800017, 22.99587249800004], [89.76109314100007, 23.00891113300014], [89.74677276700004, 23.04863739000007], [89.72857666000004, 23.055473328000065], [89.73493194500014, 23.074218751000046], [89.67324829200015, 23.120920182000138], [89.68026733400006, 23.133569717], [89.70468139700012, 23.113510132000044], [89.73857116800008, 23.12959861900009], [89.7322769160001, 23.168203355000173], [89.76441192600015, 23.18068123000012], [89.73346710100009, 23.186454773000037], [89.69255828900015, 23.162221908000102], [89.68128204300007, 23.198141098], [89.75131225500013, 23.27525138900012], [89.75114879516372, 23.27545950554151], [89.68801116900016, 23.21039199800009], [89.67036437900003, 23.24424552900007], [89.63323211700009, 23.237163544000055], [89.63683319100016, 23.26161575300006], [89.66905975300011, 23.278343201000155], [89.62326812700007, 23.294715881000172], [89.62100982700008, 23.307718278000152], [89.64536285300017, 23.29854774600005], [89.60372924700005, 23.339361191000027], [89.5994110100001, 23.37915992800004], [89.61758422900016, 23.38689422600015], [89.60535430800013, 23.473812103000114], [89.52607727100019, 23.513109207000127], [89.50843048100006, 23.50683784600017], [89.50695037899999, 23.47733497600018], [89.49031829800009, 23.482192994000116], [89.50061798000019, 23.52013015900019], [89.53740692200017, 23.535053253000168], [89.49890136699997, 23.558645249000108], [89.50589199262815, 23.58198673229293], [89.49732208300009, 23.579061508000166], [89.47101593000014, 23.596658707000184], [89.48078155600007, 23.626649858000174], [89.43975067100007, 23.640336991000137], [89.43948364300019, 23.658887863000075], [89.4117736820001, 23.681678772000108], [89.37516021700014, 23.664712906000034], [89.3491439820001, 23.671100616000103], [89.29815673800005, 23.736022950000063], [89.32305145200013, 23.766414642000086], [89.311073303, 23.776165009000124], [89.330192566, 23.77854156500013], [89.36460113400005, 23.91070365900015], [89.52252960200019, 23.81679535], [89.66615295399998, 23.80920601000003], [89.7327423100001, 23.83536911100003], [89.70383453300019, 23.877096176000066], [89.6970138550002, 23.86654472400016], [89.70230865400015, 23.895524979000186], [89.68392944300014, 23.93936157200017], [89.69924163800005, 23.997295381000015], [89.78321194853659, 24.034369161739424], [89.78431701700015, 24.040792464], [89.82493591300012, 24.087945939000175], [89.82060241700003, 24.13998031699998], [89.77995300200013, 24.166492462000065], [89.79853820800008, 24.17520904500003], [89.78304290700004, 24.236726761000057], [89.79016113300014, 24.276016236000032], [89.75167083700012, 24.350679398000068], [89.7659912100001, 24.37583541900005], [89.74237823400011, 24.47047996600014], [89.75815582300005, 24.499551774000057], [89.73432922400013, 24.519117356000095], [89.76994323800005, 24.540052414000172], [89.77319336, 24.564577103000087], [89.81153869700006, 24.566675187000158], [89.82705688400017, 24.608594894000188], [89.85326385500008, 24.619878770000184], [89.84237671000011, 24.644508362000177], [89.86881256100014, 24.64900779700008], [89.87805938700012, 24.67904472500004], [89.89940643200009, 24.68149566700015], [89.87998962500018, 24.708265304], [89.88033294600007, 24.74156379700014], [89.90742492800007, 24.734481812000066], [89.93573761, 24.757169723000118], [89.98133850100015, 24.724895478000064], [90.02664947500001, 24.7739772810001], [90.07578277700014, 24.78787422199997], [90.09802246100014, 24.75634574900016], [90.09037780800008, 24.737192154000187], [90.13280487100013, 24.73422241300005], [90.14807891900006, 24.63475990200004], [90.1247406010001, 24.596311570000125], [90.15081024200003, 24.57472801200004], [90.17433929500004, 24.51784515400016], [90.18664550700004, 24.522935867000115], [90.24359130800003, 24.481271745000186], [90.20964813200015, 24.459644319000063], [90.229225159, 24.41995239400012], [90.24900054900007, 24.41530418400015], [90.22883605900019, 24.34757042000007], [90.26116180400004, 24.291648864000134], [90.29732961187793, 24.272210250286452], [90.29049682600004, 24.277774811000143], [90.32535552900009, 24.299188615000052], [90.35928344700011, 24.3001365670001], [90.36249542200005, 24.28100586000005], [90.40242767300009, 24.282688142000154], [90.44287109400005, 24.34113311800013], [90.52922058200011, 24.30314064000009], [90.52106475800014, 24.287702562000106], [90.57290649400016, 24.24645042400016], [90.62242126500013, 24.26861000200012], [90.64968331597575, 24.257681619525563], [90.61791229300007, 24.33918762200011], [90.64601135200002, 24.41645431500018], [90.63359832800006, 24.435094833000107], [90.58744049000013, 24.448074342000098], [90.57377624500009, 24.482130050000084], [90.60429382300003, 24.499095917000034], [90.67823028500015, 24.466995239000028], [90.68215942400009, 24.50227546700006], [90.70326995800008, 24.517736436000067], [90.72188568100017, 24.471019745000145], [90.74283599900008, 24.509668350000084], [90.79415893500015, 24.50803565900008], [90.8206176770002, 24.58846092300007], [90.90724945099998, 24.59462738100012], [90.92747497600004, 24.61586189400015], [90.9386901850001, 24.601848602000132], [91.0183486950001, 24.60311698900017], [91.02996826200007, 24.62995719900016], [91.03823089600019, 24.61097908000011], [91.07318878200016, 24.61895751900005], [91.10459136900005, 24.599710465000044], [91.12887573200004, 24.610069275000058], [91.12969207700013, 24.6420364380001], [91.19190979000012, 24.63849830700019], [91.1788482660001, 24.616563797000087], [91.20002746600011, 24.609411239000107], [91.20604705800008, 24.577037812000185], [91.23394012500006, 24.56878471300007], [91.21085357600003, 24.52085495000017], [91.15007019000006, 24.479093553000098], [91.19300842200005, 24.481309891000137], [91.19031524600013, 24.465723038000192], [91.21849822900009, 24.485103607000156], [91.23159790000011, 24.474649429000067], [91.24211883600003, 24.427251816000137], [91.21710205100004, 24.432476043000122], [91.21381378200005, 24.402744293000183], [91.2375183100001, 24.406785965000097], [91.25579071099997, 24.37934303300017], [91.21245575000013, 24.359054565000182], [91.23713684000012, 24.319314958000067], [91.17509460500014, 24.32025146500018], [91.15855407700008, 24.282718658000196], [91.19593048100018, 24.293197632000044], [91.18832397500017, 24.275289535000073], [91.13764953500004, 24.244163514000093], [91.08510589600013, 24.241121292000116], [91.09052276700004, 24.211669922000112], [91.03993225100015, 24.21182632400007], [90.98915863000013, 24.161802292000175], [90.99648285000006, 24.13894081100017], [91.04978180000006, 24.102096557000042], [91.04160308900003, 24.06596565400008], [90.96845529007902, 24.032832206320773], [90.98600769000018, 24.030616760000044], [90.96587371800018, 24.00540542600004], [90.97278595000012, 23.96943092300006], [90.90922546400016, 23.86801147500006], [90.85810089100005, 23.87903785700007], [90.83251190200014, 23.863075257000048], [90.76665496800007, 23.864208222000062], [90.76665496800007, 23.80464363100009], [90.73461151200019, 23.76283645700005], [90.74084257343517, 23.786765872865843], [90.72145843500016, 23.73723030200017], [90.73844146600015, 23.680912018000072], [90.72029876600004, 23.661584855000115], [90.67650604200004, 23.680034637000063], [90.64011383100012, 23.674678803000116], [90.62692260800014, 23.614049911999984], [90.59906613371986, 23.602633695678406], [90.65305328500011, 23.62040329000007], [90.66678619400017, 23.58959388700003], [90.64727783200004, 23.589153291000173], [90.6469955440001, 23.575990677000167], [90.68728637700019, 23.55737113900005], [90.70954895000006, 23.505622864000028], [90.682106019, 23.489505769000058], [90.64131927500006, 23.503704072000065], [90.576339722, 23.49582862800003], [90.57762146000005, 23.451490402000157], [90.53868866100004, 23.379348755000137], [90.5376067970281, 23.379726907979347], [90.58296966600005, 23.350933075], [90.59174346900011, 23.333751678000112], [90.55113220200013, 23.296216964000113], [90.6086883540001, 23.211671830000114], [90.55532097100007, 23.133491916000086], [90.555367, 23.10730900000016], [90.52986145, 23.097196578000084], [90.4844436640002, 23.026945114000057], [90.41278076100019, 23.004720686999974], [90.42164611900006, 23.039918899000156], [90.34446720598369, 23.06114852214874], [90.34878540000005, 23.05674743700007], [90.31575012200017, 23.05287933400018], [90.32944488600015, 23.007350923], [90.31987762500017, 22.981460572000064], [90.2379302980001, 22.966190338999983], [90.23679351900006, 23.044500351000124], [90.21376800500008, 23.06990051400004], [90.20116424500014, 23.05378723100011], [90.16448974600013, 23.067483903000042], [90.12245951402603, 23.02901997069835], [90.12560272200011, 23.026979447000144], [90.14377594000013, 23.047836305000093], [90.12667083700012, 23.005699158000024]], [[89.7643737800002, 23.978229523000092], [89.7740547631538, 23.98114226086485], [89.78172601916737, 24.02573207382041], [89.7643737800002, 23.978229523000092]], [[89.79314222414581, 23.986885145599942], [89.7929534910001, 23.986955644000094], [89.79259017757704, 23.986719050181904], [89.79314222414581, 23.986885145599942]], [[89.89156946501348, 23.971193173832773], [89.87615966800008, 23.994194031000116], [89.8715578113878, 23.987403073441556], [89.89156946501348, 23.971193173832773]], [[89.89291381800007, 23.970104216999967], [89.90704345700004, 23.998628616000133], [89.89263616737985, 23.97032912038698], [89.89291381800007, 23.970104216999967]], [[89.94712829600013, 24.004240036000056], [89.94713224608101, 24.00431236610981], [89.90704345700004, 23.998628616000133], [89.94712829600013, 24.004240036000056]], [[89.96677398600008, 24.014339447], [89.9668065667571, 24.014446790982575], [89.94844055200014, 24.02826881500005], [89.96677398600008, 24.014339447]], [[89.97262484351285, 24.03361629641695], [89.97210693400007, 24.03603553900018], [89.96719416002196, 24.01572379644468], [89.97262484351285, 24.03361629641695]], [[89.97714233500005, 24.011903763000134], [89.97730743642276, 24.011743116086762], [89.9772473649013, 24.012023720283405], [89.97714233500005, 24.011903763000134]], [[89.99043274000007, 23.998971939], [90.0002919964637, 24.004133768910023], [89.97747962565519, 24.011575572595913], [89.99043274000007, 23.998971939]], [[90.01204998098159, 24.01028968101048], [90.00860832054008, 24.011122015835916], [90.00789061639534, 24.008112038851852], [90.01204998098159, 24.01028968101048]], [[90.02470397900015, 24.021039963000195], [90.01652526800018, 24.044324874999973], [90.01493806221006, 24.03766829800747], [90.02470397900015, 24.021039963000195]], [[90.14769744900013, 24.033506393000152], [90.14875460483913, 24.03228345015465], [90.15005850841825, 24.03691506268473], [90.147689819, 24.03358459400016], [90.1081771850001, 24.017570496000136], [90.14769744900013, 24.033506393000152]], [[90.23986053500016, 24.00928115800008], [90.24035405776405, 24.0116473047454], [90.23973726433447, 24.009293358901264], [90.23986053500016, 24.00928115800008]], [[90.24630669924032, 24.032110970728386], [90.24603271500018, 24.033319474000052], [90.24586241366417, 24.032669531729397], [90.24630669924032, 24.032110970728386]], [[90.25006866400008, 23.991867066000054], [90.26013183600008, 23.971130372000058], [90.253592031198, 23.99997646729209], [90.25006866400008, 23.991867066000054]], [[90.45797447540092, 23.895178073779448], [90.45780181800012, 23.89644622800012], [90.45562733912762, 23.895876762950177], [90.45797447540092, 23.895178073779448]], [[90.46456146200006, 23.844446183000173], [90.48778534000013, 23.817638397000053], [90.47126769900007, 23.847309113000108], [90.50130992351002, 23.857571443762463], [90.464332581, 23.848478318000108], [90.46393468060008, 23.851400863278933], [90.46456146200006, 23.844446183000173]], [[90.44873809800015, 23.666685104000127], [90.4721583749862, 23.632725703450724], [90.472846985, 23.63312149100017], [90.45469561964289, 23.67067340072007], [90.44873809800015, 23.666685104000127]], [[90.39675831846792, 23.643327967860714], [90.4313155789394, 23.60644390884319], [90.43019103900008, 23.608604432000106], [90.39675831846792, 23.643327967860714]], [[90.39047241300017, 23.64985656800008], [90.38636566470822, 23.648686428773892], [90.3906953815498, 23.649624990781536], [90.39047241300017, 23.64985656800008]], [[90.28613281200012, 23.673889161000147], [90.33899688600019, 23.638418197000195], [90.34192964443282, 23.639053937336843], [90.28613281200012, 23.673889161000147]], [[90.17705536000011, 23.555578232000133], [90.174464141242, 23.52633527019809], [90.17645263700007, 23.52684593100002], [90.1771586439899, 23.555613847416566], [90.17705536000011, 23.555578232000133]], [[90.18200681800016, 23.498037121000042], [90.23281513352427, 23.471692076345274], [90.1688071527009, 23.51501735344458], [90.18200681800016, 23.498037121000042]], [[90.2813873290001, 23.446506501000155], [90.27792914380136, 23.439854152991646], [90.2947963401116, 23.448181298612152], [90.25893336189043, 23.458149295296305], [90.2813873290001, 23.446506501000155]], [[90.40320529316399, 23.400409460476748], [90.3602218630001, 23.429996490000065], [90.3253876700946, 23.439678539193963], [90.40320529316399, 23.400409460476748]], [[90.40391540500013, 23.40005111700015], [90.41364373726897, 23.405692676319866], [90.40365379370924, 23.40018313381035], [90.40391540500013, 23.40005111700015]], [[90.43395588950943, 23.41595687819092], [90.43291473400012, 23.416320802000087], [90.43267266652873, 23.416187299641862], [90.43395588950943, 23.41595687819092]], [[89.72870636100004, 23.303867340000178], [89.73284759536477, 23.29876053464403], [89.72889562199487, 23.30379217451006], [89.72870636100004, 23.303867340000178]], [[89.82685852000009, 23.347860336000053], [89.76461029100011, 23.289608002000023], [89.8272212541638, 23.347420908932584], [89.82685852000009, 23.347860336000053]], [[89.96059417700008, 23.328968049000025], [89.92157685263594, 23.308685824493953], [89.92217254600013, 23.308504105000054], [89.96059417700008, 23.328968049000025]], [[90.0259792452581, 23.27176399001643], [90.03056327341133, 23.32809726080143], [90.01893615800014, 23.286767959000144], [90.00393161729792, 23.30329368825958], [90.0037689200002, 23.303056717000175], [90.0259792452581, 23.27176399001643]], [[90.03407287500016, 23.340572357000042], [90.03302016638834, 23.33683043904461], [90.06759643600003, 23.305185319000092], [90.03407287500016, 23.340572357000042]], [[90.1022644050001, 23.333372117000064], [90.0874536497141, 23.310620675985486], [90.09252166700009, 23.312007904000158], [90.1022644050001, 23.333372117000064]], [[90.08406400360818, 23.349135507187], [90.08403778100012, 23.349016190000157], [90.1022644050001, 23.333372117000064], [90.08406400360818, 23.349135507187]], [[90.11058373139764, 23.065786667695615], [90.11483764700017, 23.033967973000188], [90.11955192324183, 23.030907535233954], [90.11058373139764, 23.065786667695615]], [[90.13162231400008, 23.07070350700013], [90.11048126300017, 23.066553117000126], [90.11050070216977, 23.066407714725976], [90.13162231400008, 23.07070350700013]], [[89.93614108221082, 23.11813785387701], [89.93612670800007, 23.118062973000065], [89.98422241200012, 23.110494614000114], [89.93614108221082, 23.11813785387701]], [[89.96658325200008, 23.164606094000195], [89.94364166200012, 23.157211303], [89.9433764952375, 23.155829945785047], [89.96658325200008, 23.164606094000195]], [[90.02379855669547, 23.244965437479344], [90.0216449855368, 23.239410502147567], [90.02342987100008, 23.24043464700009], [90.02379855669547, 23.244965437479344]], [[90.22078668058023, 23.411453126244016], [90.22055053800005, 23.411380768000072], [90.22085093272283, 23.41116096571021], [90.22078668058023, 23.411453126244016]], [[90.24401855500014, 23.31683921800004], [90.22771453900009, 23.263183594], [90.22783828730583, 23.262887213631007], [90.24401855500014, 23.31683921800004]], [[90.25031280500008, 23.23498535200014], [90.22790522863099, 23.262726887438802], [90.2471923820001, 23.21653366000004], [90.25031280500008, 23.23498535200014]], [[90.35449981700009, 23.138946534000183], [90.33616638100017, 23.069608688000073], [90.34305447008524, 23.0625883766245], [90.35449981700009, 23.138946534000183]], [[89.89770507800019, 23.67369079700006], [89.90156597480154, 23.672517755367075], [89.89751583294088, 23.673951657794547], [89.89770507800019, 23.67369079700006]], [[90.009930162201, 23.639593875272862], [90.0447616580002, 23.62901115400013], [90.01124657084345, 23.642336777372552], [90.009930162201, 23.639593875272862]], [[89.7808734442791, 23.797819589466645], [89.78090667700008, 23.797700883000125], [89.78155787445499, 23.79709007846653], [89.7808734442791, 23.797819589466645]], [[89.8473052980001, 23.702671050000102], [89.84422302200011, 23.713033676000066], [89.84636688200004, 23.701068878000058], [89.8473052980001, 23.702671050000102]], [[89.72139521744043, 23.67258219716072], [89.72130584700017, 23.672597886000176], [89.72843170300003, 23.618984223000155], [89.72139521744043, 23.67258219716072]], [[89.74131774900007, 23.583221434999984], [89.7415477653408, 23.583470959326757], [89.7119979850001, 23.596801759000073], [89.74131774900007, 23.583221434999984]], [[89.66975402800006, 23.58518028200018], [89.66501617400007, 23.60883331300011], [89.66096435654227, 23.606403363162507], [89.66975402800006, 23.58518028200018]], [[89.6464767450001, 23.590871811000056], [89.65454162134942, 23.60255153012676], [89.6335303742305, 23.589950696783184], [89.6464767450001, 23.590871811000056]], [[89.59731267847093, 23.607683571874645], [89.61923980600011, 23.58893394500012], [89.62701499298133, 23.589487137504392], [89.59767150800008, 23.60838890200006], [89.59731267847093, 23.607683571874645]], [[89.593734741, 23.594646453000106], [89.59547082250639, 23.60406314380799], [89.59125932352639, 23.5957848476744], [89.593734741, 23.594646453000106]], [[89.56801558044957, 23.602273777601116], [89.56398010200007, 23.603818892999985], [89.56173985600458, 23.59878580675494], [89.56801558044957, 23.602273777601116]], [[89.54611206000011, 23.559928894000052], [89.54644183725523, 23.564416256313393], [89.54488415634229, 23.56091666636083], [89.54611206000011, 23.559928894000052]], [[89.54099156842312, 23.564048011995265], [89.5204391490002, 23.586952210000046], [89.51487867440103, 23.58505421619583], [89.54099156842312, 23.564048011995265]], [[90.07423400900007, 23.959842681000055], [90.06832885800003, 23.90826225400002], [90.06934260622545, 23.907943410677213], [90.07423400900007, 23.959842681000055]], [[90.15073708486025, 23.828179598467898], [90.15087890600017, 23.827955246000048], [90.18540954600019, 23.818302156000186], [90.15073708486025, 23.828179598467898]], [[90.25568389900008, 23.715591431000064], [90.21855926500001, 23.7483139040001], [90.25472800344282, 23.71560522368103], [90.25568389900008, 23.715591431000064]], [[90.14594496755196, 23.74796205676018], [90.14568328800016, 23.748155594000142], [90.11470031800008, 23.717157364], [90.14594496755196, 23.74796205676018]], [[90.30083465500019, 24.269355774000132], [90.30025493254426, 24.269827894868648], [90.29069469900291, 24.228792377096614], [90.30083465500019, 24.269355774000132]], [[90.22594926434103, 24.162420978758295], [90.29001617300014, 24.22607803400013], [90.29004238519096, 24.226182891999546], [90.22600555399998, 24.16263961900006], [90.22594926434103, 24.162420978758295]], [[90.23043060400005, 24.106035234000046], [90.21719360300017, 24.128412247000142], [90.22991816676362, 24.1058223810365], [90.23043060400005, 24.106035234000046]], [[90.17700195300006, 24.074798585000053], [90.17314806856858, 24.107343952655402], [90.17284393300008, 24.107492447000084], [90.17700195300006, 24.074798585000053]], [[90.44184112500017, 23.586221696000166], [90.43826759729284, 23.59308733864531], [90.4289855950002, 23.566589356000065], [90.44184112500017, 23.586221696000166]], [[90.44825744600018, 23.550514222000174], [90.45194409219822, 23.55176110866268], [90.4289855950002, 23.566589356000065], [90.44825744600018, 23.550514222000174]], [[90.57641963903203, 23.534431879879318], [90.52304840100004, 23.571899415000075], [90.51981341533043, 23.57090484290911], [90.57650756800007, 23.534112931000152], [90.57641963903203, 23.534431879879318]], [[90.5589218140002, 23.586181641000167], [90.57538708932087, 23.53817729598479], [90.56182506625821, 23.58737145976474], [90.5589218140002, 23.586181641000167]], [[90.50217234147979, 23.85786604306746], [90.50227356, 23.85790061900019], [90.52567291300011, 23.896514893000187], [90.50217234147979, 23.85786604306746]], [[90.57061767500005, 23.895023346000134], [90.56685076725584, 23.89295500266726], [90.58194880882522, 23.89164975320246], [90.56039428800017, 23.91109466600011], [90.57061767500005, 23.895023346000134]], [[90.61809539700016, 23.968418123000106], [90.65797424300018, 24.013473511000146], [90.65791515638224, 24.01362308956566], [90.61809539700016, 23.968418123000106]], [[90.65663147000015, 24.092304230000074], [90.70266723700007, 24.10578918500005], [90.69998995403685, 24.10679142398371], [90.65663147000015, 24.092304230000074]], [[90.68289184600013, 24.244369506000112], [90.72223663400018, 24.23528099000004], [90.65517912387159, 24.255478546442543], [90.68289184600013, 24.244369506000112]], [[90.76898037804163, 24.25001423072833], [90.7934036260001, 24.21931648200007], [90.77059936500001, 24.25052452200009], [90.76898037804163, 24.25001423072833]], [[90.94367218100007, 24.084508895], [90.91211329207003, 24.075136058168162], [90.91255188000008, 24.074893952000025], [90.94402553116173, 24.084153016155426], [90.94367218100007, 24.084508895]], [[90.96792602500005, 24.060081483000037], [90.96175384500009, 24.033678056000042], [90.96678508398197, 24.033043018059864], [90.96792602500005, 24.060081483000037]], [[90.74104555741606, 23.787545401063944], [90.74105072100014, 23.787565231000148], [90.67714691100002, 23.82884597800006], [90.74104555741606, 23.787545401063944]], [[90.6365356440001, 23.82429122900004], [90.66242980900006, 23.839723587000037], [90.6610834735468, 23.84050854160719], [90.6365356440001, 23.82429122900004]], [[90.64812157922108, 23.855200943095348], [90.65116119400017, 23.862159729000158], [90.63537219549511, 23.86710981949652], [90.64812157922108, 23.855200943095348]], [[90.63337011896024, 23.867737500854844], [90.63284301800013, 23.867902755000156], [90.61415370103434, 23.839608185186286], [90.63337011896024, 23.867737500854844]], [[90.59635295016683, 23.852671081885916], [90.59585571200006, 23.852102280000107], [90.60948181100014, 23.83276939400014], [90.60951165113137, 23.832813074485973], [90.59635295016683, 23.852671081885916]], [[90.60842503225776, 23.880279021843354], [90.61077117900004, 23.885240555000106], [90.60615069008263, 23.884549941614676], [90.60842503225776, 23.880279021843354]]], [[[90.55452700000018, 23.069959999000105], [90.52900700100014, 23.086851001000014], [90.55982200100016, 23.07861299900003], [90.55452700000018, 23.069959999000105]]], [[[90.53891000000016, 23.09849400000013], [90.554008, 23.104679000000147], [90.55847900000015, 23.091347000000155], [90.53891000000016, 23.09849400000013]]]]}}, {"type": "Feature", "properties": {"division": "Khulna"}, "geometry": {"type": "MultiPolygon", "coordinates": [[[[89.21100599900018, 21.652702000000147], [89.23223100000018, 21.696750999000127], [89.24666600000012, 21.688939999000127], [89.27746600000012, 21.69588100100009], [89.29500600000011, 21.685710999000097], [89.258667, 21.65829999900018], [89.21100599900018, 21.652702000000147]]], [[[89.28795600000018, 21.741730000000192], [89.281342, 21.705713000000117], [89.23750300000012, 21.695431000000102], [89.22003200000012, 21.746820000000127], [89.26725, 21.757261], [89.28795600000018, 21.741730000000192]]], [[[89.288071, 21.772476], [89.287712, 21.771534], [89.28671300000013, 21.771872000000144], [89.288071, 21.772476]]], [[[89.28592700000013, 21.78848100000016], [89.28922300000016, 21.78437800000017], [89.290291, 21.774963], [89.28592700000013, 21.78848100000016]]], [[[89.04402900000014, 21.7870200000001], [89.060211, 21.853771], [89.032417, 21.911200000000175], [89.05146800000017, 21.922491], [89.084106, 21.85697], [89.0839610000001, 21.795666], [89.14569100000011, 21.751825], [89.13571900000017, 21.720598000000166], [89.10804700000011, 21.720871], [89.04402900000014, 21.7870200000001]]], [[[89.28784900000016, 21.840021], [89.28577400000012, 21.841028000000108], [89.29100000000011, 21.8406260000001], [89.28784900000016, 21.840021]]], [[[89.263557, 21.835583], [89.287811, 21.753738], [89.2594220000002, 21.761053], [89.21904000000012, 21.750118000000157], [89.190292, 21.78249], [89.18206800000014, 21.812572], [89.21298200000018, 21.913660000000107], [89.15178700000018, 21.92647], [89.13983900000017, 21.94536], [89.170555, 21.99555800000013], [89.164482, 22.020292], [89.19586200000015, 22.001690000000167], [89.24189000000018, 21.985090000000127], [89.20340000000016, 21.961735], [89.20948000000016, 21.93670100000014], [89.28533900000014, 21.90579], [89.267624, 21.883955], [89.263557, 21.835583]]], [[[89.30722000000014, 21.857941], [89.29814100000016, 21.81772400000017], [89.28093700000011, 21.83411], [89.293045, 21.841486], [89.27674100000019, 21.874731], [89.293335, 21.911667], [89.26075000000014, 21.915930000000174], [89.209618, 21.951862000000116], [89.250511, 21.982334], [89.21824600000014, 22.00787500000013], [89.25245700000016, 22.056641], [89.224709, 22.09369500000014], [89.26095600000014, 22.080873], [89.294136, 22.085588], [89.279335, 22.048321], [89.359337, 21.914808], [89.359329, 21.898401], [89.30722000000014, 21.857941]]], [[[89.17244000000017, 22.062654], [89.146439, 22.041943], [89.16250600000018, 21.994101000000168], [89.132225, 21.96222100000011], [89.13862600000016, 21.923800000000142], [89.201317, 21.912588], [89.184998, 21.83580000000012], [89.15365600000013, 21.79402000000016], [89.09903700000018, 21.813391000000138], [89.101112, 21.867167000000165], [89.07933, 21.904221], [89.0948640000002, 21.94658500000014], [89.091339, 22.009361000000187], [89.047218, 22.09754], [89.09970900000013, 22.145851], [89.09417000000013, 22.1625], [89.070274, 22.155001], [89.076111, 22.194445000000144], [89.08361100000013, 22.178612000000157], [89.125206, 22.151531000000144], [89.139664, 22.127930000000163], [89.11638600000015, 22.128611], [89.115837, 22.118891000000136], [89.146667, 22.076939000000152], [89.17244000000017, 22.062654]]], [[[89.207001, 22.12605300000013], [89.22663100000011, 22.1338980000001], [89.21221900000012, 22.143190000000118], [89.24553700000014, 22.161238], [89.226517, 22.19956000000019], [89.24833700000016, 22.21528100000012], [89.30166600000013, 22.21417], [89.312767, 22.188332], [89.271393, 22.149443], [89.25382200000013, 22.103180000000123], [89.216942, 22.09861000000018], [89.207001, 22.12605300000013]]], [[[89.31416300000012, 22.279167001000076], [89.31402600000018, 22.279081000000186], [89.31416300000012, 22.279419], [89.31416300000012, 22.279167001000076]]], [[[89.288071, 22.258621000000176], [89.30860900000016, 22.229721000000154], [89.246391, 22.22417100000013], [89.25026700000012, 22.267502], [89.2702790000002, 22.285555], [89.22277832100008, 22.306161881000097], [89.2195660000001, 22.301174000000113], [89.23000300000018, 22.2888890000001], [89.26083400000016, 22.283333], [89.243057, 22.263611], [89.241631, 22.217121000000134], [89.222221, 22.200832000000105], [89.24133300000011, 22.161242000000186], [89.21095300000013, 22.147491], [89.20960200000013, 22.14013100000017], [89.22265600000021, 22.133369], [89.20047000000017, 22.129814], [89.21555300000011, 22.0875], [89.2452770000001, 22.056944], [89.20276600000011, 22.002220000000133], [89.186943, 22.02444500000018], [89.15334300000018, 22.03611], [89.17668200000014, 22.067501000000167], [89.127777, 22.105280000000167], [89.118332, 22.125553000000135], [89.136673, 22.123610000000102], [89.14305900000011, 22.127781], [89.12834200000015, 22.15167000000014], [89.082748, 22.182091], [89.08031463500015, 22.197149277000165], [89.03720855799997, 22.23637771600005], [89.03455352800006, 22.257978440000105], [89.01602172800007, 22.25351333599997], [89.01943969700017, 22.26889801000016], [88.99537658700012, 22.28673553500016], [89.02533721900016, 22.295612336000033], [88.98553500100013, 22.326063001000023], [88.99082183900003, 22.39083290100018], [88.97348785400017, 22.40883445700018], [89.00219726500012, 22.428903580000053], [88.99711608899997, 22.469690323000126], [88.96144104000007, 22.550018309999984], [88.93846893300014, 22.560352326999976], [88.93872833300014, 22.591703416000087], [88.96076202300014, 22.616031646], [88.934746, 22.618231], [88.92938200000015, 22.649652], [88.9623179160002, 22.69510808399997], [88.927917481, 22.71816444400008], [88.91098022500017, 22.757862092000153], [88.958443, 22.79421], [88.968506, 22.844145], [88.94608307000016, 22.88008117700008], [88.9097900650001, 22.87980296899997], [88.89559173600016, 22.9144325260001], [88.92797721723734, 22.91498163854714], [88.89698791500012, 22.92674064600004], [88.89405822700019, 22.952484132000052], [88.85994720399998, 22.942220688000134], [88.85585785000006, 22.95425796500018], [88.87107849100005, 22.978746415000103], [88.865585328, 23.00038337700011], [88.84777832100008, 23.005493164000026], [88.87841796900017, 23.00378418100013], [88.88442230300012, 23.037166595000144], [88.8612976070001, 23.078878402000043], [88.93135070700004, 23.13858032200011], [88.9390106210002, 23.176918031000017], [88.96179962200011, 23.193222045000084], [88.98036193900003, 23.182657243000108], [88.97966766400003, 23.212646485], [88.99599456900012, 23.21449661200006], [88.97554779100011, 23.224569321000104], [88.9474639900002, 23.206590652000155], [88.91478729300007, 23.213224410000127], [88.91217803900014, 23.23402786200012], [88.8903732300002, 23.23110389800013], [88.90217167222184, 23.247969245828443], [88.89090728700006, 23.245330812000073], [88.88627624500003, 23.226102829000123], [88.83681488000002, 23.24381065299997], [88.82423400800002, 23.233753204000156], [88.83093261700014, 23.244689941999983], [88.80953979400016, 23.25335502600018], [88.81140136700009, 23.221673966000083], [88.78079223700018, 23.22116279700015], [88.7694702140002, 23.244962692000172], [88.71949005200014, 23.254688263000105], [88.7244415290001, 23.27190208500008], [88.69624328500004, 23.302232743000047], [88.71072387600015, 23.31300926300014], [88.72494506800012, 23.298334123000018], [88.73056030300012, 23.319862367000155], [88.74501037600015, 23.307123185000023], [88.73218536400003, 23.352636338000025], [88.77396662119577, 23.374382992574162], [88.75987243700018, 23.373548508000113], [88.74876403900015, 23.398149490000094], [88.7644271850001, 23.442110063000026], [88.79541015700016, 23.44360351500012], [88.78725433300019, 23.46957969700003], [88.80042266900011, 23.49763679500012], [88.78655242900004, 23.507390977000057], [88.77085876400014, 23.480171203999987], [88.76168823200004, 23.49084854200009], [88.74342346100003, 23.48056984000016], [88.7240676890001, 23.512599945999966], [88.69822692800017, 23.515947343000107], [88.66162109300012, 23.549730301000064], [88.63753132621372, 23.608094168883117], [88.63705444400007, 23.606876374000137], [88.60639190700017, 23.600330352000128], [88.60623169000013, 23.610500336000143], [88.58168792700019, 23.603000642000097], [88.59371185300012, 23.640913008999973], [88.56215667700008, 23.63718414400012], [88.58055114700011, 23.76519775500003], [88.55577122200015, 23.78445228300012], [88.57748413000007, 23.786409379000073], [88.6020355230001, 23.816513062000126], [88.57534027000014, 23.86243629400019], [88.66754150300005, 23.869594574000075], [88.66423797600004, 23.882497786999977], [88.70418548500015, 23.899250031000182], [88.70154571600011, 23.912267683999968], [88.733383178, 23.91111755300011], [88.73467254600013, 23.96295738200007], [88.76338958700006, 23.96930885400019], [88.73447418200006, 23.962985993000075], [88.73963928100011, 23.984626770000148], [88.76898193400012, 23.984247207000124], [88.75874328600008, 24.008182526000155], [88.7288055410001, 23.99666023400016], [88.74216461200007, 24.03342628400003], [88.72682952899999, 24.053058624000073], [88.73763275200008, 24.059429170000154], [88.72354889000007, 24.068738939000127], [88.72770691000005, 24.10092353900018], [88.70026397600009, 24.09478378400007], [88.69303894000006, 24.111324310000157], [88.74639129500014, 24.14717102100008], [88.73342132500005, 24.1939201350001], [88.78732299800009, 24.133012771000097], [88.84371948300014, 24.125879289000185], [88.86206817600015, 24.10705947900016], [88.88112640400016, 24.11522674500003], [88.874038697, 24.099113465000134], [88.93955993700018, 24.132076264000148], [89.00718689100012, 24.1179428100001], [89.06281280500014, 23.987371446000054], [89.09861755300017, 23.95986366200009], [89.17004394500009, 23.950992584000062], [89.17765808100017, 23.98739242700009], [89.21627807600004, 23.988491058000136], [89.21651458700018, 23.97154045200006], [89.23700714000012, 23.972887040000103], [89.26387023900008, 23.878662109000057], [89.27877807700008, 23.906053543000155], [89.31223297000014, 23.874301910000156], [89.36077117900015, 23.88277435200007], [89.330192566, 23.77854156500013], [89.311073303, 23.776165009000124], [89.32302093500005, 23.766979218000074], [89.31546783400012, 23.74771118100006], [89.2884926920922, 23.737526520633832], [89.30932617100007, 23.732566834000128], [89.3491439820001, 23.671100616000103], [89.37553486314988, 23.66409626304703], [89.38570404000014, 23.676506042000028], [89.4117736820001, 23.681678772000108], [89.43948364300019, 23.658887863000075], [89.43975067100007, 23.640336991000137], [89.47976684600013, 23.627897264000183], [89.47064971900011, 23.597034454999974], [89.49692535399998, 23.579916000000143], [89.50188446000016, 23.555521011999986], [89.53634643500004, 23.539007186], [89.50001525900012, 23.519334793999974], [89.49448394800015, 23.476158143000077], [89.52607727100019, 23.513109207000127], [89.60596466100009, 23.472686768000184], [89.61758422900016, 23.38689422600015], [89.5994110100001, 23.37915992800004], [89.603256225, 23.341287613000077], [89.64536285300017, 23.29854774600005], [89.62022676732232, 23.30389227677458], [89.66571807900016, 23.282835007000187], [89.63683319100016, 23.26161575300006], [89.63291931200007, 23.237991333000082], [89.66477203500006, 23.24599266100006], [89.68537140000014, 23.227493286000023], [89.68991088800004, 23.163507463000144], [89.73754882800006, 23.18733787500014], [89.76496887200005, 23.17915344300007], [89.7322769160001, 23.168203355000173], [89.73857116800008, 23.12959861900009], [89.70468139700012, 23.113510132000044], [89.67998504500008, 23.13353157100005], [89.67405700700004, 23.118892670000037], [89.73493194500014, 23.074218751000046], [89.72926330700012, 23.054134370000103], [89.74677276700004, 23.04863739000007], [89.76238250600011, 23.007501602000158], [89.79689025800013, 22.996234894000168], [89.80104827800011, 22.941259383999977], [89.78491974000019, 22.982952117000085], [89.78141836732755, 22.981279121056453], [89.79702758700006, 22.943574905], [89.86536407400018, 22.902685166000136], [89.85055542000003, 22.888254165000095], [89.9194564820001, 22.881057740000127], [89.92158508400018, 22.864648819000085], [89.94377899100004, 22.856492996000153], [89.9446868890002, 22.826118470000154], [89.91400146600012, 22.799757005000114], [89.93825531000016, 22.784942626000145], [89.90446472200013, 22.77256393400018], [89.9134140010001, 22.752355576000188], [89.93138122500005, 22.752382278000084], [89.93199920700005, 22.724182129000155], [89.90464019700016, 22.725847244000136], [89.86141204900014, 22.698648451999986], [89.93688201800018, 22.68021774400006], [89.91388702300014, 22.65967750600015], [89.89665222100018, 22.674962998000122], [89.89009857100007, 22.663230895000083], [89.92697143600014, 22.641820907000177], [89.91998291100003, 22.60668373100009], [89.96234893900015, 22.593254089000027], [89.92339324900013, 22.510299684000135], [89.96961975000018, 22.50144195600012], [89.88201100000015, 22.496758], [89.894829, 22.475731000000167], [89.94452843500005, 22.465754916000034], [89.87150600000012, 22.420435000000165], [89.89325000000014, 22.388119], [89.8886110000002, 22.362499000000184], [89.83611297600004, 22.248611451000045], [89.839447, 22.21944400000018], [89.87606000000017, 22.188881], [89.880249, 22.105066], [89.84471900000011, 22.063334000000168], [89.80634300000014, 22.07463100000018], [89.841019, 22.114424000000156], [89.838524, 22.126303000000178], [89.814369, 22.14397600000018], [89.8357930000002, 22.160542000000188], [89.82469900000014, 22.185999], [89.82061, 22.184057], [89.834183, 22.163469], [89.81234000000018, 22.147392], [89.809998, 22.140278], [89.83637200000015, 22.122589000000175], [89.795532, 22.073355000000102], [89.8406910000001, 22.018930000000182], [89.837906, 22.00305900000012], [89.809067, 21.994980000000112], [89.80364200000014, 21.989828000000156], [89.842743, 21.957102], [89.81517, 21.941563], [89.8063580000001, 21.924744], [89.80851000000018, 21.915800000000104], [89.84423800000013, 21.89213], [89.83586100000014, 21.850941], [89.76744100000013, 21.836380000000137], [89.79039800000015, 21.874748000000178], [89.78556800000018, 21.88345100000015], [89.774467, 21.853420000000142], [89.754288, 21.85176100000018], [89.73165900000015, 21.895287000000167], [89.715988, 21.905180000000144], [89.73306300000013, 21.928051000000153], [89.71521, 21.961269], [89.747978, 21.973021], [89.74745200000018, 21.982519], [89.737511, 21.99081], [89.75333400000017, 22.000278], [89.745552, 22.01944], [89.749458, 22.00053], [89.73361200000011, 21.990511000000136], [89.74536900000015, 21.97506], [89.71113600000012, 21.960695000000154], [89.72721100000018, 21.929276], [89.711937, 21.900820000000184], [89.74415600000015, 21.848330000000146], [89.72766100000013, 21.833561], [89.671974, 21.836954], [89.6578830000002, 21.885172], [89.69301600000011, 21.94326000000018], [89.68643200000014, 21.991943000000166], [89.705399, 22.028561], [89.67784900000015, 22.05199800000014], [89.70525400000014, 22.075432], [89.67222600000014, 22.05500000000018], [89.69889100000017, 22.031391], [89.676102, 21.987223], [89.685783, 21.95222100000018], [89.666817, 21.90618300000017], [89.65590700000014, 21.903049], [89.62596900000017, 21.94892300000015], [89.58518200000015, 21.952267], [89.56860400000016, 21.941675000000146], [89.547638, 21.961491000000134], [89.60442400000011, 22.12572100000017], [89.55304700000016, 22.207781], [89.589165, 22.225834], [89.592781, 22.275280000000127], [89.630264, 22.326391], [89.63915252700019, 22.36526489300013], [89.63472747700018, 22.352066039000192], [89.57578277500005, 22.548494339000115], [89.53292799900004, 22.61040700100017], [89.53833007700007, 22.69472312900001], [89.52138500000018, 22.741388], [89.52034759500003, 22.59933280900009], [89.563606262, 22.556680680000056], [89.58583831800007, 22.44194030800014], [89.624733, 22.346939], [89.58082600000017, 22.277498], [89.58472400000011, 22.242224], [89.57238000000012, 22.244995], [89.53944400000012, 22.202499], [89.58304600000014, 22.123291], [89.53231000000011, 21.993105000000185], [89.50908700000014, 22.016127], [89.53383600000012, 22.083469], [89.475281, 22.230278], [89.493614, 22.264166000000163], [89.495277, 22.283890000000156], [89.491943, 22.265833], [89.47978200000017, 22.307287], [89.43333400000017, 22.356695000000116], [89.44832600000018, 22.384171], [89.42252349800009, 22.508369446000074], [89.4367218010001, 22.514324188000042], [89.41194152800011, 22.523889541000187], [89.4277801520002, 22.54694366399997], [89.403335572, 22.574443817000088], [89.40864600000015, 22.590405], [89.400002, 22.578056000000114], [89.3798522960002, 22.586811067000042], [89.42028045600017, 22.54777717500014], [89.40195465200016, 22.51805496200018], [89.43833200000017, 22.384722], [89.419167, 22.353611], [89.478218, 22.27017], [89.415054, 22.23646200000013], [89.432991, 22.279306000000137], [89.408897, 22.30352], [89.419807, 22.320641], [89.40583, 22.309731], [89.407501, 22.299444000000165], [89.42639900000012, 22.276819], [89.40937000000014, 22.258329000000174], [89.407578, 22.242331], [89.41817500000019, 22.225813], [89.39167, 22.22139], [89.402206, 22.208786], [89.390274, 22.199167], [89.41055300000016, 22.194723], [89.42778, 22.164440000000127], [89.40694400000018, 22.153889], [89.405281, 22.129444], [89.379791, 22.117992000000132], [89.37860900000017, 22.0994510000001], [89.3499980000002, 22.11805900000019], [89.350784, 22.13584100000014], [89.329987, 22.130831], [89.33972200000017, 22.156391], [89.323608, 22.193611], [89.341728, 22.214445], [89.32874298100006, 22.21493148800016], [89.3274990000001, 22.201382000000134], [89.29499816999999, 22.253610611000113], [89.3233340000001, 22.283890000000156], [89.28609168086695, 22.287560035860235], [89.314415, 22.28086700000017], [89.288071, 22.258621000000176]], [[89.3076672250403, 23.542352302923735], [89.34330749600014, 23.57568741000006], [89.34355867191235, 23.57705072517213], [89.3076672250403, 23.542352302923735]], [[89.3054046630001, 23.54016494800004], [89.30300140500003, 23.455028533000075], [89.30544075005027, 23.54019983552377], [89.3054046630001, 23.54016494800004]], [[89.25631714000014, 23.440557480000106], [89.26537072238435, 23.433054978565245], [89.2568602178978, 23.44050552560448], [89.25631714000014, 23.440557480000106]], [[89.24596405000011, 23.392536163000045], [89.24741299639388, 23.383548675457995], [89.27117157100008, 23.42797660800011], [89.27108294729888, 23.4280541938889], [89.24596405000011, 23.392536163000045]], [[89.25378591836747, 23.344018878433822], [89.26135775131151, 23.372277248203694], [89.248644215392, 23.375911701823288], [89.25378591836747, 23.344018878433822]], [[89.27896519621993, 23.35385588306566], [89.27497863700012, 23.368383408000113], [89.26215633795431, 23.372048954034955], [89.27896519621993, 23.35385588306566]], [[89.34362030099999, 23.283876418000087], [89.31871032600014, 23.32390975900017], [89.29793935475585, 23.333319198933285], [89.34362030099999, 23.283876418000087]], [[89.43356323300003, 23.23336601400007], [89.42546844400005, 23.258583068000068], [89.455062866, 23.257232667000153], [89.425575256, 23.25871658400007], [89.42288805833216, 23.260766474931685], [89.43356323300003, 23.23336601400007]], [[89.41710662899999, 23.225566864000147], [89.42334747400008, 23.183671952000108], [89.41822484296225, 23.22609681042309], [89.41710662899999, 23.225566864000147]], [[89.38487243600004, 23.085765840000025], [89.38524683659088, 23.085734047864218], [89.3782196050002, 23.135570526000098], [89.38487243600004, 23.085765840000025]], [[89.44399261400015, 23.054738999000165], [89.44579023881822, 23.05305171624939], [89.44398370071418, 23.05506083260107], [89.44399261400015, 23.054738999000165]], [[89.46745300300012, 23.03271865900018], [89.50115622016469, 23.033095592829707], [89.50107574400005, 23.033197404000074], [89.46531894019628, 23.034721728451494], [89.46745300300012, 23.03271865900018]], [[89.54564666800013, 22.97702980000008], [89.54782698383787, 22.978041252103527], [89.54539845095545, 22.977343055196926], [89.54564666800013, 22.97702980000008]], [[89.56259918199999, 22.970378876000098], [89.56492165817434, 22.98295592664943], [89.56087224808742, 22.981791731749407], [89.56259918199999, 22.970378876000098]], [[89.43884277300009, 23.00779342600015], [89.42707824700011, 22.962026596000044], [89.43938815619745, 23.00779172353251], [89.43884277300009, 23.00779342600015]], [[89.35532390275321, 22.88373749624007], [89.35598754800003, 22.88474273700012], [89.34100341800013, 22.920284271000128], [89.35532390275321, 22.88373749624007]], [[89.34887341156343, 22.83375275509648], [89.3527297980001, 22.83461952200008], [89.35739898700018, 22.86293792800018], [89.35387003855718, 22.86432483704001], [89.34887341156343, 22.83375275509648]], [[89.28838348500011, 22.86221122700016], [89.28473058412725, 22.860118255630177], [89.28850101599463, 22.862157049261178], [89.28838348500011, 22.86221122700016]], [[89.20913192061606, 22.816803135990963], [89.24755000475528, 22.83488417493771], [89.24746893496963, 22.838768767209952], [89.20913192061606, 22.816803135990963]], [[89.2483749380001, 22.811059952000164], [89.29874420100009, 22.7879047400001], [89.24840710661628, 22.811270665683157], [89.2483749380001, 22.811059952000164]], [[89.32956643332051, 22.71643954186306], [89.33160400300017, 22.729366302000187], [89.29874420100009, 22.7879047400001], [89.32956643332051, 22.71643954186306]], [[89.30574035600011, 22.71381759600013], [89.30571963870374, 22.713698589265242], [89.32949829100006, 22.716007233000028], [89.32953369665921, 22.7162318537666], [89.30574035600011, 22.71381759600013]], [[89.30039603480598, 22.683118116506122], [89.30057525600012, 22.68296623200007], [89.30436544142113, 22.705919649677206], [89.30039603480598, 22.683118116506122]], [[89.24017334100017, 22.374242783000113], [89.24049618695867, 22.37427691660215], [89.25492859000019, 22.400236129000177], [89.24017334100017, 22.374242783000113]], [[89.27160750187885, 22.35115359835369], [89.27183536500013, 22.35316263400006], [89.27417, 22.347778001000105], [89.27293593953995, 22.346274075061302], [89.2729797360002, 22.34611320500005], [89.27273536377692, 22.346029637205568], [89.27075223500003, 22.343612836000037], [89.27095738614219, 22.345421623464933], [89.2614941155037, 22.342185475570197], [89.26944700000013, 22.340281], [89.276329, 22.345449], [89.26860809300007, 22.37278175500018], [89.26569061986564, 22.372887071024152], [89.27160750187885, 22.35115359835369]], [[89.24861145100004, 22.33778], [89.27694700000018, 22.289721000000156], [89.28367408313396, 22.28813133431032], [89.25259095518634, 22.339140868201543], [89.24861145100004, 22.33778]], [[88.99197965886516, 22.91613649210644], [88.99077286441238, 22.91604637115095], [88.99199676400019, 22.91606712300006], [88.99197965886516, 22.91613649210644]], [[88.99013519200014, 22.94558906600014], [88.99035531808076, 22.94248962785743], [88.996002025413, 22.943577580288295], [88.99013519200014, 22.94558906600014]], [[89.03467544488521, 22.9303181223794], [89.03400077549999, 22.930549437593772], [89.03437805200008, 22.93025970500003], [89.03467544488521, 22.9303181223794]], [[89.04214477600004, 22.94186782900016], [89.03547276368431, 22.930474741038076], [89.0480172358474, 22.93293887258267], [89.04214477600004, 22.94186782900016]], [[89.11380353723797, 22.943635574270093], [89.1007614130001, 22.938388824000185], [89.09988359354907, 22.923789752816766], [89.10142517200006, 22.92271041900011], [89.11380353723797, 22.943635574270093]], [[89.11473846300015, 22.944011688000156], [89.1143547317148, 22.943857315737763], [89.14158630400016, 22.898410798000096], [89.11473846300015, 22.944011688000156]], [[89.1584777830002, 22.824876785000185], [89.15799960931541, 22.825119928389526], [89.15378748703046, 22.816586292464347], [89.1584777830002, 22.824876785000185]], [[89.16655986743824, 22.815674607692213], [89.14558810480143, 22.799974585106323], [89.14434814500017, 22.79746246300016], [89.16655986743824, 22.815674607692213]], [[89.20018372554911, 22.812591768684822], [89.1877122947916, 22.81438062029242], [89.19681549100005, 22.81100654700009], [89.20018372554911, 22.812591768684822]], [[88.93650800000017, 22.61913700000014], [88.93605000000014, 22.621571], [88.93457, 22.621492000000103], [88.93650800000017, 22.61913700000014]], [[88.65411245950337, 23.650259127123068], [88.6540451050002, 23.65026474000007], [88.65386880433587, 23.64981452810133], [88.65411245950337, 23.650259127123068]], [[88.8179016110002, 23.771173478000037], [88.78848266500007, 23.767486572000163], [88.78846416472604, 23.767401400647667], [88.8179016110002, 23.771173478000037]], [[88.8466462787193, 23.829662674835777], [88.83211517200004, 23.814279557000138], [88.8179016110002, 23.771173478000037], [88.8466462787193, 23.829662674835777]], [[88.87715623485346, 23.86196153957054], [88.8471376521921, 23.83018285930482], [88.89356994700012, 23.827442169000165], [88.90165425951136, 23.837135914781317], [88.85987854000018, 23.831388474000107], [88.87715623485346, 23.86196153957054]], [[88.92221069400011, 23.81643676800019], [88.90726470900006, 23.83790779200018], [88.90565744893651, 23.83768666757328], [88.92221069400011, 23.81643676800019]], [[88.91032409700006, 23.784238815000037], [88.91140002147635, 23.784798670564694], [88.92221069400011, 23.81643676800019], [88.91032409700006, 23.784238815000037]], [[88.9576859399681, 23.80888347354476], [88.95761108300019, 23.808961868000097], [88.95120509159892, 23.805511174556177], [88.9576859399681, 23.80888347354476]], [[89.005365639117, 23.786385369348253], [89.00566864000018, 23.787040711000085], [88.97666168300009, 23.789011001000176], [89.005365639117, 23.786385369348253]], [[88.98954772900015, 23.752311706000114], [88.98960466023433, 23.752296934268315], [88.99070055426961, 23.754667174908427], [88.98954772900015, 23.752311706000114]], [[89.00627136300005, 23.747972488000073], [89.01725769, 23.708744050000067], [89.0168618405375, 23.704030693965276], [89.02836174442521, 23.697411099736236], [89.00627136300005, 23.747972488000073]], [[89.03744506900011, 23.692182541000133], [89.05143432075272, 23.71371563075022], [89.03295132666602, 23.694769236603157], [89.03744506900011, 23.692182541000133]], [[89.05197143500015, 23.714542389000087], [89.05138327151563, 23.714883326513878], [89.05180276706697, 23.714282765268422], [89.05197143500015, 23.714542389000087]], [[89.07565307700008, 23.72677803000005], [89.0427856440001, 23.727191924000184], [89.04518809973047, 23.723752503007557], [89.07565307700008, 23.72677803000005]], [[89.0576414511048, 23.765945879312703], [89.0520629890001, 23.75727844199997], [89.07565307700008, 23.72677803000005], [89.0576414511048, 23.765945879312703]], [[89.06554610498173, 23.76460509238107], [89.06054687400012, 23.770460129000075], [89.0585055008435, 23.767288381386685], [89.06554610498173, 23.76460509238107]], [[89.09872436500012, 23.725858689000123], [89.11639404300018, 23.734148025000138], [89.09863383769216, 23.72604109462239], [89.09872436500012, 23.725858689000123]], [[89.174117882005, 23.742740044980838], [89.16680908300015, 23.7404766090001], [89.15808105400015, 23.722341537000034], [89.174117882005, 23.742740044980838]], [[89.24666257693292, 23.762928517890277], [89.24443054300014, 23.76451492300004], [89.22717202443117, 23.759170193739152], [89.24666257693292, 23.762928517890277]], [[89.26666259700005, 23.74272346500015], [89.27933532287773, 23.739706554121938], [89.25708102408932, 23.755523667291044], [89.26666259700005, 23.74272346500015]], [[89.2537589740227, 23.343918321109975], [89.2535806095237, 23.343844745371065], [89.25373840400017, 23.343841553000175], [89.2537589740227, 23.343918321109975]], [[89.23846898912238, 23.337611169500324], [89.21013641299999, 23.325923921000026], [89.24275207400007, 23.32879638800011], [89.23846898912238, 23.337611169500324]], [[89.19912388731146, 23.291631151357404], [89.13041687000003, 23.274017334000067], [89.1989746100001, 23.291166305000104], [89.19912388731146, 23.291631151357404]], [[89.02720642100013, 23.374395370000173], [89.02497826566821, 23.3733350109439], [89.07044983000009, 23.353033066000137], [89.02720642100013, 23.374395370000173]], [[89.01264953700002, 23.36746788000005], [89.01273581981877, 23.36739731512142], [89.01414918414535, 23.368181548571084], [89.01264953700002, 23.36746788000005]], [[88.91598658833797, 23.26890016366494], [88.91571466088564, 23.2673283451196], [88.91657257000008, 23.268554688000165], [88.91598658833797, 23.26890016366494]], [[88.97781763662132, 23.54621626549023], [88.97790527400008, 23.546199798000032], [89.01033020100016, 23.626258850000113], [88.97781763662132, 23.54621626549023]], [[88.83060738577433, 23.38273942193397], [88.81683349600002, 23.387296677000165], [88.81675650467302, 23.387254378442563], [88.82713317900004, 23.374624253000036], [88.83060738577433, 23.38273942193397]], [[88.79253253377438, 23.373945879050662], [88.79664611800001, 23.370630264000056], [88.80975963229602, 23.383410340148263], [88.79253253377438, 23.373945879050662]], [[88.77602742190948, 23.374505007894943], [88.77215576200018, 23.362751007000156], [88.77768707200005, 23.374603272000172], [88.77602742190948, 23.374505007894943]], [[88.80071258600005, 23.976177216000053], [88.7785568250002, 23.948127747000115], [88.80118289093167, 23.97451812166746], [88.80071258600005, 23.976177216000053]], [[88.83904266400015, 23.938468934000188], [88.81420898500006, 23.928565980000084], [88.84113112400803, 23.93715389610256], [88.83904266400015, 23.938468934000188]], [[88.86437225400005, 23.92251968400001], [88.84751917923492, 23.933131537673983], [88.86694954293087, 23.914833041480204], [88.86437225400005, 23.92251968400001]], [[88.87448120200014, 23.89237022400016], [88.87298736823435, 23.896825512658072], [88.87283182117807, 23.891824267425328], [88.87448120200014, 23.89237022400016]], [[88.83790588400007, 23.878931045000115], [88.88088676634875, 23.86856275489394], [88.88451385500008, 23.874980927000138], [88.84070755499565, 23.8798130809679], [88.83790588400007, 23.878931045000115]], [[89.58177948100007, 22.987802507000143], [89.57390416785015, 22.985538374889927], [89.60308374341783, 22.962084993342938], [89.58177948100007, 22.987802507000143]], [[89.6130645435451, 22.9577531412736], [89.60969032747933, 22.9567748840044], [89.61123657100006, 22.95553207500012], [89.6130645435451, 22.9577531412736]], [[89.6517868040001, 22.983489990000063], [89.64964757956471, 22.968543659617147], [89.64988708500005, 22.968526841000088], [89.6517868040001, 22.983489990000063]], [[89.67664772086589, 22.967511035825634], [89.67638417396307, 22.967525681400463], [89.67643737900016, 22.967491150000058], [89.67664772086589, 22.967511035825634]], [[89.74916076700009, 22.963907242000175], [89.76289430755261, 22.97242811324879], [89.7446899420001, 22.963729859000182], [89.74332640336984, 22.9638056322566], [89.74708129662933, 22.95868880223666], [89.74916076700009, 22.963907242000175]], [[89.73085574751966, 22.917970717550677], [89.73545619031252, 22.92951554835834], [89.72627258400018, 22.917581559000098], [89.73085574751966, 22.917970717550677]], [[89.71484375099999, 22.877788544], [89.72551244613176, 22.904561679930776], [89.7115097050002, 22.891799926000086], [89.71484375099999, 22.877788544]], [[89.71781921299998, 22.848350525000114], [89.69562251465862, 22.874449960745995], [89.69529724000017, 22.874393463000047], [89.71781921299998, 22.848350525000114]], [[89.71118164000012, 22.825428008000074], [89.71124379112509, 22.825642643713866], [89.67584228600003, 22.81264686700007], [89.71118164000012, 22.825428008000074]], [[89.58389877296877, 23.32070797958136], [89.61683185536688, 23.305463732383775], [89.60427856500007, 23.32112312400011], [89.58389877296877, 23.32070797958136]], [[89.5528609566024, 23.311781421817088], [89.57180152550815, 23.320461553869173], [89.55998993000014, 23.320220947000166], [89.5528609566024, 23.311781421817088]]], [[[88.92998504600013, 22.653625488000166], [88.9294129050001, 22.653662055999977], [88.929398, 22.653979999000114], [88.92998504600013, 22.653625488000166]]], [[[88.586662, 23.81119], [88.58647920100015, 23.811330846000143], [88.5865550640001, 23.811607749000075], [88.586662, 23.81119]]], [[[89.3288120000002, 21.700361000000154], [89.337318, 21.719582001000045], [89.34890000000013, 21.704023001000163], [89.3288120000002, 21.700361000000154]]], [[[89.448471, 21.75701], [89.448189, 21.759275], [89.450188, 21.75809100000015], [89.448471, 21.75701]]], [[[89.45378100000016, 21.76153900000014], [89.45207200000016, 21.759802], [89.4524080000001, 21.761461], [89.45378100000016, 21.76153900000014]]], [[[89.5333940000001, 21.769144], [89.53583500000013, 21.772242000000176], [89.53603399900015, 21.768604], [89.5333940000001, 21.769144]]], [[[89.53637700000019, 21.774952001000145], [89.53704800000014, 21.785501000000185], [89.539604, 21.78810700000014], [89.5468599990001, 21.778042], [89.53637700000019, 21.774952001000145]]], [[[89.309967, 21.851021], [89.365685, 21.883560000000106], [89.33750200000016, 21.78861000000018], [89.309967, 21.851021]]], [[[89.320221, 21.8627800000001], [89.334976, 21.868361000000164], [89.329384, 21.865065000000133], [89.320221, 21.8627800000001]]], [[[89.328705, 21.871958], [89.35083000000014, 21.881639000000117], [89.343102, 21.872156000000132], [89.328705, 21.871958]]], [[[89.42749800000013, 22.053055], [89.43301400000018, 21.99027100000018], [89.41720600000014, 21.96940000000012], [89.43244900000013, 21.944815], [89.457176, 21.933941], [89.447639, 21.906584000000123], [89.471466, 21.902639], [89.448563, 21.847799], [89.4745030000002, 21.792513], [89.42029600000018, 21.745577000000143], [89.425308, 21.734280000000126], [89.39576700000015, 21.721563], [89.359932, 21.748672], [89.34761800000012, 21.806231000000142], [89.384926, 21.90078], [89.351967, 22.025181000000146], [89.39055600000012, 22.080002], [89.38305700000012, 22.11666900000012], [89.407501, 22.12644400000011], [89.41111, 22.153891], [89.439453, 22.161951], [89.462219, 22.143055000000178], [89.458054, 22.120001000000112], [89.48472600000015, 22.089169], [89.44887500000016, 22.075565000000154], [89.42749800000013, 22.053055]]], [[[89.488411, 22.08943], [89.512482, 22.078421], [89.46846, 22.04583400000013], [89.51178, 21.95304500000015], [89.501518, 21.90861700000011], [89.452225, 21.91], [89.45999100000012, 21.939991], [89.421829, 21.970173], [89.43898800000011, 21.99088900000015], [89.43175500000012, 22.05186100000014], [89.488411, 22.08943]]], [[[89.480553, 22.038589000000176], [89.479317, 22.051081000000128], [89.517502, 22.073334000000163], [89.49590300000017, 22.02924700000011], [89.480553, 22.038589000000176]]], [[[89.34807600000016, 22.11248], [89.384636, 22.088991], [89.34086600000012, 22.02883], [89.347298, 21.97164], [89.288666, 22.061085], [89.306648, 22.090429], [89.26284, 22.089981000000137], [89.28891, 22.151232000000107], [89.32782, 22.182701], [89.3366620000001, 22.15176], [89.326393, 22.14028], [89.325569, 22.128445000000113], [89.334305, 22.123791000000157], [89.34771700000016, 22.13176000000016], [89.34807600000016, 22.11248]]], [[[89.47161900000015, 22.139660000000106], [89.49472000000014, 22.12944], [89.506783, 22.087555000000123], [89.47444200000012, 22.10950900000012], [89.47161900000015, 22.139660000000106]]], [[[89.45922900000012, 22.123602000000172], [89.46492, 22.132271000000177], [89.470512, 22.111933000000136], [89.45922900000012, 22.123602000000172]]], [[[89.47715000000017, 22.14896], [89.46870400000017, 22.14727], [89.46561400000013, 22.154722], [89.47715000000017, 22.14896]]], [[[89.39422600000017, 22.22027], [89.410408, 22.21876], [89.457191, 22.246111], [89.471657, 22.162651], [89.4653400000002, 22.156931], [89.460663, 22.14700100000016], [89.412437, 22.196947], [89.393776, 22.201323], [89.405197, 22.209101], [89.39422600000017, 22.22027]]], [[[89.314445, 22.280001], [89.314186, 22.279747], [89.314415, 22.28086700000017], [89.314445, 22.280001]]], [[[89.54243500000013, 21.85135300000019], [89.60360000000016, 21.802177], [89.58545700000019, 21.760292000000163], [89.6063, 21.71906900000016], [89.555962, 21.72287], [89.538269, 21.774139000000105], [89.553688, 21.749941], [89.5526430000001, 21.773668], [89.543861, 21.786570000000154], [89.55606800000015, 21.800987000000195], [89.53019, 21.822861000000106], [89.54243500000013, 21.85135300000019]]], [[[89.84128600100001, 21.810011], [89.838219, 21.819349000000162], [89.85562100000016, 21.809551], [89.84771000100005, 21.807483999000173], [89.84128600100001, 21.810011]]], [[[89.86406700000015, 21.845697], [89.859833, 21.832981], [89.84995300000014, 21.854530000000125], [89.86406700000015, 21.845697]]], [[[89.669945, 21.755112], [89.60935200000017, 21.76446], [89.614937, 21.800390000000164], [89.56176800000014, 21.84454000000011], [89.54711900000012, 21.875933], [89.57428000000016, 21.935547], [89.609039, 21.947500000000165], [89.646355, 21.910879], [89.62587700000017, 21.883261], [89.62645000000015, 21.862732], [89.696693, 21.796755000000132], [89.6988750000001, 21.772808000000115], [89.669945, 21.755112]]], [[[89.66153000000014, 21.867861], [89.65066500000017, 21.85557], [89.632553, 21.874788000000137], [89.63507800000014, 21.886971], [89.644012, 21.894245], [89.66153000000014, 21.867861]]], [[[89.568199, 21.934692], [89.54289200000011, 21.877790000000175], [89.53933000000012, 21.95475000000016], [89.568199, 21.934692]]], [[[89.84332300000011, 21.95293], [89.844467, 21.959709000000146], [89.805443, 21.990101000000152], [89.840675, 22.003071], [89.84243, 22.021702], [89.8263850000002, 22.045643], [89.842476, 22.048071000000107], [89.87632000000019, 21.910156], [89.84957100000014, 21.87262000000015], [89.846191, 21.895920000000103], [89.808907, 21.92499], [89.81378900000016, 21.936010000000184], [89.84332300000011, 21.95293]]], [[[89.871391, 22.063393], [89.86861400000015, 22.061111], [89.870552, 22.067566], [89.871391, 22.063393]]], [[[89.890831, 22.12666500000012], [89.881668, 22.171671000000174], [89.884163, 22.173059], [89.890831, 22.12666500000012]]], [[[89.878334, 22.18], [89.878609, 22.182501], [89.88305700000018, 22.17639000000014], [89.878334, 22.18]]], [[[89.5784230000001, 22.227968], [89.57605, 22.22656300000017], [89.57611800000018, 22.227903], [89.5784230000001, 22.227968]]], [[[89.63418508400014, 22.353375199000144], [89.634148, 22.352850000000107], [89.63311, 22.355103], [89.63418508400014, 22.353375199000144]]], [[[89.90110799900009, 22.368610001000153], [89.90147400100017, 22.368979], [89.90152000000018, 22.368875999000128], [89.90110799900009, 22.368610001000153]]], [[[89.90164900000019, 22.372604000000138], [89.901596, 22.369511], [89.90055800000016, 22.371944], [89.90164900000019, 22.372604000000138]]], [[[89.60301925100015, 22.446124643000015], [89.60530880100004, 22.43377825100009], [89.599739, 22.44566700000013], [89.60301925100015, 22.446124643000015]]]]}}, {"type": "Feature", "properties": {"division": "Mymensingh"}, "geometry": {"type": "Polygon", "coordinates": [[[90.79415893500015, 24.50803565900008], [90.74283599900008, 24.509668350000084], [90.72188568100017, 24.471019745000145], [90.70326995800008, 24.517736436000067], [90.68215942400009, 24.50227546700006], [90.67823028500015, 24.466995239000028], [90.60429382300003, 24.499095917000034], [90.57377624500009, 24.482130050000084], [90.58744049000013, 24.448074342000098], [90.63359832800006, 24.435094833000107], [90.64605712899998, 24.41623687700013], [90.61791229300007, 24.33918762200011], [90.65007019000012, 24.25917816200007], [90.62226867700014, 24.26860237199997], [90.57232666000016, 24.24673843500011], [90.52106475800014, 24.287702562000106], [90.52922058200011, 24.30314064000009], [90.45556640600006, 24.339885712000125], [90.42652130200014, 24.330604554000164], [90.42811584500015, 24.310199738000108], [90.40242767300009, 24.282688142000154], [90.36249542200005, 24.28100586000005], [90.35888671800006, 24.300197602000082], [90.29049682600004, 24.277774811000143], [90.26228332600017, 24.290611268000077], [90.22880554200003, 24.347831727000084], [90.24900054900007, 24.41530418400015], [90.229225159, 24.41995239400012], [90.2096099850001, 24.45839309800016], [90.24359130800003, 24.481271745000186], [90.18664550700004, 24.522935867000115], [90.17433929500004, 24.51784515400016], [90.15081024200003, 24.57472801200004], [90.12454986500012, 24.59672165000012], [90.14807128900014, 24.63463020400019], [90.13280487100013, 24.73422241300005], [90.09037780800008, 24.737192154000187], [90.09802246100014, 24.75634574900016], [90.07614698677965, 24.787357893701444], [90.03185272100012, 24.776937485000076], [89.98133850100015, 24.724895478000064], [89.93573761, 24.757169723000118], [89.90742492800007, 24.734481812000066], [89.88033294600007, 24.74156379700014], [89.87998962500018, 24.708265304], [89.89940643200009, 24.68149566700015], [89.87805938700012, 24.67904472500004], [89.86881256100014, 24.64900779700008], [89.84237671000011, 24.644508362000177], [89.85330200200013, 24.619979859000065], [89.82705688400017, 24.608594894000188], [89.81745910700016, 24.575496673000146], [89.79103088400012, 24.568208694000134], [89.7650299080001, 24.613836289000176], [89.78502655000017, 24.62580680799999], [89.78327179000007, 24.66917038000003], [89.79916381800012, 24.679981231000056], [89.77364349400011, 24.716554642000066], [89.79092407100006, 24.735200880999972], [89.77704620300005, 24.743324279000152], [89.78122711200018, 24.763406753000137], [89.7425765980002, 24.774841309000177], [89.73483276300011, 24.761135101000146], [89.71533203100012, 24.777345658000172], [89.73031616100019, 24.79838371200003], [89.68679809700012, 24.826396942000088], [89.66848754900019, 24.864986420000154], [89.66078949000013, 24.88807296700014], [89.68605804500004, 24.902849197000076], [89.64797210700004, 25.04277038600003], [89.65306854200009, 25.07801246700018], [89.63856506399998, 25.090076448000158], [89.70068359300006, 25.23148918200019], [89.74888610900013, 25.23641967800012], [89.7563323980001, 25.28085899300004], [89.72180175699998, 25.356285095000146], [89.78027343700008, 25.387958527000137], [89.784072875, 25.412994385000047], [89.76692199700005, 25.432739257000037], [89.82562255900007, 25.4152183540001], [89.8213653570001, 25.355625154000165], [89.841362, 25.314155578000168], [89.83160400500009, 25.295661926000147], [89.87653350800008, 25.285446168000078], [89.90908813600004, 25.308124543000023], [89.94559478700018, 25.302904129000126], [89.94205277211198, 25.292430643454914], [89.96735382100019, 25.303316117000122], [89.98070526200007, 25.280977249000046], [90.05445861800013, 25.26146316600011], [90.11226654100005, 25.22547531200013], [90.26421356200012, 25.19639206000005], [90.26245373681061, 25.099680676900164], [90.26805114700016, 25.19851303200005], [90.33013153100018, 25.19389343300014], [90.37053680400015, 25.162933349000184], [90.44097900500009, 25.144626617000032], [90.51667022700008, 25.17304229800004], [90.6133499140002, 25.175302505999984], [90.60384368900009, 25.10369300800005], [90.61521148700012, 25.17708015500011], [90.64878082200005, 25.17333984400017], [90.64736175600007, 25.194377900000173], [90.66472625700015, 25.185455322000166], [90.66593933100017, 25.165956498000128], [90.6856307990002, 25.174587250000172], [90.69850158700018, 25.156854630000055], [90.70992279000006, 25.168210984000154], [90.73928070100004, 25.154430389000087], [90.73416900600017, 25.166944505000064], [90.78166961700009, 25.18149375900003], [90.85353851200011, 25.155771256000094], [90.96485138000014, 25.171878816000063], [90.9474258420002, 25.113832474], [90.97466278000013, 25.0742797850001], [90.92778015100015, 25.077987671000077], [90.9328613290001, 25.04486083900008], [90.96502685600007, 25.03569984500007], [90.93405151500019, 25.019939424000146], [90.94365692200012, 24.975925446000133], [90.97317504800014, 24.958423614000143], [90.94914245700005, 24.93967628500013], [90.95341491700003, 24.918930053000114], [90.99286651600016, 24.914100647], [90.99805450400004, 24.89213562000009], [91.01560211100002, 24.89855194100011], [91.0176162730001, 24.885246277000192], [91.04447174100005, 24.90813827500017], [91.09844207800012, 24.889587403], [91.11380767800011, 24.847541810000052], [91.1304016110001, 24.84059524500003], [91.11248779400017, 24.817060470000115], [91.13031768900004, 24.79289627000003], [91.15280151300016, 24.80932808000017], [91.142730713, 24.82562446600008], [91.15295410200008, 24.83745956500013], [91.17086791899999, 24.826538086000028], [91.1604995730001, 24.79193115200013], [91.17121124300019, 24.779956818000187], [91.13522338900005, 24.757196427000054], [91.15933990400015, 24.748106002999975], [91.1413269050002, 24.72420883100017], [91.20684051500012, 24.708984375000114], [91.22527313100005, 24.72751236100015], [91.2197189330002, 24.702386856000032], [91.24085998400017, 24.692121505000046], [91.20449829, 24.631582261000123], [91.12991333000008, 24.642112732000047], [91.12887573200004, 24.610069275000058], [91.10514068700019, 24.59983253500019], [91.07318878200016, 24.61895751900005], [91.03823089600019, 24.61097908000011], [91.03098297200017, 24.629941941000144], [91.0183486950001, 24.60311698900017], [90.91645050000005, 24.61271286100009], [90.90780639700006, 24.594781876000184], [90.85694122400008, 24.59948348900008], [90.83975982600015, 24.57991600000014], [90.82117462100007, 24.588594436], [90.815004409799, 24.585402654542076], [90.82048034600012, 24.58724975600012], [90.79415893500015, 24.50803565900008]], [[90.1374629512219, 24.779562026623783], [90.0879898070001, 24.790143966000013], [90.0774097568726, 24.787654965573676], [90.1374629512219, 24.779562026623783]], [[90.13947296100014, 24.77929115200004], [90.16876983700018, 24.82682609500012], [90.1393644514166, 24.77930577505956], [90.13947296100014, 24.77929115200004]], [[90.2007675160001, 24.87484550500011], [90.1995109901413, 24.877105265393244], [90.18238067700014, 24.865541459000156], [90.18284703737935, 24.865375151780896], [90.2007675160001, 24.87484550500011]], [[90.19500939965847, 24.885201012733415], [90.19387817300003, 24.88517379900009], [90.15460205000005, 24.904848098000173], [90.19731705913559, 24.881050873322675], [90.19500939965847, 24.885201012733415]], [[90.23679351900006, 24.887813568000073], [90.24558258100006, 24.92541122400019], [90.2361402539552, 24.8877736700825], [90.23679351900006, 24.887813568000073]], [[90.25780487100002, 24.94628715500005], [90.2264175410001, 24.971212388000083], [90.256907461923, 24.94622697267699], [90.25780487100002, 24.94628715500005]], [[90.24114990300012, 25.008716582999966], [90.23471039278692, 25.03311550899777], [90.2264175410001, 24.971212388000083], [90.24114990300012, 25.008716582999966]], [[90.24564421542998, 25.057893660293118], [90.2373123160001, 25.052537919000088], [90.23661921454031, 25.047364168807555], [90.24564421542998, 25.057893660293118]], [[90.27142334000018, 25.05339241100006], [90.2738557319888, 25.058171658725875], [90.25627899199998, 25.064729690000092], [90.25210354025722, 25.06204571145427], [90.27142334000018, 25.05339241100006]], [[90.30484008800005, 25.079130173000127], [90.26243045489669, 25.098401216809787], [90.26242828300013, 25.098281860000156], [90.30444473061765, 25.07912296595181], [90.30484008800005, 25.079130173000127]], [[90.79600088411338, 24.578992528727483], [90.79403686600011, 24.605863571000043], [90.79251861500018, 24.577817916000072], [90.79600088411338, 24.578992528727483]], [[90.75825500500008, 24.637401581000063], [90.70305954779218, 24.6731025030479], [90.70417022800018, 24.66706085300001], [90.75825500500008, 24.637401581000063]], [[90.70899200400015, 24.692684174000135], [90.6955184950001, 24.71412277299999], [90.70220063989026, 24.677774613822397], [90.70899200400015, 24.692684174000135]], [[90.724327087, 24.731374742000074], [90.7242046509005, 24.731488644281924], [90.6955184950001, 24.71412277299999], [90.724327087, 24.731374742000074]], [[90.70837402200016, 24.801296234000123], [90.70832212116254, 24.80128769619346], [90.72271728500004, 24.774297713000124], [90.70837402200016, 24.801296234000123]], [[90.57870483400012, 24.82215309100019], [90.56431753128045, 24.812286949486843], [90.56359100300006, 24.81137466500013], [90.57870483400012, 24.82215309100019]], [[90.58820343100012, 24.84194183300008], [90.58794508236814, 24.841955510089132], [90.5783691821568, 24.829931277248114], [90.58820343100012, 24.84194183300008]], [[90.57231140100004, 24.856462479000186], [90.56827394870089, 24.88482261920721], [90.5592727660001, 24.843473435000135], [90.57231140100004, 24.856462479000186]], [[90.56814575099997, 24.885723114000143], [90.53459167400007, 24.891576767000117], [90.56820887529973, 24.885279712107298], [90.56814575099997, 24.885723114000143]], [[90.54459381000004, 24.935596467000096], [90.54389636901901, 24.93594142251124], [90.53459167400007, 24.891576767000117], [90.54459381000004, 24.935596467000096]], [[90.5197188352658, 24.94789967237167], [90.51700499080336, 24.94924194451967], [90.51638031000016, 24.946140290000017], [90.5197188352658, 24.94789967237167]], [[90.52337646600012, 24.97817611700009], [90.52286752059676, 24.97835047792956], [90.52226373516328, 24.97535257274489], [90.52337646600012, 24.97817611700009]], [[90.50079784572573, 24.99650518415695], [90.49636551502967, 25.016102599191967], [90.49272155700004, 25.00273704500012], [90.50079784572573, 24.99650518415695]], [[90.49995357643041, 25.029263131971305], [90.50300419725492, 25.03063655789517], [90.50066375700015, 25.03186798000019], [90.49995357643041, 25.029263131971305]], [[90.50769043100013, 25.017467498000087], [90.51599252977415, 25.023802749709343], [90.50520567334767, 25.02947825175223], [90.50769043100013, 25.017467498000087]], [[90.54103851300016, 25.01243209900008], [90.54014833677789, 25.01468677127374], [90.53956635669186, 25.013943994380817], [90.54103851300016, 25.01243209900008]], [[90.53343577927765, 25.032780198394732], [90.54992675800003, 25.041759491000164], [90.53321075400004, 25.032939911000142], [90.53343577927765, 25.032780198394732]], [[90.60605621300004, 25.027357101000064], [90.60609795873194, 25.028680817905045], [90.54992675800003, 25.041759491000164], [90.60605621300004, 25.027357101000064]], [[90.58844757000014, 25.05872917200014], [90.58695966285464, 25.083313638260954], [90.58689117500006, 25.083230972000024], [90.58844757000014, 25.05872917200014]], [[89.98098862137901, 24.917029090874596], [89.94776916600006, 24.92964172500018], [89.98083496000015, 24.91703987200009], [89.98098862137901, 24.917029090874596]], [[89.93768310600007, 24.959541321000128], [89.90405644614803, 24.958020784625248], [89.90414428700012, 24.957715988000192], [89.93768310600007, 24.959541321000128]]]}}, {"type": "Feature", "properties": {"division": "Rajshahi"}, "geometry": {"type": "MultiPolygon", "coordinates": [[[[89.68392944300014, 23.93936157200017], [89.69836425900019, 23.866878510000053], [89.70383453300019, 23.877096176000066], [89.73271942100007, 23.83528327900018], [89.67243957400007, 23.809738160000165], [89.57212066599999, 23.80806922900001], [89.46859741200007, 23.83925247300016], [89.38396453900016, 23.908098221000042], [89.36460113400005, 23.91070365900015], [89.35366058400001, 23.88283538800016], [89.31237792900015, 23.874261856000032], [89.27822113100018, 23.90596961900013], [89.26528930799998, 23.877819062000015], [89.23700714000012, 23.972887040000103], [89.21651458700018, 23.97154045200006], [89.21627807600004, 23.988491058000136], [89.17765808100017, 23.98739242700009], [89.17957305900018, 23.962638855000137], [89.16351318400018, 23.949777604000072], [89.09861755300017, 23.95986366200009], [89.07027435200013, 23.979496002000186], [89.00667572000003, 24.118116380000117], [88.93373107899998, 24.128425598000092], [88.874038697, 24.099113465000134], [88.88112640400016, 24.11522674500003], [88.8607406610002, 24.111845016000075], [88.7851257330001, 24.134557723000057], [88.73342132500005, 24.1939201350001], [88.73736572200005, 24.270122528000176], [88.70588684000012, 24.312091827000078], [88.62850192700006, 24.30518915700003], [88.56758117600015, 24.326709747], [88.55500030400015, 24.29648971600011], [88.52870941200013, 24.34418106100003], [88.44632720900012, 24.378667832000186], [88.36659240800016, 24.373052596000093], [88.32773590000016, 24.386751175000082], [88.29285431000011, 24.41727638300017], [88.2633056630001, 24.44599342400005], [88.19838714600019, 24.462581634000173], [88.10711669900019, 24.54544067400013], [88.01132202100018, 24.66904068100007], [88.06474304100016, 24.72138023400015], [88.07058715800008, 24.76942062500018], [88.1060791010001, 24.779684068], [88.12353515600017, 24.82316589300018], [88.13610839800009, 24.805311204000134], [88.14490509000012, 24.851200104000046], [88.17498779200014, 24.860250473000065], [88.1396865850001, 24.936128617000065], [88.22621917800012, 24.959791183000046], [88.26311492900015, 24.91905212400019], [88.25902557300003, 24.87814140400002], [88.27704438400008, 24.895716503000187], [88.3042830770001, 24.870411044000093], [88.32096868900004, 24.883411154000157], [88.32514953600003, 24.86589050300006], [88.33312225200012, 24.870445250999982], [88.34680938600019, 24.89251327500017], [88.32630157500006, 24.9109497070001], [88.34020996200002, 24.94028472900004], [88.36539459200014, 24.953426362000183], [88.38765716500018, 24.938499450000048], [88.40149688600013, 24.945690155000023], [88.39287567200006, 24.96492385800008], [88.39662036183603, 24.964973416424215], [88.41735839900008, 24.97398948800003], [88.41237640400006, 24.999044419000146], [88.43656158400012, 25.006584168000018], [88.45381164500014, 25.03560066300003], [88.43653869600013, 25.05018043600012], [88.45285797100013, 25.07942199600018], [88.44135284400005, 25.127643586000033], [88.4629974360002, 25.151220323000075], [88.44364166300016, 25.19739150900006], [88.49909973200016, 25.21049308800008], [88.5339202890001, 25.188079835000167], [88.55757141200007, 25.19271659800006], [88.56480407600003, 25.17461586000019], [88.61299133400001, 25.20429229700011], [88.70448303200016, 25.20828819200005], [88.7487106320001, 25.177083970000126], [88.77121734600013, 25.18968010000015], [88.80583953800004, 25.170549394000034], [88.84490966900006, 25.211200714000146], [88.86407470699999, 25.19023895400005], [88.8748703010001, 25.196327209000117], [88.87582397500012, 25.17897224400008], [88.91127014099999, 25.180032731000153], [88.921089172, 25.131851196000188], [88.92418670700005, 25.17197227500003], [88.94959259000012, 25.181291580000106], [88.93640136700014, 25.210634232000185], [88.96170807000016, 25.209165573000064], [88.95201110800019, 25.24748039300016], [88.9867630010001, 25.274566650000168], [89.0703887950001, 25.26976204000016], [89.09676361100009, 25.240625382000076], [89.14804077100013, 25.256547929000075], [89.17471313600015, 25.234540940000098], [89.19583129800009, 25.239831925000093], [89.2039413460002, 25.22473716800016], [89.18390655399998, 25.184535981000067], [89.21672821000016, 25.164606095000067], [89.2516250600001, 25.09728431800005], [89.27215921288146, 25.090320812894454], [89.3021240240002, 25.119644166000175], [89.33248138400006, 25.12272071800004], [89.33128357000004, 25.099891663], [89.35974121100021, 25.089046479000103], [89.36011505100004, 25.066446305000113], [89.38908386100007, 25.047031403000062], [89.4132003790001, 25.083133698000154], [89.42560577500012, 25.06520843500004], [89.4521408080002, 25.075912476000102], [89.45253753700007, 25.05563163900007], [89.48780059700005, 25.06171226600003], [89.51513671800012, 25.040399552000164], [89.64785766700017, 25.046754838000027], [89.68605804500004, 24.902849197000076], [89.66078949000013, 24.88807296700014], [89.68494415300006, 24.828413009000148], [89.73031616100019, 24.79838371200003], [89.71533203100012, 24.777345658000172], [89.68833989540954, 24.780241497435483], [89.73483276300011, 24.761135101000146], [89.74139404300013, 24.774570466000057], [89.77166748100012, 24.772918701000094], [89.79085540800014, 24.736518860000043], [89.77240753100013, 24.72402382000007], [89.79916381800012, 24.679981231000056], [89.78327179000007, 24.66917038000003], [89.78502655000017, 24.62580680799999], [89.7650299080001, 24.613836289000176], [89.78907012900015, 24.572288512000174], [89.73410797100018, 24.517930985000078], [89.75815582300005, 24.499551774000057], [89.74237823400011, 24.47047996600014], [89.7659912100001, 24.37583541900005], [89.75167083700012, 24.350679398000068], [89.79016113300014, 24.276016236000032], [89.78304290700004, 24.236726761000057], [89.79853820800008, 24.17520904500003], [89.77995300200013, 24.166492462000065], [89.82060241700003, 24.13998031699998], [89.82498169000007, 24.08488845800008], [89.78195190300005, 24.032457351000062], [89.72157287600015, 24.013525009000148], [89.69486236500018, 23.990425109], [89.68392944300014, 23.93936157200017]], [[88.33088684000012, 24.44762992800014], [88.30524444600015, 24.481451035000077], [88.32493556929983, 24.442880252840265], [88.33088684000012, 24.44762992800014]], [[88.4910812390001, 24.656717301000068], [88.49364124001491, 24.65989721167024], [88.4895736475354, 24.6569886200098], [88.4910812390001, 24.656717301000068]], [[88.5112533570001, 24.681774140000186], [88.4895111623987, 24.67434923617207], [88.50414812288274, 24.67294835842698], [88.5112533570001, 24.681774140000186]], [[88.45573926087951, 24.677672979854666], [88.45533752400019, 24.67761993500011], [88.45595373642495, 24.677560958392704], [88.45573926087951, 24.677672979854666]], [[88.5167738514179, 24.71507310947812], [88.51173896202062, 24.732720654126215], [88.50366426099016, 24.718338847137485], [88.5167738514179, 24.71507310947812]], [[88.57833862300015, 24.676235197999972], [88.58174133200004, 24.69878196700006], [88.58144837495259, 24.69882451823615], [88.57833862300015, 24.676235197999972]], [[88.79815651970706, 24.686196906702158], [88.7979125970001, 24.686578750000137], [88.77056121800001, 24.66762733500019], [88.79815651970706, 24.686196906702158]], [[88.90952582195331, 24.643216013101522], [88.90949249300019, 24.643289567000124], [88.87934112500017, 24.635747911000173], [88.90952582195331, 24.643216013101522]], [[88.93368530200001, 24.58841705300017], [88.93440990114239, 24.588299165562933], [88.91144120693608, 24.63898893665331], [88.93368530200001, 24.58841705300017]], [[88.9632873540001, 24.583600997000133], [88.96312806379386, 24.55599409545768], [88.97062712111945, 24.584980836783448], [88.9448848427139, 24.58659496258385], [88.9632873540001, 24.583600997000133]], [[89.05258941600005, 24.534225464000144], [88.97243499700016, 24.5848674770001], [88.97117485626852, 24.584946491982187], [89.05258941600005, 24.534225464000144]], [[89.13523864700011, 24.65445518500013], [89.13529381830675, 24.654783245805497], [89.09757995600006, 24.637308121000164], [89.13523864700011, 24.65445518500013]], [[89.13995560249633, 24.682503246811397], [89.1324195736008, 24.69693978453423], [89.1354998316569, 24.65600824680108], [89.13995560249633, 24.682503246811397]], [[89.16547338079208, 24.67709140112948], [89.16586303600008, 24.67737388600005], [89.16539600233949, 24.677397409430714], [89.16547338079208, 24.67709140112948]], [[89.14901733400018, 24.617204667000124], [89.1495032184235, 24.617301226164038], [89.13645935100004, 24.65605735800006], [89.14901733400018, 24.617204667000124]], [[89.18968448857457, 24.6508960267751], [89.18881988499999, 24.65158462500011], [89.17339324900007, 24.646360398000127], [89.18968448857457, 24.6508960267751]], [[89.30729562459634, 24.608513012361207], [89.30695343000014, 24.61399078400007], [89.2683334350001, 24.629978180000027], [89.26552978334026, 24.626753192268293], [89.30729562459634, 24.608513012361207]], [[89.33591705471845, 24.555322506512926], [89.33873905233715, 24.559093808440913], [89.33792114400018, 24.559076309999966], [89.32867431600016, 24.599176407000073], [89.33591705471845, 24.555322506512926]], [[89.42514474969698, 24.560826627681013], [89.42493438600013, 24.56093788300007], [89.42281836245479, 24.560892612507796], [89.42514474969698, 24.560826627681013]], [[89.45966339100005, 24.542390824000165], [89.45988188623325, 24.542455153580928], [89.44672266448096, 24.549414688122496], [89.45966339100005, 24.542390824000165]], [[89.52965666284041, 24.560770765910583], [89.52870178100011, 24.561048508000113], [89.51996612500011, 24.536333084999967], [89.52965666284041, 24.560770765910583]], [[89.56827545100009, 24.546815873000124], [89.57195339832462, 24.54846810897664], [89.55041434710009, 24.554733073751446], [89.56827545100009, 24.546815873000124]], [[89.60137176400013, 24.56168365500014], [89.60151728796522, 24.56753432269635], [89.58365564231565, 24.55372508163608], [89.60137176400013, 24.56168365500014]], [[89.60245514000007, 24.605239869000116], [89.5973092127322, 24.609007388682674], [89.60192098915574, 24.58376478695534], [89.60245514000007, 24.605239869000116]], [[89.58152770900006, 24.620561599000098], [89.54940795900006, 24.617559434000103], [89.59497061068954, 24.610719563916938], [89.58152770900006, 24.620561599000098]], [[89.56205749400016, 24.689428329000126], [89.55492075069087, 24.703738565096042], [89.54473877000015, 24.653707505000057], [89.56205749400016, 24.689428329000126]], [[89.62403106600004, 24.68546676600016], [89.55519104000007, 24.705066682000055], [89.55501151319719, 24.704184543589424], [89.62403106600004, 24.68546676600016]], [[89.64575958200004, 24.70161247200008], [89.64574132783372, 24.70164479401311], [89.62403106600004, 24.68546676600016], [89.64575958200004, 24.70161247200008]], [[89.67790091415081, 24.781361438964083], [89.67495727500011, 24.781677246000076], [89.67276926823848, 24.77346810550531], [89.67790091415081, 24.781361438964083]], [[89.42205810600018, 24.318248748000084], [89.36605072000009, 24.35387039200015], [89.42206308187058, 24.31811575920402], [89.42205810600018, 24.318248748000084]], [[89.46018513633348, 24.262003558457213], [89.4602279670001, 24.262088775999985], [89.42466362157403, 24.250368536229402], [89.42466735900013, 24.250263215000075], [89.46018513633348, 24.262003558457213]], [[89.5223541260001, 24.197246551000152], [89.50077819800009, 24.217069627000058], [89.52239252691768, 24.197002628917776], [89.5223541260001, 24.197246551000152]], [[88.86054229700011, 24.16605567900012], [88.90059427947526, 24.151561091700838], [88.90108489900018, 24.152050018000068], [88.86054229700011, 24.16605567900012]], [[88.8744430530001, 24.23483467200009], [88.8744267896983, 24.234754203461485], [88.89600372300004, 24.22891426200016], [88.8744430530001, 24.23483467200009]], [[88.87953948900008, 24.52083587599998], [88.9283981320001, 24.510898590000064], [88.8884736793345, 24.52415346823812], [88.87953948900008, 24.52083587599998]], [[88.96194928241131, 24.55143765195661], [88.92611417416455, 24.538130763193077], [88.96107483000014, 24.548057557000163], [88.96194928241131, 24.55143765195661]], [[89.28115844700005, 24.456459045000088], [89.28234325062354, 24.472706531281396], [89.24715423600014, 24.427265167000087], [89.28115844700005, 24.456459045000088]], [[89.3128674840549, 24.348958668579247], [89.31593121915954, 24.351137717618546], [89.31308746300004, 24.35098266700004], [89.28337318073656, 24.37935681011442], [89.28336334200014, 24.37912368800005], [89.3128674840549, 24.348958668579247]], [[89.23337315167689, 24.266365462028563], [89.28662872300004, 24.304830552000112], [89.23330688400017, 24.266639710000167], [89.23337315167689, 24.266365462028563]], [[89.15633432380108, 24.170333353452595], [89.15678405800014, 24.170433044000163], [89.17502594100017, 24.20066833600003], [89.15633432380108, 24.170333353452595]], [[88.99749755900012, 24.155908586000123], [89.02559194379997, 24.168518729122912], [89.02500152600004, 24.169328690000096], [88.99749755900012, 24.155908586000123]], [[89.0108856714966, 24.146930674295668], [89.01449585100005, 24.147624970000038], [88.99749755900012, 24.155908586000123], [89.0108856714966, 24.146930674295668]], [[89.0146852112922, 24.144382747333477], [89.01544952300009, 24.14451408400004], [89.01450772278778, 24.144501769049317], [89.0146852112922, 24.144382747333477]], [[88.44044426080697, 24.920482198822057], [88.4341659550002, 24.960866928000144], [88.42819081801031, 24.961406447849644], [88.44011688300003, 24.920537949000106], [88.44044426080697, 24.920482198822057]], [[88.49052429300019, 24.926992416000076], [88.47129058900003, 24.938140869000108], [88.49060029653562, 24.92612942623502], [88.49052429300019, 24.926992416000076]], [[88.49459075900006, 24.88081932000011], [88.49449554277294, 24.881900462199745], [88.49453957163566, 24.88072705338284], [88.49459075900006, 24.88081932000011]], [[88.45741271900005, 24.845861434000145], [88.450254590557, 24.861252916593696], [88.44998931900011, 24.861438752000083], [88.45741271900005, 24.845861434000145]], [[88.4114611328228, 24.847260191842267], [88.41237962513608, 24.847837601523747], [88.41207885700004, 24.847850800000057], [88.4114611328228, 24.847260191842267]], [[88.38850018174179, 24.81881312088743], [88.38686956083029, 24.823748107376883], [88.38314056400016, 24.82018280100004], [88.38850018174179, 24.81881312088743]], [[88.41388118007725, 24.837888231857445], [88.41393280100016, 24.839555741000027], [88.39109856590996, 24.8181490893666], [88.39344024600001, 24.817550660000165], [88.41388118007725, 24.837888231857445]], [[88.41640859231144, 24.823232808554387], [88.41403423732366, 24.82327828401279], [88.41384887700013, 24.823091507000015], [88.41640859231144, 24.823232808554387]], [[88.44918060300012, 24.822605134000014], [88.4465884854892, 24.822654780212417], [88.4157042845923, 24.7725679356165], [88.44918060300012, 24.822605134000014]], [[88.4945936717409, 24.77154706994818], [88.49459075900006, 24.771770477000075], [88.41303713160865, 24.76824244643024], [88.41296386599998, 24.768123626999966], [88.4945936717409, 24.77154706994818]], [[88.51126098700018, 24.73439598099997], [88.4625625600001, 24.731956482000047], [88.51161988131918, 24.733138038070436], [88.51126098700018, 24.73439598099997]], [[89.13185119700012, 24.704492570000184], [89.13209732361418, 24.701221954159973], [89.14665910614572, 24.731011211694174], [89.13185119700012, 24.704492570000184]], [[89.12654876699997, 24.73881530799997], [89.1502576116798, 24.738372728586803], [89.15048980600017, 24.738847732000178], [89.12654876699997, 24.73881530799997]], [[88.96225738500004, 24.745351792000122], [88.96562010102795, 24.745123700641063], [88.98215484600013, 24.803113938000084], [88.96225738500004, 24.745351792000122]], [[88.99002075200008, 24.859115600000052], [89.00752258400013, 24.899209977000055], [88.97420501800013, 24.848691940000037], [89.00068171377015, 24.85475496188153], [88.99002075200008, 24.859115600000052]], [[89.08694548344795, 24.877098980348386], [89.08935122139737, 24.875059805417695], [89.08970642000014, 24.875141144000107], [89.08694548344795, 24.877098980348386]], [[89.07594299300008, 24.886425018000125], [89.07696965759435, 24.885554786600505], [89.09798431299998, 24.89138603200007], [89.07594299300008, 24.886425018000125]], [[89.08830261200018, 24.960954667000184], [89.09072159499883, 24.94357287166198], [89.10034085268897, 24.96445435305945], [89.08830261200018, 24.960954667000184]], [[89.11533355600011, 24.968812943000046], [89.1119667857061, 24.967834175473524], [89.11619062797733, 24.96634824305999], [89.11533355600011, 24.968812943000046]], [[88.95309151827286, 25.031095691799617], [88.95570373600003, 25.02888107300004], [88.95352935900013, 25.055641174000076], [88.95309151827286, 25.031095691799617]], [[88.94075205438817, 25.052898675979456], [88.94084167500017, 25.041481018000127], [88.95121011269559, 25.032690733483037], [88.94075205438817, 25.052898675979456]]], [[[88.28537750200019, 24.888469696000186], [88.28585052500011, 24.888280869000088], [88.28592825099997, 24.88802647900019], [88.28537750200019, 24.888469696000186]]]]}}, {"type": "Feature", "properties": {"division": "Rangpur"}, "geometry": {"type": "MultiPolygon", "coordinates": [[[[88.79347224400016, 26.3100738120001], [88.81906890800008, 26.29458999600007], [88.81352200000015, 26.254675], [88.840263, 26.231409], [88.88350700000012, 26.23665000000011], [88.86821000000016, 26.27747], [88.89820100000021, 26.288744], [88.92622375500002, 26.2838935850001], [88.95677900000015, 26.2406600000001], [89.01815001100005, 26.243747691000063], [89.02095466894512, 26.240100274828507], [89.020638001, 26.244652], [89.050621, 26.24177], [89.06970200000018, 26.25533300000018], [89.05895200000015, 26.294472], [89.03334800000016, 26.28556100000015], [89.02688600000016, 26.30966000000012], [89.01683000000014, 26.289494000000158], [89.00763700000016, 26.304222000000152], [89.002129, 26.29549], [88.990501, 26.312401], [89.006653, 26.33280000000019], [88.986862, 26.332123000000138], [88.985085, 26.350044], [88.95403300000017, 26.346991], [88.96086900000017, 26.367701000000125], [88.92900800000012, 26.36358600000017], [88.90904200000011, 26.38013600000011], [88.918022, 26.400885], [88.903938, 26.408134000000132], [88.935257, 26.41371000000015], [88.92614700000019, 26.432163], [88.94471700000014, 26.425684], [88.946129, 26.448036000000116], [88.9652180000001, 26.4519820000001], [88.95579500000014, 26.460297], [88.983208, 26.446594000000175], [88.993973, 26.412897], [88.99839800000012, 26.413275], [88.99367500000011, 26.423071], [89.033508, 26.395533], [89.09567976400018, 26.391540764000126], [89.07965850900018, 26.362937928000182], [89.09828186000004, 26.35902786300005], [89.10128782900011, 26.336633987000084], [89.08373260500014, 26.32229805100019], [89.09673309400011, 26.329322815000182], [89.11267092600008, 26.31851006], [89.13624572000003, 26.3202170510001], [89.124352, 26.29369300000013], [89.10469076400005, 26.31592558600005], [89.100051957, 26.27956589400009], [89.14087677000003, 26.23587417700014], [89.14929199199997, 26.208961488000117], [89.13455963200016, 26.181278228000053], [89.15722656200012, 26.163288118000136], [89.15532684300007, 26.138708116000142], [89.22937775500009, 26.12289007700008], [89.25155639700017, 26.091457367000093], [89.266754, 26.09248], [89.254349, 26.06421500000016], [89.28097500200005, 26.06569492], [89.27566500000017, 26.049175], [89.325859, 26.036634000000163], [89.34848800000015, 26.010481], [89.39244079600007, 26.007230760000027], [89.39080810500008, 26.023040771000126], [89.42378200000013, 26.047009999000068], [89.43389890700013, 26.030534876000157], [89.42741400000011, 26.013241000000107], [89.48036786560097, 25.996996059248822], [89.48036200000018, 25.997126], [89.54231262200017, 26.004447937000123], [89.54087800000013, 25.969631000000163], [89.580406, 25.96818000000019], [89.586815, 26.03842200000014], [89.61559300000016, 26.051401], [89.60870389200016, 26.063828931000103], [89.649025, 26.061453], [89.6326680000002, 26.106970000000103], [89.60825300000016, 26.088505000000108], [89.59384900000016, 26.102242], [89.632973, 26.11759], [89.596497, 26.135302], [89.594589, 26.15691000000015], [89.611526, 26.15201], [89.62197100000014, 26.166809000000114], [89.607384, 26.179237000000114], [89.64603400000016, 26.164553000000186], [89.66062200000016, 26.17563100000018], [89.63076, 26.18413], [89.64994, 26.190298], [89.6353610000001, 26.230972000000182], [89.66086578400007, 26.217670441000166], [89.68746185300017, 26.226615905000074], [89.67961883500016, 26.21421813900014], [89.69142150900007, 26.211761474000184], [89.685585, 26.2070030000001], [89.67838287300003, 26.210279465000042], [89.67344665600007, 26.20578384400011], [89.70198791500019, 26.174062809000194], [89.67425558800005, 26.167045653000056], [89.70130920400004, 26.15185737700017], [89.71447753900009, 26.168857574000185], [89.74759674100017, 26.157444001000044], [89.76641845800009, 26.13080787600018], [89.75611114500015, 26.109468461000116], [89.78326416000016, 26.10598755000018], [89.7812194820001, 26.08355331400003], [89.79486084000007, 26.087274551000178], [89.79872131400009, 26.059663772000143], [89.77357482800011, 26.037731172000175], [89.801773072, 26.040353775000032], [89.79056549200016, 26.017896652000047], [89.80860901000005, 26.043422699000075], [89.82295990000011, 25.984909059000127], [89.83975219700017, 25.981010437000123], [89.83875274700006, 26.009689330000075], [89.87065887500012, 25.981452942000033], [89.8717575070001, 25.974163056000123], [89.83805084200014, 25.968143463000043], [89.84926557400007, 25.94921908800001], [89.82534790000017, 25.94557190100016], [89.8460617070001, 25.935941697000032], [89.88594055100016, 25.943580628000177], [89.83250427200005, 25.870712280000134], [89.81452942000016, 25.816980362000038], [89.83994293300009, 25.768392563000187], [89.82733154200014, 25.72995185900015], [89.85049438500005, 25.713056565000045], [89.88241577100018, 25.617307663000133], [89.86593627899998, 25.546283723000098], [89.85121917700019, 25.53871917800012], [89.85226440300016, 25.466369628000052], [89.8247909550002, 25.415351868000133], [89.76692199700005, 25.432739257000037], [89.78423309300013, 25.412410737000076], [89.77754211400014, 25.384532928000112], [89.74190521200006, 25.372512818000196], [89.74116966521758, 25.379582124289236], [89.72180175699998, 25.356285095000146], [89.7563323980001, 25.28085899300004], [89.748954772, 25.23669815100015], [89.70121765200014, 25.232152938000016], [89.65190124400016, 25.144105912], [89.63856506399998, 25.090076448000158], [89.6559143070001, 25.050048827000182], [89.64096069400017, 25.03895569000008], [89.60988617000015, 25.050876618000192], [89.51513671800012, 25.040399552000164], [89.48780059700005, 25.06171226600003], [89.45253753700007, 25.05563163900007], [89.4521408080002, 25.075912476000102], [89.42560577500012, 25.06520843500004], [89.41406249900018, 25.08311653200019], [89.38922882100019, 25.04702186600008], [89.36020660300011, 25.06631660500005], [89.35974121100021, 25.089046479000103], [89.33128357000004, 25.099891663], [89.33213043200016, 25.12291336100003], [89.29735565300012, 25.116975784000033], [89.28018188500005, 25.08765411400009], [89.25172424200008, 25.097217559999986], [89.21672821000016, 25.164606095000067], [89.18379974400005, 25.187004090000073], [89.21085086226934, 25.228561532099835], [89.20261383100018, 25.22848510800014], [89.15081787100002, 25.256374360000052], [89.09676361100009, 25.240625382000076], [89.0703887950001, 25.26976204000016], [89.00792694100011, 25.26757240300009], [89.00887298500004, 25.303140640000038], [88.92943599900008, 25.30421300000012], [88.90514373700006, 25.338443756000174], [88.88380432200006, 25.326410295000077], [88.84010314900007, 25.363870620000114], [88.84079742400009, 25.397731782000104], [88.81237793000014, 25.410511018000022], [88.82995605400009, 25.417114258000144], [88.84211731100011, 25.453390122000087], [88.82965087900016, 25.49035453700008], [88.81431579600007, 25.488042831000147], [88.81059265100015, 25.5232028960001], [88.76162719700005, 25.52595901500013], [88.76477813700018, 25.494955063000077], [88.7075042730001, 25.499944687000095], [88.69950866600016, 25.471309662000067], [88.66297149600007, 25.473768234999966], [88.60906219500009, 25.516433717000155], [88.59632873599998, 25.506181716000015], [88.55485534700011, 25.520999908000082], [88.5398941040001, 25.50838661200004], [88.53307342400007, 25.54220008900012], [88.50070190500014, 25.55109024100011], [88.49989318900003, 25.58405494800007], [88.446441827, 25.597146999000188], [88.45672600000017, 25.66050000000013], [88.427117, 25.669703], [88.42900709154904, 25.672967624193838], [88.40535000099999, 25.67147100000011], [88.373917, 25.697548], [88.373932, 25.717308000000173], [88.32089233400006, 25.73757934700012], [88.26846309600006, 25.780798008000147], [88.259575, 25.813925000000157], [88.20909100000011, 25.787207], [88.18370076100013, 25.801784645000115], [88.1521453630001, 25.77576447000007], [88.14418000000018, 25.7937280000001], [88.11441807500012, 25.798023238000038], [88.120071, 25.812576], [88.10129547100007, 25.829645156000023], [88.11534118700013, 25.852439881], [88.09385681100014, 25.874401093000078], [88.1029357910001, 25.889312744000105], [88.08834839000008, 25.91924095200011], [88.12231445400005, 25.948463441000115], [88.12963867200017, 25.997037888000083], [88.1871109000001, 26.024061204000134], [88.16949463000003, 26.04533195500016], [88.18339538600021, 26.07169723600015], [88.15840911800012, 26.080785752000054], [88.18044281000016, 26.145692826000186], [88.22944641100008, 26.167289735], [88.24176788400001, 26.189178466000048], [88.28557586700015, 26.200246812000103], [88.32238006600005, 26.20241928100018], [88.32926564040412, 26.18793960435592], [88.32305908300003, 26.210344315000043], [88.35127258300008, 26.221817018000138], [88.34960174500003, 26.282308578000144], [88.3703460690001, 26.305082322000086], [88.4149551390002, 26.315185548000105], [88.40695953400007, 26.330419540000037], [88.43810272200005, 26.337049485000023], [88.45789337100018, 26.373750687000154], [88.48354339600019, 26.349672317000113], [88.52482605000017, 26.359838486000058], [88.48519897400001, 26.46035003800006], [88.37234497000003, 26.488407135000045], [88.35488891700015, 26.447113038000108], [88.33116149800009, 26.48463249300005], [88.37591552700013, 26.59426689100008], [88.39846801700008, 26.603725434000125], [88.38765716500018, 26.612043381000095], [88.4090728760001, 26.633766174000016], [88.43725585900006, 26.544141769000134], [88.48352813800017, 26.541069030000187], [88.48970031700009, 26.51044082700008], [88.5219192510001, 26.50847053500013], [88.52645111100009, 26.48148918100003], [88.5564575200001, 26.48487281700005], [88.55995941200013, 26.457111359000066], [88.59702301100015, 26.449390412000067], [88.59473419100016, 26.470935822000175], [88.62069702200006, 26.4710693350001], [88.62372589200004, 26.43486213600005], [88.66773986700014, 26.407306672000058], [88.68584442100014, 26.41126060500011], [88.67029571500007, 26.397792816000162], [88.702247619, 26.38855361900016], [88.68103027300003, 26.380220413000075], [88.70463562100008, 26.33258056600016], [88.73425292900015, 26.35379600500005], [88.7458189850002, 26.34717383700013], [88.733826, 26.328585000000142], [88.74645206900016, 26.322475448000034], [88.67507171600005, 26.32017135700005], [88.68474578800011, 26.29520268000016], [88.70938873400013, 26.288866043000155], [88.68619508500018, 26.282120003000102], [88.6739120000002, 26.298595000000144], [88.66566500000017, 26.284859000000157], [88.67942758700013, 26.259011159000124], [88.71975, 26.2930980000001], [88.745056, 26.290745], [88.756561, 26.310575], [88.76291656500018, 26.236120223000057], [88.759254, 26.30414400000012], [88.79347224400016, 26.3100738120001]], [[89.01930236800007, 26.191337585000046], [89.09792753676628, 26.14597852181889], [89.09795379700017, 26.14627838100006], [89.01934137897625, 26.191404912112905], [89.01930236800007, 26.191337585000046]], [[89.09349060000005, 26.03372001600013], [89.10384075020347, 26.018834122424202], [89.09408468582733, 26.048179705600322], [89.09349060000005, 26.03372001600013]], [[89.141845703, 25.96417427], [89.11589933696062, 25.96579322569561], [89.15048101606921, 25.95755741466941], [89.13877924008663, 25.96858454808156], [89.141845703, 25.96417427]], [[89.10968780400015, 25.96618080200011], [89.0942306520002, 25.93672370900009], [89.09436052700137, 25.93638257399339], [89.11079854509856, 25.966111495931397], [89.10968780400015, 25.96618080200011]], [[89.11445879718362, 25.883591632919035], [89.11627960300012, 25.886117935000186], [89.11254047781907, 25.88863036926886], [89.11445879718362, 25.883591632919035]], [[88.9101920273363, 25.745619652800425], [88.94374461247352, 25.731181303129016], [88.95466613700007, 25.73987007200003], [88.95396828325082, 25.74103871499246], [88.9101920273363, 25.745619652800425]], [[89.01583099300018, 25.602647782000133], [89.01594635292527, 25.602604997827637], [88.99127960300007, 25.642181397000112], [89.01583099300018, 25.602647782000133]], [[89.10459136999998, 25.474426271000084], [89.10464423288049, 25.474377543195818], [89.11486047200003, 25.50616490900018], [89.10459136999998, 25.474426271000084]], [[89.13770294199998, 25.412139892000145], [89.13865061013853, 25.411656945756945], [89.15114593400011, 25.412912368000097], [89.13770294199998, 25.412139892000145]], [[89.22121429500015, 25.332450868000137], [89.22194864279882, 25.33250233013116], [89.24613952600004, 25.35227394200018], [89.22121429500015, 25.332450868000137]], [[89.28140083437054, 25.301204380895054], [89.28187916472889, 25.30122848642965], [89.28160499188017, 25.301332933224558], [89.28140083437054, 25.301204380895054]], [[89.25592041100009, 25.285160064000024], [89.26040275673233, 25.27993745196196], [89.25659126955871, 25.285582485054412], [89.25592041100009, 25.285160064000024]], [[89.26036198348856, 25.22902090183397], [89.29917907800007, 25.22250747600009], [89.29456698029168, 25.22933825962956], [89.26036198348856, 25.22902090183397]], [[88.75884226154244, 26.024683992135316], [88.75900268600009, 26.024751664000064], [88.7712992433294, 26.048104462373797], [88.75884226154244, 26.024683992135316]], [[88.75766754100016, 26.08464241000013], [88.77850315866255, 26.061785656042176], [88.7788009640002, 26.062351228000125], [88.75766754100016, 26.08464241000013]], [[88.78919982900004, 26.12352752700002], [88.78907305252089, 26.124066309049766], [88.75766754100016, 26.08464241000013], [88.78919982900004, 26.12352752700002]], [[88.79644578488372, 26.20818856716332], [88.79540222950875, 26.20086764170098], [88.79782867500006, 26.20337867700016], [88.79644578488372, 26.20818856716332]], [[88.78582839486562, 26.231285751311205], [88.79244841325672, 26.222091998997783], [88.79006195100015, 26.23039245700011], [88.78582839486562, 26.231285751311205]], [[88.37015533500016, 26.179008484000178], [88.37283499584453, 26.18285230863371], [88.33039991816246, 26.18555433129055], [88.33066558900003, 26.184995652000165], [88.37015533500016, 26.179008484000178]], [[88.40981292800006, 26.204046250000033], [88.40966736396751, 26.20402895480781], [88.51667022800018, 26.200981141], [88.40981292800006, 26.204046250000033]], [[88.60765838700013, 26.140050889000122], [88.57266998199998, 26.149625777999972], [88.61354920244088, 26.133886456402625], [88.60765838700013, 26.140050889000122]], [[88.63837432900016, 26.107908250000094], [88.62807312659119, 26.118687923639843], [88.64646148700012, 26.082658767], [88.63837432900016, 26.107908250000094]], [[88.62299256683748, 26.056499169431667], [88.6300679220791, 26.049760461974596], [88.64646148700012, 26.082658767], [88.62299256683748, 26.056499169431667]], [[88.66889275290815, 26.013880084185345], [88.66748661804023, 26.014122160165538], [88.66775512800007, 26.01386642599999], [88.66889275290815, 26.013880084185345]], [[88.75687945633422, 26.02385602182125], [88.7310147683023, 26.014625913496012], [88.73511505200014, 26.014675141000055], [88.75687945633422, 26.02385602182125]], [[88.91010783215997, 25.745628463349853], [88.90908813400006, 25.745735169000117], [88.91580963100006, 25.73545265200011], [88.91010783215997, 25.745628463349853]], [[88.53051757700007, 25.99130058300011], [88.53687286500013, 25.951892852000128], [88.53057450811025, 25.991404011152444], [88.53051757700007, 25.99130058300011]], [[88.48435211100002, 25.86570549100003], [88.48011354057181, 25.902722857199556], [88.47998809900008, 25.902706147000117], [88.48425779202721, 25.865713544665297], [88.48435211100002, 25.86570549100003]], [[88.38626889000017, 25.839756183000077], [88.3862883538991, 25.8391068728447], [88.40846252500017, 25.868450165000127], [88.38626889000017, 25.839756183000077]], [[88.38883972100014, 25.753993989000094], [88.39176639075515, 25.748284403513185], [88.3865577855284, 25.830118710004985], [88.38883972100014, 25.753993989000094]], [[88.40052795300016, 25.731191635000076], [88.41171669033757, 25.735402653292816], [88.39489050503848, 25.74218962717535], [88.40052795300016, 25.731191635000076]], [[88.41992010737228, 25.73209374065621], [88.43002986496485, 25.722111579652903], [88.42843627900004, 25.728658676000176], [88.41992010737228, 25.73209374065621]], [[88.42357635600001, 25.714916229999968], [88.43309385974396, 25.709523448564024], [88.43122394790751, 25.71720580346957], [88.42357635600001, 25.714916229999968]], [[88.43524426598314, 25.70068870908672], [88.43112988446691, 25.676634177341345], [88.43814849900019, 25.688756944000033], [88.43524426598314, 25.70068870908672]], [[88.884972, 26.24414100000018], [88.884079, 26.240677], [88.8850939990001, 26.24045810100017], [88.884972, 26.24414100000018]], [[89.23475553664898, 25.904764885134952], [89.20057678300003, 25.94559860200013], [89.20048066613222, 25.945617587522438], [89.2346420290001, 25.90478515700016], [89.23475553664898, 25.904764885134952]], [[89.29141998200004, 25.890005112000036], [89.28711164423027, 25.89112184097946], [89.30173438734921, 25.877336575527554], [89.29141998200004, 25.890005112000036]], [[89.38679468893618, 25.797828356703604], [89.38485058885979, 25.798980627409126], [89.38593292300015, 25.797960281000034], [89.38679468893618, 25.797828356703604]], [[89.45207977300004, 25.822465897000143], [89.47187042300004, 25.812864305000062], [89.45580377054314, 25.824277068437], [89.45207977300004, 25.822465897000143]], [[89.4776535040001, 25.83490371700003], [89.46238189092452, 25.82747634652595], [89.4788678484452, 25.832770434502596], [89.4776535040001, 25.83490371700003]], [[89.49234474084615, 25.809095093626578], [89.49217764159683, 25.809388642878904], [89.4922866820001, 25.809103013000087], [89.49234474084615, 25.809095093626578]], [[89.56954731139065, 25.88349566489537], [89.55227661100008, 25.861618042000146], [89.57089233300007, 25.882616043000155], [89.56954731139065, 25.88349566489537]], [[89.48205107590705, 25.961845046027697], [89.4821168520001, 25.961750049000102], [89.50107914977505, 25.970008117365328], [89.50102233900014, 25.97019004900011], [89.48205107590705, 25.961845046027697]], [[89.472748, 25.97528100000011], [89.48194787456892, 25.96199409441158], [89.48037190036226, 25.996906677115053], [89.472748, 25.97528100000011]], [[89.34275817800017, 25.304296494000145], [89.34074489969512, 25.30712659547385], [89.33997739595328, 25.304156356045976], [89.34275817800017, 25.304296494000145]], [[89.44199371300004, 25.488111497000148], [89.45038485139078, 25.517169001907607], [89.43394149294794, 25.482317704742815], [89.44199371300004, 25.488111497000148]], [[89.45052337600009, 25.517648696000037], [89.43403625500014, 25.52049446200016], [89.45045792758906, 25.51742205600959], [89.45052337600009, 25.517648696000037]], [[89.4030568092368, 25.534362423508817], [89.40290069600013, 25.53350448700007], [89.43791961700009, 25.538455964000033], [89.4030568092368, 25.534362423508817]], [[89.53561044127314, 25.648547614527835], [89.53548562801947, 25.64871448177508], [89.52185821500018, 25.622985840000183], [89.53561044127314, 25.648547614527835]], [[89.54588703339654, 25.63136496946645], [89.54650116000016, 25.63398742800007], [89.5378377857059, 25.64556979908557], [89.54588703339654, 25.63136496946645]], [[89.69681595003483, 25.495665564658626], [89.69820404100011, 25.49602508500016], [89.69812387862845, 25.496122629806596], [89.69681595003483, 25.495665564658626]], [[89.67018890400016, 25.486360550000143], [89.68160964908766, 25.468821549641923], [89.67120017632676, 25.486713946460664], [89.67018890400016, 25.486360550000143]], [[89.68370056200007, 25.465610505000033], [89.70679473899997, 25.46721267800018], [89.68358316787027, 25.465790788831686], [89.68370056200007, 25.465610505000033]], [[89.70028686400019, 25.390628814000024], [89.70052361507634, 25.390676062150643], [89.69925689600007, 25.4181442260001], [89.70028686400019, 25.390628814000024]], [[89.73935088554782, 25.397062332026152], [89.73925781300017, 25.397956848000092], [89.73866845496153, 25.397841066715632], [89.73935088554782, 25.397062332026152]], [[89.53079223700007, 25.654989242000113], [89.51868438700012, 25.644159317000174], [89.5351907905752, 25.64910866036804], [89.53079223700007, 25.654989242000113]], [[89.50002288700007, 25.746835708000106], [89.49743279389621, 25.749098346519833], [89.49980042997964, 25.7465533305465], [89.50002288700007, 25.746835708000106]], [[89.652298, 26.062796000000166], [89.65219910100018, 26.06216234300001], [89.65268700100006, 26.063589], [89.652298, 26.062796000000166]], [[89.02538300000015, 26.24058699900019], [89.023872, 26.242924000000187], [89.02201822900021, 26.242669999000043], [89.02538300000015, 26.24058699900019]]], [[[89.047974, 26.245971], [89.048115, 26.245851], [89.047943, 26.245802], [89.047974, 26.245971]]], [[[89.004585, 26.265564], [89.005714, 26.249868000000106], [88.998314, 26.253736], [89.004585, 26.265564]]], [[[89.0223620000001, 26.271194000000154], [89.03678900000011, 26.26428], [89.032845, 26.256304], [89.0223620000001, 26.271194000000154]]], [[[89.11379992700012, 26.27761090900003], [89.11237336000016, 26.282335183000153], [89.11363985100002, 26.28297992300003], [89.11379992700012, 26.27761090900003]]], [[[89.049797, 26.288998000000102], [89.050346, 26.28808], [89.04703500000016, 26.286924000000113], [89.049797, 26.288998000000102]]], [[[89.13185882500005, 26.291681289], [89.1305999760001, 26.290939332000164], [89.129204, 26.292446000000155], [89.13185882500005, 26.291681289]]], [[[89.025597, 26.29582], [89.023613, 26.292381], [89.0215, 26.29281], [89.023735, 26.301273], [89.025597, 26.29582]]], [[[89.11383093500001, 26.300924011000067], [89.11509699800007, 26.302501694000114], [89.11380004900013, 26.299034119000165], [89.11383093500001, 26.300924011000067]]], [[[88.937561, 26.312986], [88.951942, 26.316385], [88.960838, 26.2950530010001], [88.98390715600016, 26.292931526000192], [88.95446014500004, 26.274721147000037], [88.92797088600008, 26.291883469000027], [88.9213260520001, 26.335525519000043], [88.93840010200006, 26.335023847000055], [88.937561, 26.312986]]], [[[89.10903197700014, 26.306582943000024], [89.1105575570001, 26.304613113000073], [89.10903930600017, 26.304567338000144], [89.10903197700014, 26.306582943000024]]], [[[89.12859303100004, 26.321849567000186], [89.12959289600008, 26.320583344000116], [89.12661835000017, 26.32070514300017], [89.12859303100004, 26.321849567000186]]], [[[88.962484, 26.345388], [88.95916748100018, 26.336128235000164], [88.95868609700011, 26.344765937000037], [88.962484, 26.345388]]], [[[88.9382480000001, 26.35483], [88.9422, 26.352018000000104], [88.937981, 26.35135300000013], [88.9382480000001, 26.35483]]], [[[89.07231904399998, 26.40180547500006], [89.07509613000008, 26.405576706000097], [89.07595794400015, 26.401212775000086], [89.07231904399998, 26.40180547500006]]], [[[89.05584709200009, 26.401727837000067], [89.05416107200006, 26.40753173800005], [89.05925750800003, 26.40425491400015], [89.05584709200009, 26.401727837000067]]], [[[89.00425700100004, 26.42137699900013], [89.00576900000016, 26.420895], [89.005501, 26.419439], [89.00425700100004, 26.42137699900013]]], [[[89.8406139990002, 25.942002000000112], [89.84042404500013, 25.942195953000066], [89.84045377800004, 25.942199918000142], [89.8406139990002, 25.942002000000112]]], [[[89.347733, 26.01514100000014], [89.34911300000016, 26.015003], [89.34732200100007, 26.014996], [89.347733, 26.01514100000014]]], [[[89.55940246500012, 26.049997329000178], [89.55162000000018, 26.062759], [89.55517556500013, 26.065598900000055], [89.56954200000018, 26.06158300000015], [89.55940246500012, 26.049997329000178]]], [[[89.502663, 26.060003000000165], [89.514412, 26.06557800000013], [89.511688, 26.05766300000016], [89.502663, 26.060003000000165]]], [[[89.603035, 26.111731000000194], [89.60291291300001, 26.110405074000088], [89.60274698600006, 26.110546772000077], [89.603035, 26.111731000000194]]], [[[89.240091264, 26.111511569000072], [89.2398452760001, 26.111619949000158], [89.24037075800004, 26.111731736000085], [89.240091264, 26.111511569000072]]], [[[89.6060030050001, 26.121730933000094], [89.60879492300018, 26.120667866000137], [89.60678755100014, 26.118195592000063], [89.6060030050001, 26.121730933000094]]], [[[89.60419500000017, 26.125834], [89.604078, 26.12580800000018], [89.604065, 26.1259060000001], [89.60419500000017, 26.125834]]], [[[89.70278900000011, 26.181767000000153], [89.70253762300018, 26.177120586000115], [89.70061494700009, 26.183464046000093], [89.70278900000011, 26.181767000000153]]], [[[89.584999, 26.188093], [89.58706700000016, 26.189404], [89.587456, 26.186380000000103], [89.584999, 26.188093]]], [[[89.609123, 26.191046], [89.615723, 26.189598000000107], [89.613739, 26.196898000000147], [89.61871300000018, 26.18615700000015], [89.609123, 26.191046]]], [[[89.635086, 26.190464000000137], [89.63412500000015, 26.194614000000172], [89.63596300000017, 26.193762], [89.635086, 26.190464000000137]]], [[[89.1775970400002, 26.24466311300012], [89.18723292700014, 26.24319828700004], [89.18026700000013, 26.239300001000117], [89.1775970400002, 26.24466311300012]]], [[[89.15047454800015, 26.24972343500014], [89.15317535400017, 26.266004563000024], [89.171310005, 26.263701995000137], [89.17073814300016, 26.240084246000034], [89.14259334800016, 26.241794970000054], [89.13580314600017, 26.271238067000187], [89.15047454800015, 26.24972343500014]]], [[[89.13106536800007, 26.29684257600013], [89.13450601700009, 26.29796396100011], [89.13479614300007, 26.295673371000074], [89.13106536800007, 26.29684257600013]]]]}}, {"type": "Feature", "properties": {"division": "Sylhet"}, "geometry": {"type": "MultiPolygon", "coordinates": [[[[91.30352793700007, 23.996730993000085], [91.303467, 23.997053000000165], [91.3036420000002, 23.997009001000148], [91.30352793700007, 23.996730993000085]]], [[[91.57284500100013, 24.074898001000065], [91.57254825800015, 24.074937965], [91.57288357600004, 24.075078822000023], [91.57284500100013, 24.074898001000065]]], [[[91.877914, 24.15038300100008], [91.87777699900016, 24.150354001000157], [91.877884, 24.150581], [91.877914, 24.15038300100008]]], [[[91.59445190300016, 24.09665298400006], [91.58841705300017, 24.077230454000073], [91.54521179100011, 24.074344636000035], [91.47310638400006, 24.101907730000164], [91.37802124100006, 24.10950088600009], [91.39653778100018, 24.04975318900006], [91.37325293500004, 24.0028038960001], [91.37823486400004, 23.976957320999986], [91.29690551800002, 24.006093978000024], [91.31160736200019, 24.03983688400018], [91.28406524600007, 24.06079101600005], [91.29313659600012, 24.09353637800007], [91.26747131400003, 24.094226838], [91.270836, 24.112543], [91.29247284000007, 24.117498398000127], [91.26171112100013, 24.1463527680001], [91.27721405000005, 24.181518556000068], [91.31283569400006, 24.18280220100013], [91.3126602160001, 24.203491211000085], [91.27725219700005, 24.203231811000137], [91.32401275600006, 24.2295417790001], [91.32883453400007, 24.249628068000163], [91.30198669400016, 24.266504288000135], [91.28599548400007, 24.223369599000137], [91.26695251400008, 24.223268510000022], [91.17744445800014, 24.256874085000103], [91.19642639200003, 24.290700912000034], [91.15865325900012, 24.282611848000045], [91.16991424500014, 24.314773560000162], [91.2349624630001, 24.316036224000186], [91.21273803700012, 24.36159133900009], [91.25579071099997, 24.37934303300017], [91.2375183100001, 24.406785965000097], [91.21381378200005, 24.402744293000183], [91.21710205100004, 24.432476043000122], [91.24211883600003, 24.427251816000137], [91.22660064600018, 24.482189178000173], [91.19031524600013, 24.465723038000192], [91.19313049300013, 24.481262207000103], [91.15114593500016, 24.48257637100011], [91.21085357600003, 24.52085495000017], [91.24932485748313, 24.57420816151243], [91.23396301300016, 24.568962097], [91.19788360500013, 24.58653831500016], [91.2003479010001, 24.608778], [91.17826080300011, 24.63029289300005], [91.19452667300015, 24.625963212000162], [91.20968627900004, 24.652315140000045], [91.22605133000002, 24.650568008000104], [91.22381591800018, 24.675214768000103], [91.23858642500005, 24.67503547700011], [91.24094390800019, 24.69155883899998], [91.2197189330002, 24.702386856000032], [91.22527313100005, 24.72751236100015], [91.20684051500012, 24.708984375000114], [91.1413269050002, 24.72420883100017], [91.15933990400015, 24.748106002999975], [91.13522338900005, 24.757196427000054], [91.17121124300019, 24.779956818000187], [91.1604995730001, 24.79193115200013], [91.17068481400003, 24.826961518000076], [91.15295410200008, 24.83745956500013], [91.142730713, 24.82562446600008], [91.15280151300016, 24.80932808000017], [91.13038635200013, 24.79285621800011], [91.11248779400017, 24.817060470000115], [91.1304016110001, 24.84059524500003], [91.11380767800011, 24.847541810000052], [91.09844207800012, 24.889587403], [91.04447174100005, 24.90813827500017], [91.0176162730001, 24.885246277000192], [91.01560211100002, 24.89855194100011], [90.99805450400004, 24.89213562000009], [90.99286651600016, 24.914100647], [90.95329284600018, 24.919157029000075], [90.94914245700005, 24.93967628500013], [90.97317504800014, 24.958423614000143], [90.94365692200012, 24.975925446000133], [90.93405151500019, 25.019939424000146], [90.96502685600007, 25.03569984500007], [90.9328613290001, 25.04486083900008], [90.92778015100015, 25.077987671000077], [90.97466278000013, 25.0742797850001], [90.9474258420002, 25.113832474], [90.96485138000014, 25.171878816000063], [91.06957244800009, 25.1985206600001], [91.27098083500005, 25.20397758500019], [91.28647613400005, 25.18547630300003], [91.337120057, 25.17365074200012], [91.41456603900008, 25.171241761000033], [91.44049072300015, 25.149753572000122], [91.46865844600006, 25.149976730000105], [91.47055053700007, 25.1337490090001], [91.55885315000017, 25.149290085000022], [91.5919723520001, 25.174430848000153], [91.61511993400006, 25.174856186], [91.6005783080002, 25.14593505800019], [91.63657379200004, 25.122827530000166], [91.71276855500003, 25.146965026000146], [91.72290167457751, 25.10975894488308], [91.72790527400002, 25.129117965000034], [91.7036361690001, 25.16008567800003], [91.74757385300018, 25.140272140000036], [91.75515747100008, 25.17749214200017], [91.77446746800007, 25.163280488000055], [91.82716369600007, 25.177949906000038], [91.98050689600012, 25.171789169000192], [92.00341796900017, 25.18624114900013], [92.07376098600002, 25.185058594000054], [92.13283538900015, 25.160270692000044], [92.13576507600015, 25.138854981000122], [92.16566467200016, 25.13602066100009], [92.15949249300007, 25.12671089200012], [92.21839141800007, 25.117967605000107], [92.19609069800015, 25.108165741], [92.22773742600009, 25.093698502000166], [92.31054687400018, 25.069168091000105], [92.33446502700008, 25.078613281000173], [92.34848022400018, 25.073637010000084], [92.34140777500006, 25.048664093000188], [92.42521667500006, 25.02965927200006], [92.41943359400017, 24.967567445000043], [92.46777343700012, 24.963510514000177], [92.44956970300012, 24.938726426000184], [92.48764038000013, 24.94667434800016], [92.49011230500014, 24.873390199000145], [92.4451751700002, 24.87309646600005], [92.42605590900018, 24.854137422000065], [92.38695518100008, 24.852731938000144], [92.37541961600016, 24.874485016000055], [92.34661102400003, 24.8936424260001], [92.33966064500004, 24.878343580999967], [92.30065155000017, 24.915670395000063], [92.23474884000007, 24.903945923000038], [92.24803161700015, 24.885007858999984], [92.23484802200011, 24.861505509000157], [92.25487518300008, 24.838577270000147], [92.24941526396645, 24.836306461630407], [92.27298736600005, 24.827569962000158], [92.28883361900012, 24.784631730000115], [92.27896118100006, 24.745723724000126], [92.29588317900004, 24.73663330100004], [92.25434112500011, 24.678180694000048], [92.22360229500015, 24.51742935200008], [92.21253204300007, 24.503768921000187], [92.17340088000003, 24.534021377000045], [92.15486145100004, 24.523118973000184], [92.16622161800007, 24.42207336400014], [92.13669586200007, 24.425098420000154], [92.12200927700002, 24.385997773000103], [92.08904266400003, 24.373420716000172], [91.99649810800003, 24.393875122000054], [91.985687, 24.377005000000107], [91.97035217300004, 24.384656907000192], [91.99585700000013, 24.322180004000128], [91.9566650390002, 24.356817245000116], [91.91992187500013, 24.33752059900013], [91.94074200000011, 24.268238], [91.90216076000019, 24.13710205100006], [91.84480300000013, 24.18993], [91.85687300000012, 24.21429400000017], [91.84747284000002, 24.228271038], [91.81629943900009, 24.21008300700015], [91.7456049990002, 24.242619], [91.75775899900003, 24.141367001000162], [91.6921081540001, 24.15980148300008], [91.6653440770001, 24.23365592800008], [91.64715593200003, 24.21532239700008], [91.6570740000002, 24.178324], [91.644800760884, 24.174895785536265], [91.64518700400004, 24.173996013000195], [91.63776397800012, 24.10532569800017], [91.59445190300016, 24.09665298400006]], [[91.29470901363415, 24.602301576216554], [91.27174377400003, 24.605173111000113], [91.27168965376175, 24.6049731304725], [91.29368591200011, 24.59716415500003], [91.29470901363415, 24.602301576216554]], [[91.30536651700017, 24.65476226900012], [91.3053175817092, 24.654466785872554], [91.30561361140668, 24.654551672366924], [91.30536651700017, 24.65476226900012]], [[91.35060454538187, 24.667629919082046], [91.34997095656318, 24.667271137887], [91.35060119600018, 24.667451859000042], [91.35060454538187, 24.667629919082046]], [[91.34899902400014, 24.688268661999988], [91.35067889263512, 24.6715823733734], [91.35100132635124, 24.6887236189389], [91.34899902400014, 24.688268661999988]], [[91.4287948610002, 24.682233811000117], [91.40018400989494, 24.670789091673562], [91.40029144300007, 24.670658112000073], [91.4287948610002, 24.682233811000117]], [[91.56835937500006, 24.664434433000164], [91.57641601600011, 24.6453266150001], [91.57678985600012, 24.658205033000055], [91.56835937500006, 24.664434433000164]], [[91.65702619136786, 24.679528754655948], [91.64445839888717, 24.69792320454133], [91.64386749400012, 24.69782829300004], [91.64913940400004, 24.67506218000011], [91.6272279971555, 24.656296168924577], [91.62728118900009, 24.656219483000086], [91.65702619136786, 24.679528754655948]], [[91.65759277400008, 24.678699494000174], [91.65703455697835, 24.67951651059615], [91.6315765380001, 24.63061141999998], [91.65759277400008, 24.678699494000174]], [[91.66091919000019, 24.62590599000003], [91.66121558381646, 24.60738350706661], [91.66152954100016, 24.627712249000183], [91.67504119900008, 24.631196975000023], [91.6315765380001, 24.63061141999998], [91.66091919000019, 24.62590599000003]], [[91.75978172061826, 24.612807747347073], [91.73853873218498, 24.599244957207112], [91.74850463900009, 24.598123550000082], [91.75978172061826, 24.612807747347073]], [[91.82819366400003, 24.653589249000053], [91.78363800100004, 24.643299102000128], [91.78358077291247, 24.642916745995716], [91.8282342540146, 24.65356931179734], [91.82819366400003, 24.653589249000053]], [[92.19594573900014, 24.80291938700003], [92.1938705440001, 24.76838302600004], [92.1995538035597, 24.804181457709888], [92.19594573900014, 24.80291938700003]], [[92.24338877338913, 24.819514562363615], [92.24166238105947, 24.818910684811815], [92.24335479800015, 24.81941604700006], [92.24338877338913, 24.819514562363615]], [[92.23734283400013, 24.831285476000065], [92.243458539087, 24.81971685565], [92.24914044439838, 24.836192162760494], [92.23734283400013, 24.831285476000065]], [[91.6147832660352, 24.25861295021311], [91.61280822800012, 24.249423981000064], [91.61522592061289, 24.243791845893107], [91.6147832660352, 24.25861295021311]], [[91.63019076659792, 24.330297163785918], [91.62462990311556, 24.304424951489338], [91.63222503600014, 24.317611696000142], [91.63019076659792, 24.330297163785918]], [[91.60314249842126, 24.364933357098927], [91.60321044900007, 24.36264991900009], [91.62479400700016, 24.363950730000166], [91.60314249842126, 24.364933357098927]], [[91.60167994879004, 24.415468494961228], [91.6016387950001, 24.415464401000175], [91.60177551868483, 24.410869884276757], [91.60167994879004, 24.415468494961228]], [[91.62073516800012, 24.417648316000115], [91.61150240198688, 24.482531921709338], [91.60740661500017, 24.441755295000124], [91.62055083625138, 24.41762863205369], [91.62073516800012, 24.417648316000115]], [[91.63543701100002, 24.519779206000123], [91.61344146800008, 24.50183677600006], [91.61275267549107, 24.494979330749402], [91.63543701100002, 24.519779206000123]], [[91.6538808191269, 24.546969667657674], [91.65427970241677, 24.546302527322], [91.6544570920002, 24.546323776000175], [91.6538808191269, 24.546969667657674]], [[91.61345560486903, 24.59227860002546], [91.60831451500019, 24.585910798], [91.61848810378758, 24.58663813138906], [91.61345560486903, 24.59227860002546]], [[91.62777349886176, 24.593408883852234], [91.62120819200004, 24.601881027000047], [91.61476810090528, 24.593904269899213], [91.62777349886176, 24.593408883852234]], [[91.6609852271839, 24.592467904624556], [91.65911559283558, 24.592215038335965], [91.66098022500017, 24.592144013000166], [91.6609852271839, 24.592467904624556]], [[91.66970620444886, 24.72002134018356], [91.65961456400004, 24.723798752000107], [91.66046853779149, 24.712222441961845], [91.66970620444886, 24.72002134018356]], [[91.65956878700007, 24.742546083000036], [91.67101148185151, 24.721123320368818], [91.6741714490002, 24.72379112199997], [91.65956878700007, 24.742546083000036]], [[91.63665003807473, 24.780765441573642], [91.6361389160001, 24.780351639000116], [91.67745208700006, 24.75818061800004], [91.63665003807473, 24.780765441573642]], [[91.67536926200012, 24.787208558000145], [91.65239715600012, 24.793514251000094], [91.63704362419654, 24.78108408746704], [91.67536926200012, 24.787208558000145]]]]}}]}